Causa,Fecha_Evento,Fenomeno,idEvento,idFenomeno_1,idFenomeno,idLocalidad,idMunicipio,idRegion,Latitud,Longitud,Nombre,Region,Municipio,Localidad
PRECIPITACION,DICIEMBRE 15. 2013,HIDROMETEOROLOGICOS,36.652,1,1,20.127,123,14,17.17,-92.33,PROTOCOLOS DE ATENCION DE EMERGENCIAS POR FF-19,TULIJA TSELTAL-CHOL,YAJALON,CABECERA MUNICIPAL
PRECIPITACION,DICIEMBRE 16. 2013,HIDROMETEOROLOGICOS,36.694,1,1,20.096,92,14,17.56,-92.34,ENCHARCAMIENTO EN CABECERA MUNICIPAL,TULIJA TSELTAL-CHOL,SALTO DE AGUA,CABECERA MUNICIPAL
PRECIPITACION,DICIEMBRE 16. 2013,HIDROMETEOROLOGICOS,36.701,1,1,3.395,77,8,17.41,-93.33,AFECTACIONES POR LLUVIAS,NORTE,OSTUACAN,LA PENA 2DA. SECCION
VERIFICACIONES,DICIEMBRE 21. 2013,ACCIONES DE PREVENCION,36.863,52,8,3.047,60,8,17.5,-93.01,TRABAJOS DE REDUCCION DE RIESGOS DE INUNDACION,NORTE,IXTAPANGAJOYA,NUEVO POBLADO LLANOS MORELOS
BAJA PRESION,DICIEMBRE 22. 2013,HIDROMETEOROLOGICOS,36.892,2,1,20.067,63,8,17.61,-93.2,SESION EXTRAORDINARIA DEL CONSEJO MUNICIPAL DE P.C. POR EL FRENTE FRIO NUM. 20,NORTE,JUAREZ,CABECERA MUNICIPAL
ENCHARCAMIENTO,DICIEMBRE 23. 2013,HIDROMETEOROLOGICOS,36.935,69,1,20.087,83,8,17.51,-93.12,AFECTACIONES POR LLUVIA FRENTE FRIO NUM. 20,NORTE,PICHUCALCO,CABECERA MUNICIPAL
AFECTACIONES POR LLUVIAS,DICIEMBRE 23. 2013,HIDROMETEOROLOGICOS,36.947,80,1,1.26,63,8,17.61,-93.19,AFECTACIONES POR LLUVIAS FRENTE FRIO NUM 20,NORTE,JUAREZ,LAS MIRANDAS
PRECIPITACION,DICIEMBRE 23. 2013,HIDROMETEOROLOGICOS,36.96,1,1,20.093,89,8,17.86,-93.16,FRENTE FRIO N 20,NORTE,REFORMA,CABECERA MUNICIPAL
PRECIPITACION,ENERO 2. 2014,HIDROMETEOROLOGICOS,37.298,1,1,20.087,83,8,17.51,-93.12,MONITORE RIO PICHUCALCO FF23,NORTE,PICHUCALCO,CABECERA MUNICIPAL
PRECIPITACION,ENERO 3. 2014,HIDROMETEOROLOGICOS,37.304,1,1,2.46,63,8,17.61,-93.2,RECORRIDO EN COMUNIDADES PARA VERIFICAR DANOS POR LLUVIAS.,NORTE,JUAREZ,SANTA CRUZ TEPATE ABAJO
VERIFICACIONES,ENERO 9. 2014,ACCIONES DE PREVENCION,37.529,52,8,3.047,60,8,17.51,-93.01,CONSTRUCCION DE CAMELLON CON COSTALERIA DE ARENA,NORTE,IXTAPANGAJOYA,NUEVO POBLADO LLANOS MORELOS
PRECIPITACION,ENERO 6. 2014,HIDROMETEOROLOGICOS,37.535,1,1,20.052,48,3,17.32,-93.24,AFECTACION EN VIVIENDAS,MEZCALAPA,FRANCISCO LEON,CABECERA MUNICIPAL
VERIFICACIONES,ENERO 21. 2014,ACCIONES DE PREVENCION,37.938,52,8,20.087,83,8,17.51,-93.12,IDENTIFICACION DE RIESGOS POR ASOLVAMIENTO DEL RIO PICHUCALCO,NORTE,PICHUCALCO,CABECERA MUNICIPAL
VERIFICACIONES,FEBRERO 5. 2014,ACCIONES DE PREVENCION,38.538,52,8,20.07,66,9,15.46,-92.89,VERIFICACION DE VIVIENDAS QUE SOLICITAN AGUA POTABLE,ISTMO-COSTA,MAPASTEPEC,CABECERA MUNICIPAL
PRECIPITACION,FEBRERO 10. 2014,HIDROMETEOROLOGICOS,38.763,1,1,20.071,67,15,16.31,-91.99,MONITOREO POR FUERTE LLUVIA,MESETA COMITECA TOJOLABAL,LAS MARGARITAS,CABECERA MUNICIPAL
VERIFICACIONES,FEBRERO 19. 2014,ACCIONES DE PREVENCION,39.115,52,8,1.106,69,10,14.85,-92.42,VERIFICACION FISICA DE LOS DRENES BUENA VISTA Y LA COMPUERTA.,SOCONUSCO,MAZATAN,CUATRO CAMINOS
BAJA PRESION,ABRIL 3. 2014,HIDROMETEOROLOGICOS,41.383,2,1,20.117,113,15,16.11,-92.05,ARBOL DERRIBADO,MESETA COMITECA TOJOLABAL,LA TRINITARIA,CABECERA MUNICIPAL
PRECIPITACION,ABRIL 5. 2014,HIDROMETEOROLOGICOS,41.482,1,1,19.972,74,12,16.91,-92.09,ENCHARCAMIENTO EN VIVIENDA.,SELVA LACANDONA,OCOSINGO,SAN JOSE
PRECIPITACION,ABRIL 7. 2014,HIDROMETEOROLOGICOS,41.6,1,1,20.087,83,8,17.52,-93.12,ENCHARCAMIENTO DE VIALIDADES FF49,NORTE,PICHUCALCO,CABECERA MUNICIPAL
FRENTE FRIO,ABRIL 7. 2014,HIDROMETEOROLOGICOS,41.608,61,1,246,110,14,17.25,-92.48,LLUVIAS FUERTE EN EL MUNICIPIO DE TILA,TULIJA TSELTAL-CHOL,TILA,TILA
VERIFICACIONES,ABRIL 21. 2014,ACCIONES DE PREVENCION,42.495,52,8,166,42,1,16.71,-93.01,PATIO INUNDADO EN FRACC. SANTA FE,METROPOLITANA,CHIAPA DE CORZO,CHIAPA DE CORZO
VERIFICACIONES,ABRIL 23. 2014,ACCIONES DE PREVENCION,42.607,52,8,1.26,63,8,17.61,-93.2,TRABAJOS DE REDUCCION DE RIESGOS PARA PREVENIR INUNDACIONES,NORTE,JUAREZ,LAS MIRANDAS
FRENTE FRIO,ABRIL 27. 2014,HIDROMETEOROLOGICOS,42.78,61,1,197,113,15,16.13,-92.05,ENCHARCAMIENTO (CAPACITACION),MESETA COMITECA TOJOLABAL,LA TRINITARIA,LA TRINITARIA
VERIFICACIONES,ABRIL 28. 2014,ACCIONES DE PREVENCION,42.849,52,8,642,83,8,17.61,-93.38,IDENTIFICACION DE RIESGOS POR ESTRUCTURA DE PUENTE TUBULAR,NORTE,PICHUCALCO,PLUTARCO ELIAS CALLES
PRECIPITACION,ABRIL 30. 2014,HIDROMETEOROLOGICOS,42.945,1,1,480,99,8,17.43,-93.03,AFECTACION DE VIVIENDAS,NORTE,SOLOSUCHIAPA,CERRO LAS CAMPANAS
AFECTACIONES POR LLUVIAS,ABRIL 29. 2014,HIDROMETEOROLOGICOS,42.976,80,1,20.053,49,11,15.66,-92.14,ENCHARCAMIENTO DE VIVIENDA,SIERRA MARISCAL,FRONTERA COMALAPA,CABECERA MUNICIPAL
PRECIPITACION,MAYO 1. 2014,HIDROMETEOROLOGICOS,43.02,1,1,20.071,67,15,16.31,-91.98,ENCHARCAMIENTOS EN VIVIENDAS POR FUERTE LLUVIA,MESETA COMITECA TOJOLABAL,LAS MARGARITAS,CABECERA MUNICIPAL
VERIFICACIONES,MAYO 6. 2014,ACCIONES DE PREVENCION,43.178,52,8,20.053,49,11,15.65,-92.14,DESAZOLVE DEL RIO JAMAIPAK,SIERRA MARISCAL,FRONTERA COMALAPA,CABECERA MUNICIPAL
VERIFICACIONES,MAYO 6. 2014,ACCIONES DE PREVENCION,43.275,52,8,3.295,64,5,16.88,-92.71,ALCANTARILLA OBSTRUIDO,ALTOS TSOTSIL-TSELTAL,LARRAINZAR,YOLTE
PRECIPITACION,MAYO 11. 2014,HIDROMETEOROLOGICOS,43.383,1,1,4.144,56,15,16.2,-91.86,ENCHARCAMIENTO EL TRIUNFO,MESETA COMITECA TOJOLABAL,LA INDEPENDENCIA,EL TRIUNFO
ENCHARCAMIENTO,MAYO 19. 2014,HIDROMETEOROLOGICOS,43.806,69,1,227,93,5,16.71,-92.62,ENCHARCAMIENTO EN COBACH PLANTEL 11,ALTOS TSOTSIL-TSELTAL,SAN CRISTOBAL DE LAS CASAS,SAN CRISTOBAL DE LAS CASAS
PRECIPITACION,MAYO 19. 2014,HIDROMETEOROLOGICOS,43.848,1,1,3.047,60,8,17.5,-93,VIVIENDAS INUNDADAS,NORTE,IXTAPANGAJOYA,NUEVO POBLADO LLANOS MORELOS
PRECIPITACION,MAYO 20. 2014,HIDROMETEOROLOGICOS,43.849,1,1,1.323,83,8,17.52,-93.12,ENCHARCAMIENTO DE TRAMOS CARRETEROS Y VIVIENDAS POR DESBORDAMIENTO DEL RIO PLATANAR,NORTE,PICHUCALCO,PLATANAR ABAJO 1RA. SECCION (LA CRIMEA)
PRECIPITACION,MAYO 20. 2014,HIDROMETEOROLOGICOS,43.852,1,1,3.356,77,8,17.41,-93.34,AFECTACIONES A CULTIVOS DE MAIZ POR DESBORDAMIENTO DEL ARROYO COPANO,NORTE,OSTUACAN,LA PENA 1RA. SECCION
ENCHARCAMIENTO,MAYO 20. 2014,HIDROMETEOROLOGICOS,43.873,69,1,227,93,5,16.73,-92.63,ENCHARCAMIENTO EN SAN CRISTOBAL,ALTOS TSOTSIL-TSELTAL,SAN CRISTOBAL DE LAS CASAS,SAN CRISTOBAL DE LAS CASAS
PRECIPITACION,MAYO 21. 2014,HIDROMETEOROLOGICOS,43.927,1,1,251,115,1,16.75,-93.11,LLUVIAS EN TUXTLA GUTIERREZ.,METROPOLITANA,TUXTLA GUTIERREZ,TUXTLA GUTIERREZ
VERIFICACIONES,MAYO 21. 2014,ACCIONES DE PREVENCION,43.931,52,8,5.226,55,10,15.05,-92.57,OBRAS DE MITIGACION DE RIESGOS EN COORDINACION CON COMITES DE PREVENCION,SOCONUSCO,HUIXTLA,TZINACAL BUENOS AIRES
TORMENTA TROPICAL,MAYO 22. 2014,HIDROMETEOROLOGICOS,43.961,5,1,20.119,115,1,16.73,-93.17,ALERTA POR TORMENTA TROPICAL AMANDA.,METROPOLITANA,TUXTLA GUTIERREZ,CABECERA MUNICIPAL
PRECIPITACION,MAYO 23. 2014,HIDROMETEOROLOGICOS,44.012,1,1,20.119,115,1,16.75,-93.11,REPORTES DE LLUVIAS EN TGZ,METROPOLITANA,TUXTLA GUTIERREZ,CABECERA MUNICIPAL
RESCATE,MAYO 23. 2014,ACCIDENTES O INCIDENTES,44.028,70,6,20.119,115,1,16.76,-93.14,PERSONAS ATRAPADAS,METROPOLITANA,TUXTLA GUTIERREZ,CABECERA MUNICIPAL
ENCHARCAMIENTO,MAYO 24. 2014,HIDROMETEOROLOGICOS,44.082,69,1,227,93,5,16.75,-92.65,ENCHARCAMIENTO EN SAN CRISTOBAL,ALTOS TSOTSIL-TSELTAL,SAN CRISTOBAL DE LAS CASAS,SAN CRISTOBAL DE LAS CASAS
PRECIPITACION,MAYO 27. 2014,HIDROMETEOROLOGICOS,44.193,1,1,20.119,115,1,16.76,-93.07,INUNDACION DE DOMICILIO,METROPOLITANA,TUXTLA GUTIERREZ,CABECERA MUNICIPAL
PRECIPITACION,MAYO 26. 2014,HIDROMETEOROLOGICOS,44.203,1,1,20.119,115,1,16.74,-93.11,LLUVIAS MUY FUERTES EN TUXTLA GUTIERREZ.,METROPOLITANA,TUXTLA GUTIERREZ,CABECERA MUNICIPAL
ONDA TROPICAL,MAYO 28. 2014,HIDROMETEOROLOGICOS,44.277,3,1,251,115,1,16.75,-93.11,TORMENTA TROPICAL,METROPOLITANA,TUXTLA GUTIERREZ,TUXTLA GUTIERREZ
PRECIPITACION,MAYO 29. 2014,HIDROMETEOROLOGICOS,44.288,1,1,20.119,115,1,16.73,-93.17,LECTURA DEL PROCEDA,METROPOLITANA,TUXTLA GUTIERREZ,CABECERA MUNICIPAL
VERIFICACIONES,MAYO 29. 2014,ACCIONES DE PREVENCION,44.327,52,8,7.842,104,10,14.91,-92.33,VERIFICACION DE ENCHARCAMIENTO,SOCONUSCO,TAPACHULA,VIVA MEXICO
PRECIPITACION,MAYO 29. 2014,HIDROMETEOROLOGICOS,44.333,1,1,20.032,28,7,16.99,-92.89,ENCHARCAMIENTO DE VIVIENDAS,DE LOS BOSQUES,BOCHIL,CABECERA MUNICIPAL
BAJA PRESION,JUNIO 1. 2014,HIDROMETEOROLOGICOS,44.438,2,1,3.961,67,15,16.36,-91.85,VERIFICACION DE VIVIENDAS AFECTADAS.,MESETA COMITECA TOJOLABAL,LAS MARGARITAS,NUEVO HUIXTAN
VERIFICACIONES,JUNIO 1. 2014,ACCIONES DE PREVENCION,44.443,52,8,9.272,104,10,14.64,-92.3,VERIFICACION DE RIOS.,SOCONUSCO,TAPACHULA,LA CIGUENA
BAJA PRESION,JUNIO 1. 2014,HIDROMETEOROLOGICOS,44.445,2,1,20.106,102,10,14.68,-92.15,SEGUNDA SESION EXTRAORDINARIA DEL CONSEJO MUNICIPAL DE PROTECCION CIVIL. DERIVADO DE LA TEMPORADA DE LLUVIAS Y CICLONES TROPICALES 2014,SOCONUSCO,SUCHIATE,CABECERA MUNICIPAL
TORMENTA TROPICAL,MAYO 25. 2014,HIDROMETEOROLOGICOS,44.464,5,1,20.073,69,10,14.86,-92.45,PRIMERA SESION EXTRAORDINARIA DEL CONSEJO MUNICIPAL DE PROTECCION CIVIL. VILLA MAZATAN.,SOCONUSCO,MAZATAN,CABECERA MUNICIPAL
DEPRESION TROPICAL,JUNIO 1. 2014,HIDROMETEOROLOGICOS,44.466,4,1,20.073,69,10,14.86,-92.45,SEGUNDA SESION DEL CONSEJO MUNICIPAL DE PC DE VILLA MAZATAN POR DEPRESION TROPICAL,SOCONUSCO,MAZATAN,CABECERA MUNICIPAL
DEPRESION TROPICAL,JUNIO 2. 2014,HIDROMETEOROLOGICOS,44.481,4,1,20.027,23,6,15.87,-92.72,LLUVIAS DEPRESION TROPICAL 2-E TORMENTA TROPICAL BORIS,FRAILESCA,ANGEL ALBINO CORZO,CABECERA MUNICIPAL
VERIFICACIONES,JUNIO 2. 2014,ACCIONES DE PREVENCION,44.485,52,8,20.119,115,1,16.77,-93.11,ENCHARCAMIENTO DE DOMICILIO,METROPOLITANA,TUXTLA GUTIERREZ,CABECERA MUNICIPAL
VERIFICACIONES,JUNIO 2. 2014,ACCIONES DE PREVENCION,44.491,52,8,20.119,115,1,16.77,-93.13,ENCHARCAMIENTO EN DOMICILIOS,METROPOLITANA,TUXTLA GUTIERREZ,CABECERA MUNICIPAL
VERIFICACIONES,JUNIO 2. 2014,ACCIONES DE PREVENCION,44.492,52,8,20.119,115,1,16.75,-93.1,ENCHARCAMIENTO DE DOMICILIO,METROPOLITANA,TUXTLA GUTIERREZ,CABECERA MUNICIPAL
VERIFICACIONES,JUNIO 2. 2014,ACCIONES DE PREVENCION,44.503,52,8,20.119,115,1,16.77,-93.15,ENCHARCAMIENTO DE DOMICILIO,METROPOLITANA,TUXTLA GUTIERREZ,CABECERA MUNICIPAL
VERIFICACIONES,JUNIO 2. 2014,ACCIONES DE PREVENCION,44.517,52,8,20.105,101,1,16.62,-93.1,TORMENTA TROPICAL BORIS,METROPOLITANA,SUCHIAPA,CABECERA MUNICIPAL
DEPRESION TROPICAL,JUNIO 2. 2014,HIDROMETEOROLOGICOS,44.518,4,1,227,93,5,16.74,-92.64,REPORTE POR LLUVIAS ZONA Y LA APERTURA DEL REFUGIO TEMPORAL,ALTOS TSOTSIL-TSELTAL,SAN CRISTOBAL DE LAS CASAS,SAN CRISTOBAL DE LAS CASAS
ENCHARCAMIENTO,JUNIO 3. 2014,HIDROMETEOROLOGICOS,44.534,69,1,227,93,5,16.75,-92.65,ENCHARCAMIENTOS EN LA COLONIA EMILIANO ZAPATA,ALTOS TSOTSIL-TSELTAL,SAN CRISTOBAL DE LAS CASAS,SAN CRISTOBAL DE LAS CASAS
VERIFICACIONES,JUNIO 3. 2014,ACCIONES DE PREVENCION,44.545,52,8,11.958,104,10,14.74,-92.41,VERIFICACION A CONUNIDADES.,SOCONUSCO,TAPACHULA,EL ENCANTO
TORMENTA TROPICAL,JUNIO 3. 2014,HIDROMETEOROLOGICOS,44.549,5,1,250,116,10,14.94,-92.17,TORMENTA TROPICAL BORIS,SOCONUSCO,TUXTLA CHICO,TUXTLA CHICO
DEPRESION TROPICAL,JUNIO 3. 2014,HIDROMETEOROLOGICOS,44.558,4,1,20.106,102,10,14.68,-92.15,MONITOREO DE COMUNIDADES AFECTADAS . TRAS EL PASO DE LA DEPRESION TROPICAL 2-E,SOCONUSCO,SUCHIATE,CABECERA MUNICIPAL
TORMENTA TROPICAL,JUNIO 3. 2014,HIDROMETEOROLOGICOS,44.568,5,1,12.123,84,9,15.68,-93.21,TORMENTA TROPICAL BORIS,ISTMO-COSTA,PIJIJIAPAN,LA CONQUISTA
TORMENTA TROPICAL,JUNIO 3. 2014,HIDROMETEOROLOGICOS,44.57,5,1,20.073,69,10,14.86,-92.45,TERCERA SESION EXTRAORDINARIA DEL CONSEJO DE PROTECCION CIVIL DE VILLA MAZATAN POR PASO DE LA TORMENTA TROPICAL BORIS.,SOCONUSCO,MAZATAN,CABECERA MUNICIPAL
DEPRESION TROPICAL,JUNIO 3. 2014,HIDROMETEOROLOGICOS,44.582,4,1,14.367,120,4,16.35,-92.56,AFECTACIONES POR FUERTES LLUVIAS,DE LOS LLANOS,VENUSTIANO CARRANZA,VEGA DEL CHALCHI
PRECIPITACION,JUNIO 9. 2014,HIDROMETEOROLOGICOS,44.583,1,1,4.506,45,11,15.75,-92.4,COMUNIDAD PLAN DE AYALA,SIERRA MARISCAL,CHICOMUSELO,PLAN DE AYALA
VERIFICACIONES,JUNIO 3. 2014,ACCIONES DE PREVENCION,44.604,52,8,20.119,115,1,16.76,-93.14,INUNDACION DE DOMICILIO,METROPOLITANA,TUXTLA GUTIERREZ,CABECERA MUNICIPAL
BAJA PRESION,JUNIO 4. 2014,HIDROMETEOROLOGICOS,44.607,2,1,20.073,69,10,14.86,-92.45,CUARTA SESION DEL CONSEJO MUNICIPAL DE PROTECCION CIVIL DE VILLA MAZATAN,SOCONUSCO,MAZATAN,CABECERA MUNICIPAL
TORMENTA TROPICAL,JUNIO 4. 2014,HIDROMETEOROLOGICOS,44.647,5,1,6.526,111,9,16.01,-93.85,REPORTE DE ACCIONES DE EVALUACION DE DANOS A VIVIENDAS SAN LUQUENO (LA COSTA). TONALA,ISTMO-COSTA,TONALA,SAN LUQUENO
DESLIZAMIENTO,JUNIO 5. 2014,GEOLOGICOS,44.66,22,3,4.177,19,12,16.73,-92.04,DESLIZAMIENTO DE TIERRA EN EL EJIDO VENUSTIANO CARRANZA,SELVA LACANDONA,ALTAMIRANO,VENUSTIANO CARRANZA
DESLIZAMIENTO,JUNIO 5. 2014,GEOLOGICOS,44.663,22,3,10.228,19,12,16.73,-92.03,DESLIZAMIENTO DE TIERRA EN EL EJIDO SAN ANTONIO MONTERREY,SELVA LACANDONA,ALTAMIRANO,SAN ANTONIO MONTERREY
AFECTACIONES POR LLUVIAS,JUNIO 5. 2014,HIDROMETEOROLOGICOS,44.699,80,1,3.096,30,10,15.08,-92.2,RECORRIDOS Y VERIFICACIONES POR DERRUMBES DEBIDO ALAS LLUVIAS,SOCONUSCO,CACAHOATAN,UNION ROJA
PRECIPITACION,JUNIO 5. 2014,HIDROMETEOROLOGICOS,44.7,1,1,20.038,34,15,16.25,-92.12,ENCHARCAMIENTOS EN DIFERENTES PTOS. DE LA CABECERA MUNICIPAL,MESETA COMITECA TOJOLABAL,COMITAN DE DOMINGUEZ,CABECERA MUNICIPAL
PRECIPITACION,JUNIO 6. 2014,HIDROMETEOROLOGICOS,44.721,1,1,20.119,115,1,16.74,-93.17,LLUVIAS EN TGZ.,METROPOLITANA,TUXTLA GUTIERREZ,CABECERA MUNICIPAL
VERIFICACIONES,JUNIO 6. 2014,ACCIONES DE PREVENCION,44.722,52,8,20.119,115,1,16.79,-93.1,INUNDACION DE DOMICILIO,METROPOLITANA,TUXTLA GUTIERREZ,CABECERA MUNICIPAL
PRECIPITACION,JUNIO 6. 2014,HIDROMETEOROLOGICOS,44.737,1,1,20.038,34,15,16.24,-92.12,ENCHARCAMIENTO EN FRACCIONAMIENTO LAS FLORES,MESETA COMITECA TOJOLABAL,COMITAN DE DOMINGUEZ,CABECERA MUNICIPAL
ENCHARCAMIENTO,JUNIO 6. 2014,HIDROMETEOROLOGICOS,44.738,69,1,227,93,5,16.71,-92.61,ENCHARCAMIENTO EN SAN CRISTOBAL,ALTOS TSOTSIL-TSELTAL,SAN CRISTOBAL DE LAS CASAS,SAN CRISTOBAL DE LAS CASAS
PRECIPITACION,JUNIO 7. 2014,HIDROMETEOROLOGICOS,44.755,1,1,157,27,1,16.79,-93.27,ENCHARCAMIENTO DE VIVIENDA POR TAPONAMIENTO DE DRENAJE,METROPOLITANA,BERRIOZABAL,BERRIOZABAL
PRECIPITACION,JUNIO 8. 2014,HIDROMETEOROLOGICOS,44.762,1,1,13.799,27,1,16.8,-93.27,SALIDA DEL ARROYO LA BRUJA BARRIO SAN MIGUEL,METROPOLITANA,BERRIOZABAL,SAN MIGUEL
PRECIPITACION,JUNIO 8. 2014,HIDROMETEOROLOGICOS,44.794,1,1,7.386,27,1,16.79,-93.27,VERIFICACION DE AFECTACIONES POR LLUVIAS.,METROPOLITANA,BERRIOZABAL,UNION HIDALGO
AFECTACIONES POR LLUVIAS,JUNIO 10. 2014,HIDROMETEOROLOGICOS,44.848,80,1,10.621,27,1,16.81,-93.28,VIVIENDA AFECTADA POR LLUVIAS.,METROPOLITANA,BERRIOZABAL,SAN JERONIMO (SOLIDARIDAD)
VERIFICACIONES,JUNIO 9. 2014,ACCIONES DE PREVENCION,44.849,52,8,5.689,98,4,16.24,-92.35,ENCHARCAMIENTO POR MUCHA LLUVIA EN LA COMUNIDAD DE SAN VICENTE,DE LOS LLANOS,SOCOLTENANGO,SAN VICENTE
VERIFICACIONES,JUNIO 10. 2014,ACCIONES DE PREVENCION,44.865,52,8,20.119,115,1,16.74,-93.1,ENCHARCAMIENTO DE DOMICILIO,METROPOLITANA,TUXTLA GUTIERREZ,CABECERA MUNICIPAL
VERIFICACIONES,JUNIO 10. 2014,ACCIONES DE PREVENCION,44.879,52,8,20.119,115,1,16.75,-93.1,INUNDACION DE DOMICILIO,METROPOLITANA,TUXTLA GUTIERREZ,CABECERA MUNICIPAL
VERIFICACIONES,JUNIO 10. 2014,ACCIONES DE PREVENCION,44.884,52,8,20.119,115,1,16.77,-93.12,ENCHARCAMIENTO DE DOMICILIO,METROPOLITANA,TUXTLA GUTIERREZ,CABECERA MUNICIPAL
VERIFICACIONES,JUNIO 10. 2014,ACCIONES DE PREVENCION,44.885,52,8,20.119,115,1,16.74,-93.1,ENCHARCAMIENTO DE DOMICILIO,METROPOLITANA,TUXTLA GUTIERREZ,CABECERA MUNICIPAL
VERIFICACIONES,JUNIO 11. 2014,ACCIONES DE PREVENCION,44.888,52,8,20.119,115,1,16.74,-93.12,ENCHARCAMIENTO DE DOMICILIO,METROPOLITANA,TUXTLA GUTIERREZ,CABECERA MUNICIPAL
VERIFICACIONES,JUNIO 11. 2014,ACCIONES DE PREVENCION,44.889,52,8,20.119,115,1,16.74,-93.17,ENCHARCAMIENTO DE DOMICILIO,METROPOLITANA,TUXTLA GUTIERREZ,CABECERA MUNICIPAL
VERIFICACIONES,JUNIO 11. 2014,ACCIONES DE PREVENCION,44.89,52,8,20.119,115,1,16.74,-93.18,ENCHARCAMIENTO DE DOMICILIO,METROPOLITANA,TUXTLA GUTIERREZ,CABECERA MUNICIPAL
VERIFICACIONES,JUNIO 11. 2014,ACCIONES DE PREVENCION,44.891,52,8,20.119,115,1,16.75,-93.17,ENCHARCAMIENTO DE DOMICILIO,METROPOLITANA,TUXTLA GUTIERREZ,CABECERA MUNICIPAL
ENCHARCAMIENTO,JUNIO 19. 2014,HIDROMETEOROLOGICOS,45.157,69,1,20.09,86,10,15.23,-92.56,VIVIENDAS ENCHARCADAS EN EL MUNICIPIO DE VILLA DE COMATITLAN,SOCONUSCO,VILLA COMALTITLAN,CABECERA MUNICIPAL
PRECIPITACION,JUNIO 19. 2014,HIDROMETEOROLOGICOS,45.161,1,1,20.025,21,11,15.43,-92.11,AFECTACIONES A VIVIENDAS,SIERRA MARISCAL,AMATENANGO DE LA FRONTERA,CABECERA MUNICIPAL
VERIFICACIONES,JUNIO 19. 2014,ACCIONES DE PREVENCION,45.174,52,8,952,89,8,17.98,-93.28,TRABAJOS DE IDENTIFICACION DE RIESGO MACAYO 1ERA.,NORTE,REFORMA,MACAYO 1RA. SECCION (LAS MERCEDES)
AFECTACIONES POR LLUVIAS,JUNIO 19. 2014,HIDROMETEOROLOGICOS,45.199,80,1,171,32,2,16.57,-93.82,VERIFICACIONES,VALLES ZOQUE,CINTALAPA,CINTALAPA DE FIGUEROA
ENCHARCAMIENTO,JUNIO 19. 2014,HIDROMETEOROLOGICOS,45.2,69,1,227,93,5,16.71,-92.61,ENCHARCAMIENTO EN COLONIA EL CAMPANARIO,ALTOS TSOTSIL-TSELTAL,SAN CRISTOBAL DE LAS CASAS,SAN CRISTOBAL DE LAS CASAS
ENCHARCAMIENTO,JUNIO 20. 2014,HIDROMETEOROLOGICOS,45.201,69,1,15.878,32,2,16.69,-93.72,ENCHARCAMIENTO POR LLUVIAS,VALLES ZOQUE,CINTALAPA,SANTA CECILIA
PRECIPITACION,JUNIO 20. 2014,HIDROMETEOROLOGICOS,45.222,1,1,20.145,20.141,6,16.36,-93,ENCHARCAMIENTO POR LLUVIAS,FRAILESCA,EL PARRAL,CABECERA MUNICIPAL
VERIFICACIONES,JUNIO 22. 2014,ACCIONES DE PREVENCION,45.293,52,8,20.119,115,1,16.76,-93.18,ENCHARCAMIENTO DE DOMICILIO,METROPOLITANA,TUXTLA GUTIERREZ,CABECERA MUNICIPAL
VERIFICACIONES,JUNIO 22. 2014,ACCIONES DE PREVENCION,45.294,52,8,20.119,115,1,16.74,-93.1,ENCHARCAMIENTO DE DOMICILIO,METROPOLITANA,TUXTLA GUTIERREZ,CABECERA MUNICIPAL
DESLIZAMIENTO,JUNIO 25. 2014,GEOLOGICOS,45.401,22,3,12.913,67,15,16.38,-91.67,DESLIZAMIENTO DE TIERRA SOBRE VIVIENDA,MESETA COMITECA TOJOLABAL,LAS MARGARITAS,VICTORIA LA PAZ
VERIFICACIONES,JUNIO 25. 2014,ACCIONES DE PREVENCION,45.403,52,8,20.038,34,15,16.24,-92.11,VERIFICACION DE SECUNDARIA. POR PROBLEMAS EN EL DRENAJE,MESETA COMITECA TOJOLABAL,COMITAN DE DOMINGUEZ,CABECERA MUNICIPAL
PRECIPITACION,JUNIO 26. 2014,HIDROMETEOROLOGICOS,45.439,1,1,7.284,62,7,17.07,-92.86,DESASOLVE DE CUNETAS,DE LOS BOSQUES,JITOTOL,LAGUNA DE PAJAROS AZULES
PRECIPITACION,JUNIO 27. 2014,HIDROMETEOROLOGICOS,45.459,1,1,20.119,115,1,16.75,-93.1,LECTURA DEL PROCEDA,METROPOLITANA,TUXTLA GUTIERREZ,CABECERA MUNICIPAL
AFECTACIONES POR LLUVIAS,JUNIO 27. 2014,HIDROMETEOROLOGICOS,45.489,80,1,1.541,94,3,16.88,-93.21,PRELIMIMAR: DESBORDAMIENTO DE RIO,MEZCALAPA,SAN FERNANDO,FRANCISCO I. MADERO
PRECIPITACION,JUNIO 27. 2014,HIDROMETEOROLOGICOS,45.517,1,1,1.541,94,3,16.87,-93.2,ENCHARCAMIENTO,MEZCALAPA,SAN FERNANDO,FRANCISCO I. MADERO
ONDA TROPICAL,JUNIO 29. 2014,HIDROMETEOROLOGICOS,45.555,3,1,251,115,1,16.75,-93.11,ONDA TROPICAL NO. 7,METROPOLITANA,TUXTLA GUTIERREZ,TUXTLA GUTIERREZ
ENCHARCAMIENTO,JUNIO 29. 2014,HIDROMETEOROLOGICOS,45.561,69,1,227,93,5,16.74,-92.66,ENCHARCAMIENTOS EN PERIFERICO PONIENTE,ALTOS TSOTSIL-TSELTAL,SAN CRISTOBAL DE LAS CASAS,SAN CRISTOBAL DE LAS CASAS
DESLIZAMIENTO,JUNIO 30. 2014,GEOLOGICOS,45.594,22,3,5.157,46,14,17.09,-92.25,VERIFICACION DE ESCUELA.,TULIJA TSELTAL-CHOL,CHILON,MAJASIL
ENCHARCAMIENTO,JUNIO 30. 2014,HIDROMETEOROLOGICOS,45.603,69,1,227,93,5,16.74,-92.66,ENCHARCAMIENTO POR SATURACION DEL SUS DRENES PLUVIALES.,ALTOS TSOTSIL-TSELTAL,SAN CRISTOBAL DE LAS CASAS,SAN CRISTOBAL DE LAS CASAS
VERIFICACIONES,JULIO 1. 2014,ACCIONES DE PREVENCION,45.636,52,8,20.091,87,7,17.11,-92.87,LIMPIEZA,DE LOS BOSQUES,PUEBLO NUEVO SOLISTAHUACAN,CABECERA MUNICIPAL
PRECIPITACION,JULIO 1. 2014,HIDROMETEOROLOGICOS,45.654,1,1,20.119,115,1,16.73,-93.17,LLUVIAS EN LA REGION METROPOLITANA,METROPOLITANA,TUXTLA GUTIERREZ,CABECERA MUNICIPAL
PRECIPITACION,JULIO 5. 2014,HIDROMETEOROLOGICOS,45.784,1,1,20.119,115,1,16.74,-93.17,LECTURA DEL PROCEDA,METROPOLITANA,TUXTLA GUTIERREZ,CABECERA MUNICIPAL
PRECIPITACION,JULIO 5. 2014,HIDROMETEOROLOGICOS,45.805,1,1,887,116,10,14.94,-92.21,DANOS OCASIONADOS A VIVIENDA,SOCONUSCO,TUXTLA CHICO,MIGUEL HIDALGO
VERIFICACIONES,JULIO 5. 2014,ACCIONES DE PREVENCION,45.807,52,8,6.103,104,10,14.72,-92.42,MONITOREO POR MAR DE FONDO.,SOCONUSCO,TAPACHULA,PUERTO MADERO (SAN BENITO)
ACCIDENTES,JULIO 12. 2014,ACCIDENTES O INCIDENTES,46.056,50,6,20.106,102,10,14.63,-92.24,PRELIMINAR: AFECTACIONES POR LLUVIAS Y VIENTOS FUERTES,SOCONUSCO,SUCHIATE,CABECERA MUNICIPAL
PRECIPITACION,JULIO 16. 2014,HIDROMETEOROLOGICOS,46.198,1,1,227,93,5,16.73,-92.64,AFECTACIONES POR LLUVIAS,ALTOS TSOTSIL-TSELTAL,SAN CRISTOBAL DE LAS CASAS,SAN CRISTOBAL DE LAS CASAS
CONTINGENCIA AMBIENTAL,JULIO 31. 2014,SANITARIOS,46.72,26,5,20.119,115,1,16.76,-93.11,ENCHARCAMIENTO DE AGUAS NEGRAS,METROPOLITANA,TUXTLA GUTIERREZ,CABECERA MUNICIPAL
PRECIPITACION,AGOSTO 1. 2014,HIDROMETEOROLOGICOS,46.743,1,1,251,115,1,16.75,-93.1,REPORTE LLUVIAS TGZ,METROPOLITANA,TUXTLA GUTIERREZ,TUXTLA GUTIERREZ
VERIFICACIONES,AGOSTO 13. 2014,ACCIONES DE PREVENCION,47.126,52,8,20.067,63,8,17.61,-93.19,LIMPIEZA Y DESASOLVE DE DRENES PLUVIALES. ALCANTARILLAS Y ARROYOS,NORTE,JUAREZ,CABECERA MUNICIPAL
PRECIPITACION,AGOSTO 20. 2014,HIDROMETEOROLOGICOS,47.339,1,1,252,117,10,15.15,-92.42,ENCHARCAMIENTO EN PATIOS,SOCONUSCO,TUZANTAN,TUZANTAN
TORMENTA TROPICAL,AGOSTO 21. 2014,HIDROMETEOROLOGICOS,47.375,5,1,15.832,104,10,14.88,-92.3,AFECTACIONES POR FUERTE LLUVIAS,SOCONUSCO,TAPACHULA,LA PRIMAVERA
PRECIPITACION,AGOSTO 28. 2014,HIDROMETEOROLOGICOS,47.65,1,1,251,115,1,16.75,-93.11,LLUVIAS EN TUXTLA GUTIERREZ,METROPOLITANA,TUXTLA GUTIERREZ,TUXTLA GUTIERREZ
ONDA TROPICAL,AGOSTO 28. 2014,HIDROMETEOROLOGICOS,47.656,3,1,251,115,1,16.75,-93.11,ONDA TROPICAL 24 Y 25,METROPOLITANA,TUXTLA GUTIERREZ,TUXTLA GUTIERREZ
PRECIPITACION,AGOSTO 30. 2014,HIDROMETEOROLOGICOS,47.71,1,1,251,115,1,16.74,-93.17,LECTURA DEL PROCEDA,METROPOLITANA,TUXTLA GUTIERREZ,TUXTLA GUTIERREZ
ONDA TROPICAL,AGOSTO 30. 2014,HIDROMETEOROLOGICOS,47.735,3,1,5.5,49,11,15.67,-92.13,ENCHARCAMIENTOS POR LLUVIAS.,SIERRA MARISCAL,FRONTERA COMALAPA,AGUA ZARCA
ONDA TROPICAL,AGOSTO 30. 2014,HIDROMETEOROLOGICOS,47.736,3,1,20.074,70,10,14.83,-92.19,DESLAVE DE PENASCO POR LLUVIAS,SOCONUSCO,METAPA,CABECERA MUNICIPAL
ONDA TROPICAL,AGOSTO 30. 2014,HIDROMETEOROLOGICOS,47.74,3,1,20.023,19,12,16.85,-92.08,VIVIENDAS AFECTADAS.,SELVA LACANDONA,ALTAMIRANO,CABECERA MUNICIPAL
ONDA TROPICAL,AGOSTO 30. 2014,HIDROMETEOROLOGICOS,47.741,3,1,20.094,90,15,16.36,-92.37,AFECTACIONES POR PASO DE LA O.T. 25,MESETA COMITECA TOJOLABAL,LAS ROSAS,CABECERA MUNICIPAL
ONDA TROPICAL,AGOSTO 30. 2014,HIDROMETEOROLOGICOS,47.742,3,1,20.021,17,4,16.56,-92.81,ENCHARCAMIENTO DE VIVIENDA,DE LOS LLANOS,ACALA,CABECERA MUNICIPAL
PRECIPITACION,AGOSTO 30. 2014,HIDROMETEOROLOGICOS,47.746,1,1,20.08,76,2,16.76,-93.37,AFECTACCIONES POR PASO O T25,VALLES ZOQUE,OCOZOCOAUTLA DE ESPINOSA,CABECERA MUNICIPAL
ONDA TROPICAL,AGOSTO 31. 2014,HIDROMETEOROLOGICOS,47.757,3,1,20.122,118,15,16.18,-92.19,ENCHARCAMIENTO CABECERA MUNICIPAL,MESETA COMITECA TOJOLABAL,TZIMOL,CABECERA MUNICIPAL
DEPRESION TROPICAL,AGOSTO 31. 2014,HIDROMETEOROLOGICOS,47.794,4,1,251,115,1,16.75,-93.11,DEPRESION TROPICAL,METROPOLITANA,TUXTLA GUTIERREZ,TUXTLA GUTIERREZ
DESASOLVES Y CIERRE DE VENTANAS,SEPTIEMBRE 2. 2014,ACCIONES DE PREVENCION,47.866,173,8,2.041,117,10,15.11,-92.45,DESASOLVE DE DREN TEJERIA,SOCONUSCO,TUZANTAN,PRIMER CANTON
PRECIPITACION,SEPTIEMBRE 2. 2014,HIDROMETEOROLOGICOS,47.886,1,1,20.119,115,1,16.75,-93.1,LLUVIAS EN TUXTLA GUTIERREZ,METROPOLITANA,TUXTLA GUTIERREZ,CABECERA MUNICIPAL
VERIFICACIONES,SEPTIEMBRE 7. 2014,ACCIONES DE PREVENCION,48.068,52,8,20.119,115,1,16.76,-93.16,INDUNDACION DE CASA,METROPOLITANA,TUXTLA GUTIERREZ,CABECERA MUNICIPAL
PRECIPITACION,SEPTIEMBRE 11. 2014,HIDROMETEOROLOGICOS,48.209,1,1,20.119,115,1,16.74,-93.1,LECTURA DEL PROCEDA,METROPOLITANA,TUXTLA GUTIERREZ,CABECERA MUNICIPAL
PRECIPITACION,SEPTIEMBRE 12. 2014,HIDROMETEOROLOGICOS,48.247,1,1,20.119,115,1,16.75,-93.1,LECTURA DEL PROCEDA,METROPOLITANA,TUXTLA GUTIERREZ,CABECERA MUNICIPAL
PRECIPITACION,SEPTIEMBRE 12. 2014,HIDROMETEOROLOGICOS,48.274,1,1,175,36,3,17.1,-93.21,VIVIENDA CON ENCHARCAMIENTO EN EL INTERIOR,MEZCALAPA,COPAINALA,COPAINALA
PRECIPITACION,SEPTIEMBRE 12. 2014,HIDROMETEOROLOGICOS,48.276,1,1,20.036,32,2,16.68,-93.72,PRELIMINAR; ENCHARCAMIENTO EN VIVIENDAS,VALLES ZOQUE,CINTALAPA,CABECERA MUNICIPAL
PRECIPITACION,SEPTIEMBRE 14. 2014,HIDROMETEOROLOGICOS,48.351,1,1,20.108,104,10,14.9,-92.27,ENCHARCAMIENTO DE VIVIENDAS,SOCONUSCO,TAPACHULA,CABECERA MUNICIPAL
PRECIPITACION,SEPTIEMBRE 14. 2014,HIDROMETEOROLOGICOS,48.411,1,1,20.032,28,7,17,-92.89,AFECTACION POR LLUVIAS,DE LOS BOSQUES,BOCHIL,CABECERA MUNICIPAL
PRECIPITACION,SEPTIEMBRE 17. 2014,HIDROMETEOROLOGICOS,48.485,1,1,20.066,62,7,17.06,-92.86,DESAZOLVE DE CUNETAS POR LLUVIAS,DE LOS BOSQUES,JITOTOL,CABECERA MUNICIPAL
PRECIPITACION,SEPTIEMBRE 19. 2014,HIDROMETEOROLOGICOS,48.58,1,1,201,66,9,15.45,-92.88,ENCHARCAMIENTOS EN VIVIENDAS,ISTMO-COSTA,MAPASTEPEC,MAPASTEPEC
PRECIPITACION,SEPTIEMBRE 20. 2014,HIDROMETEOROLOGICOS,48.598,1,1,20.09,86,10,15.21,-92.57,ENCHARCAMIENTOS EN VIVIENDAS,SOCONUSCO,VILLA COMALTITLAN,CABECERA MUNICIPAL
PRECIPITACION,SEPTIEMBRE 20. 2014,HIDROMETEOROLOGICOS,48.6,1,1,20.022,18,10,15.28,-92.68,ENCHARCAMIENTOS EN VIVIENDAS,SOCONUSCO,ACAPETAHUA,CABECERA MUNICIPAL
VERIFICACIONES,SEPTIEMBRE 20. 2014,ACCIONES DE PREVENCION,48.602,52,8,20.119,115,1,16.75,-93.16,ENCHARCAMIENTO DE DOMICILIO,METROPOLITANA,TUXTLA GUTIERREZ,CABECERA MUNICIPAL
VERIFICACIONES,SEPTIEMBRE 20. 2014,ACCIONES DE PREVENCION,48.621,52,8,20.119,115,1,16.76,-93.19,ENCHARCAMIENTO DE DOMICILIO,METROPOLITANA,TUXTLA GUTIERREZ,CABECERA MUNICIPAL
PRECIPITACION,SEPTIEMBRE 20. 2014,HIDROMETEOROLOGICOS,48.626,1,1,251,115,1,16.75,-93.1,LLUVIAS EN TUXTLA GUTIERREZ,METROPOLITANA,TUXTLA GUTIERREZ,TUXTLA GUTIERREZ
PRECIPITACION,SEPTIEMBRE 20. 2014,HIDROMETEOROLOGICOS,48.637,1,1,20.09,86,10,15.22,-92.58,VILLA COMALTITLAN POR DESBORDAMIENTO DEL RIO CHALACA,SOCONUSCO,VILLA COMALTITLAN,CABECERA MUNICIPAL
VERIFICACIONES,SEPTIEMBRE 20. 2014,ACCIONES DE PREVENCION,48.641,52,8,20.119,115,1,16.74,-93.18,ENCHARCAMIENTO DE DOMICILIO,METROPOLITANA,TUXTLA GUTIERREZ,CABECERA MUNICIPAL
VERIFICACIONES,SEPTIEMBRE 20. 2014,ACCIONES DE PREVENCION,48.642,52,8,20.119,115,1,16.75,-93.18,ENCHARCAMIENTO DE DOMICILIO,METROPOLITANA,TUXTLA GUTIERREZ,CABECERA MUNICIPAL
VERIFICACIONES,SEPTIEMBRE 20. 2014,ACCIONES DE PREVENCION,48.645,52,8,20.119,115,1,16.75,-93.18,ENCHARCAMIENTO DE DOMICILIO,METROPOLITANA,TUXTLA GUTIERREZ,CABECERA MUNICIPAL
VERIFICACIONES,SEPTIEMBRE 20. 2014,ACCIONES DE PREVENCION,48.646,52,8,20.119,115,1,16.75,-93.12,ENCHARCAMIENTO DE DOMICILIO,METROPOLITANA,TUXTLA GUTIERREZ,CABECERA MUNICIPAL
VERIFICACIONES,SEPTIEMBRE 20. 2014,ACCIONES DE PREVENCION,48.655,52,8,171,32,2,16.7,-93.73,VERIFICACION DE VIVIENDA,VALLES ZOQUE,CINTALAPA,CINTALAPA DE FIGUEROA
DEPRESION TROPICAL,SEPTIEMBRE 21. 2014,HIDROMETEOROLOGICOS,48.662,4,1,5.44,47,10,15.32,-92.66,DESLAVE DE CERRO,SOCONUSCO,ESCUINTLA,EL ARENAL
PRECIPITACION,SEPTIEMBRE 21. 2014,HIDROMETEOROLOGICOS,48.69,1,1,251,115,1,16.74,-93.12,LLUVIAS EN TUXTLA GUTIERREZ.,METROPOLITANA,TUXTLA GUTIERREZ,TUXTLA GUTIERREZ
VERIFICACIONES,SEPTIEMBRE 21. 2014,ACCIONES DE PREVENCION,48.695,52,8,20.119,115,1,16.76,-93.12,ENCHARCAMIENTO DE DOMICILIO,METROPOLITANA,TUXTLA GUTIERREZ,CABECERA MUNICIPAL
VERIFICACIONES,SEPTIEMBRE 28. 2014,ACCIONES DE PREVENCION,49.117,52,8,20.119,115,1,16.74,-93.1,CASA INUNDADA,METROPOLITANA,TUXTLA GUTIERREZ,CABECERA MUNICIPAL
PRECIPITACION,SEPTIEMBRE 29. 2014,HIDROMETEOROLOGICOS,49.148,1,1,20.08,76,2,16.77,-93.37,AFECTACCIONES PRELIMINARES POR LLUVIAS FUERTES,VALLES ZOQUE,OCOZOCOAUTLA DE ESPINOSA,CABECERA MUNICIPAL
PRECIPITACION,SEPTIEMBRE 29. 2014,HIDROMETEOROLOGICOS,49.151,1,1,166,42,1,16.71,-93.01,ENCARCAMIENTO DE VIVIENDAS,METROPOLITANA,CHIAPA DE CORZO,CHIAPA DE CORZO
ENCHARCAMIENTO,SEPTIEMBRE 28. 2014,HIDROMETEOROLOGICOS,49.155,69,1,7.389,55,10,15.07,-92.59,ENTREGA DE DESPENSAS A LOS POBLADOS DE ALTAMIRA Y LAS MORENAS POR ENCHARCAMIENTOS EN ESTA TEMPORADAS DE LLUVIAS,SOCONUSCO,HUIXTLA,ALTAMIRA (LA PROVIDENCIA)
HUNDIMIENTO,SEPTIEMBRE 29. 2014,GEOLOGICOS,49.162,47,3,20.119,115,1,16.77,-93.12,CASA INUNDADA,METROPOLITANA,TUXTLA GUTIERREZ,CABECERA MUNICIPAL
PRECIPITACION,SEPTIEMBRE 29. 2014,HIDROMETEOROLOGICOS,49.175,1,1,250,116,10,14.96,-92.15,AFECTACIONES POR LAS LLUVIAS,SOCONUSCO,TUXTLA CHICO,TUXTLA CHICO
VERIFICACIONES,SEPTIEMBRE 29. 2014,ACCIONES DE PREVENCION,49.178,52,8,20.119,115,1,16.75,-93.13,ENCHARCAMIENTO DE DOMICILIO,METROPOLITANA,TUXTLA GUTIERREZ,CABECERA MUNICIPAL
PERSONA ASALTADA,SEPTIEMBRE 29. 2014,ACCIDENTES O INCIDENTES,49.18,137,6,20.119,115,1,16.76,-93.14,PERSONA LESIONADA POR INUNDACION,METROPOLITANA,TUXTLA GUTIERREZ,CABECERA MUNICIPAL
PRECIPITACION,SEPTIEMBRE 29. 2014,HIDROMETEOROLOGICOS,49.202,1,1,7.574,35,6,16.11,-92.68,VIVIENDAS ENCHARCADAS Y TECHOS AFECTADOS POR FUERTES VIENTOS Y LLUVIAS,FRAILESCA,LA CONCORDIA,DOLORES
PRECIPITACION,SEPTIEMBRE 30. 2014,HIDROMETEOROLOGICOS,49.205,1,1,1.649,44,3,16.92,-93.11,AFECTACION EN VIVIENDAS,MEZCALAPA,CHICOASEN,VISTAHERMOSA
TORMENTA TROPICAL,SEPTIEMBRE 30. 2014,HIDROMETEOROLOGICOS,49.222,5,1,659,117,10,15.15,-92.42,FUERTES LLUVIAS EN TUZANTAN,SOCONUSCO,TUZANTAN,CANTON EL HULAR
VERIFICACIONES,OCTUBRE 1. 2014,ACCIONES DE PREVENCION,49.252,52,8,771,98,4,16.24,-92.35,REBALSE DE LAGUNA DE LA COMUNIDAD SAN ANTONIO COPALAR,DE LOS LLANOS,SOCOLTENANGO,SAN ANTONIO CRUCILA
CONTINGENCIA AMBIENTAL,SEPTIEMBRE 29. 2014,SANITARIOS,49.293,26,5,20.145,20.141,6,16.38,-93,ENCHARCAMIENTO DE ESC. PRIMARIA POR AGUAS NEGRAS.,FRAILESCA,EL PARRAL,CABECERA MUNICIPAL
PRECIPITACION,OCTUBRE 4. 2014,HIDROMETEOROLOGICOS,49.377,1,1,147,18,10,15.28,-92.68,EFECTACIONES A VIVIENDAS POR VIENTOS Y LLUVIA,SOCONUSCO,ACAPETAHUA,ACAPETAHUA
VERIFICACIONES,OCTUBRE 7. 2014,ACCIONES DE PREVENCION,49.5,52,8,20.119,115,1,16.74,-93.12,ENCHARCAMIENTO DE DOMICILIO,METROPOLITANA,TUXTLA GUTIERREZ,CABECERA MUNICIPAL
BAJA PRESION,OCTUBRE 11. 2014,HIDROMETEOROLOGICOS,49.678,2,1,6.431,52,10,15.05,-92.45,INUNDACION DE VIVIENDAS,SOCONUSCO,HUEHUETAN,CANTON SAN LUIS
PRECIPITACION,OCTUBRE 12. 2014,HIDROMETEOROLOGICOS,49.692,1,1,1.537,116,10,14.89,-92.23,AFECTACION DE VIVIENDAS POR ENCHARCAMIENTO,SOCONUSCO,TUXTLA CHICO,EL SACRIFICIO
BAJA PRESION,OCTUBRE 13. 2014,HIDROMETEOROLOGICOS,49.704,2,1,20.087,83,8,17.51,-93.11,ALERTAMIENTO FF. NUM 7,NORTE,PICHUCALCO,CABECERA MUNICIPAL
PRECIPITACION,OCTUBRE 13. 2014,HIDROMETEOROLOGICOS,49.723,1,1,178,47,10,15.32,-92.65,LLUVIAS TORRENCIALES,SOCONUSCO,ESCUINTLA,ESCUINTLA
FRENTE FRIO,OCTUBRE 13. 2014,HIDROMETEOROLOGICOS,49.724,61,1,20.062,58,8,17.43,-93.1,AFECTACIONES EN VIVIENDAS POR FRENTE FRIO NUM.07,NORTE,IXTACOMITAN,CABECERA MUNICIPAL
FRENTE FRIO,OCTUBRE 13. 2014,HIDROMETEOROLOGICOS,49.729,61,1,20.103,99,8,17.43,-93.03,AFECTACIONES EN VIVIENDAS POR FRENTE FRIO NUM.07,NORTE,SOLOSUCHIAPA,CABECERA MUNICIPAL
FRENTE FRIO,OCTUBRE 13. 2014,HIDROMETEOROLOGICOS,49.731,61,1,3.465,46,14,17.17,-92.15,AFECTACIONES EN VIVIENDAS POR FRENTE FRIO NUM. 07,TULIJA TSELTAL-CHOL,CHILON,CENTRO CHICH
ONDA TROPICAL,OCTUBRE 13. 2014,HIDROMETEOROLOGICOS,49.732,3,1,147,18,10,15.28,-92.7,ENCHARCAMIENTO DE VIVIENDAS ACAPETAHUA,SOCONUSCO,ACAPETAHUA,ACAPETAHUA
ONDA TROPICAL,OCTUBRE 13. 2014,HIDROMETEOROLOGICOS,49.733,3,1,184,55,10,15.14,-92.46,ENCHARCAMIENTO DE VIVIENDAS HUIXTLA,SOCONUSCO,HUIXTLA,HUIXTLA
ONDA TROPICAL,OCTUBRE 13. 2014,HIDROMETEOROLOGICOS,49.734,3,1,7.765,117,10,15.15,-92.42,ENCHARCAMIENTO DE VIVIENDAS EN TUZANTAN,SOCONUSCO,TUZANTAN,TERCER CANTON LA CURVA
ONDA TROPICAL,OCTUBRE 13. 2014,HIDROMETEOROLOGICOS,49.735,3,1,181,52,10,15.02,-92.4,ENCHARCAMIENTO DE VIVIENDAS EN HUEHUETAN,SOCONUSCO,HUEHUETAN,HUEHUETAN
PRECIPITACION,OCTUBRE 14. 2014,HIDROMETEOROLOGICOS,49.74,1,1,20.11,106,7,17.25,-93.01,ENCHARCAMIENTOS EN VIVIENDAS,DE LOS BOSQUES,TAPILULA,CABECERA MUNICIPAL
PRECIPITACION,OCTUBRE 14. 2014,HIDROMETEOROLOGICOS,49.748,1,1,2.041,117,10,15.15,-92.42,FUERTES LLUVIAS EN TUZANTAN,SOCONUSCO,TUZANTAN,PRIMER CANTON
BAJA PRESION,OCTUBRE 14. 2014,HIDROMETEOROLOGICOS,49.766,2,1,7.817,86,10,15.13,-92.63,ENCHARCAMIENTO EN RANCHERIA SAN MIGUEL. LOS TOCAYOS Y EMILIANO ZAPATA,SOCONUSCO,VILLA COMALTITLAN,SAN MIGUEL
ONDA TROPICAL,OCTUBRE 14. 2014,HIDROMETEOROLOGICOS,49.773,3,1,8.463,69,10,14.81,-92.5,AFECTACIONES POR LLUVIAS EN LOCALIDADES DE VILLA MAZATAN,SOCONUSCO,MAZATAN,DIECINUEVE DE ABRIL
AFECTACIONES POR LLUVIAS,OCTUBRE 14. 2014,HIDROMETEOROLOGICOS,49.804,80,1,20.087,83,8,17.52,-93.11,AFECTACIONES POR FRENTE FRIO NO. 7,NORTE,PICHUCALCO,CABECERA MUNICIPAL
BAJA PRESION,OCTUBRE 15. 2014,HIDROMETEOROLOGICOS,49.824,2,1,20.024,20,8,17.31,-92.85,PRELIMINAR AFECTACIONES AMATAN POR EL FF7,NORTE,AMATAN,CABECERA MUNICIPAL
PRECIPITACION,OCTUBRE 22. 2014,HIDROMETEOROLOGICOS,50.106,1,1,20.108,104,10,14.89,-92.27,PRELIMINAR ENCHARCAMIENTO DE VIVIENDAS,SOCONUSCO,TAPACHULA,CABECERA MUNICIPAL
BAJA PRESION,OCTUBRE 23. 2014,HIDROMETEOROLOGICOS,50.149,2,1,1.832,105,7,17.09,-92.88,AFECTACION DE VIVIENDA.,DE LOS BOSQUES,TAPALAPA,ARROYO SECO
FRENTE FRIO,OCTUBRE 23. 2014,HIDROMETEOROLOGICOS,50.161,61,1,3.211,110,14,17.23,-92.41,EVACUACION PREVENTIVA,TULIJA TSELTAL-CHOL,TILA,PETALCINGO
DEPRESION TROPICAL,OCTUBRE 22. 2014,HIDROMETEOROLOGICOS,50.168,4,1,20.091,87,7,17.16,-92.9,EVALUACION PRELIMINAR,DE LOS BOSQUES,PUEBLO NUEVO SOLISTAHUACAN,CABECERA MUNICIPAL
ENCHARCAMIENTO,OCTUBRE 24. 2014,HIDROMETEOROLOGICOS,50.197,69,1,20.034,30,10,14.99,-92.16,ENCHARCAMIENTO DE VIVIENDA,SOCONUSCO,CACAHOATAN,CACAHOATAN
PRECIPITACION,OCTUBRE 25. 2014,HIDROMETEOROLOGICOS,50.207,1,1,20.035,31,13,16.74,-93.07,DESBORDAMIENTO DEL RIO CHICO,MAYA,CATAZAJA,CABECERA MUNICIPAL
VERIFICACIONES,NOVIEMBRE 15. 2014,ACCIONES DE PREVENCION,50.909,52,8,20.119,115,1,16.74,-93.07,INDUNDACION DE DOMICILIO,METROPOLITANA,TUXTLA GUTIERREZ,CABECERA MUNICIPAL
PRECIPITACION,NOVIEMBRE 17. 2014,HIDROMETEOROLOGICOS,50.962,1,1,20.093,89,8,17.87,-93.16,AFECTACIONES POR EL FF12,NORTE,REFORMA,CABECERA MUNICIPAL
PRECIPITACION,NOVIEMBRE 17. 2014,HIDROMETEOROLOGICOS,50.963,1,1,20.116,112,4,16.54,-92.68,AFECTACIONES POR EL FF12,DE LOS LLANOS,TOTOLAPA,CABECERA MUNICIPAL
PRECIPITACION,NOVIEMBRE 17. 2014,HIDROMETEOROLOGICOS,50.965,1,1,1.667,63,8,17.6,-93.19,AFECTACIONES POR EL FF12,NORTE,JUAREZ,EL PARAISO
FRENTE FRIO,NOVIEMBRE 17. 2014,HIDROMETEOROLOGICOS,50.984,61,1,20.087,83,8,17.52,-93.11,VIVIENDAS CON ENCHARCAMIENTO,NORTE,PICHUCALCO,CABECERA MUNICIPAL
DEPRESION TROPICAL,NOVIEMBRE 24. 2014,HIDROMETEOROLOGICOS,51.197,4,1,216,80,13,17.51,-91.99,HIDROMETEROLOGICO,MAYA,PALENQUE,PALENQUE
DESASOLVES Y CIERRE DE VENTANAS,NOVIEMBRE 30. 2014,ACCIONES DE PREVENCION,51.396,173,8,956,99,8,17.43,-93.03,LIMPEZA Y DEZASOLVE EN EJ. MONTE OREB,NORTE,SOLOSUCHIAPA,MONTE HOREB
FRENTE FRIO,ENERO 3. 2015,HIDROMETEOROLOGICOS,52.504,61,1,20.081,77,8,17.41,-93.35,PRELIMINAR AFECTACION FRENTE FRIO NO. 23,NORTE,OSTUACAN,CABECERA MUNICIPAL
BAJA PRESION,ENERO 4. 2015,HIDROMETEOROLOGICOS,52.511,2,1,1.548,83,8,17.42,-93.33,PRELIMINAR AFECTACION FRENTE FRIO NO. 23,NORTE,PICHUCALCO,IGNACIO ZARAGOZA BAJO
PRECIPITACION,ENERO 8. 2015,HIDROMETEOROLOGICOS,52.691,1,1,20.064,60,8,17.52,-93.01,AFECTACIONES FF25,NORTE,IXTAPANGAJOYA,CABECERA MUNICIPAL
PRECIPITACION,ENERO 15. 2015,HIDROMETEOROLOGICOS,52.928,1,1,160,31,13,17.72,-92.01,ENCHARCAMIENTO EN UNA ESCUELA FF26,MAYA,CATAZAJA,CATAZAJA
INUNDACION PLUVIAL,ENERO 19. 2015,HIDROMETEOROLOGICOS,53.1,68,1,9.347,113,15,16.12,-92.06,VERIFICACION DE INUNDACION POR DESPLAYE DE LAGUNA,MESETA COMITECA TOJOLABAL,LA TRINITARIA,TZISCAO
VERIFICACIONES,ENERO 23. 2015,ACCIONES DE PREVENCION,53.268,52,8,20.119,115,1,16.75,-93.07,ENCHARCAMIENTO DE DOMICILIO,METROPOLITANA,TUXTLA GUTIERREZ,CABECERA MUNICIPAL
VERIFICACIONES,ENERO 28. 2015,ACCIONES DE PREVENCION,53.52,52,8,2.46,63,8,17.61,-93.2,AFECTACION POR RETENCION DE AGUA POR INTRODUCCION DE LINEAS DE 36,NORTE,JUAREZ,SANTA CRUZ TEPATE ABAJO
PRECIPITACION,MARZO 25. 2015,HIDROMETEOROLOGICOS,56.343,1,1,20.119,115,1,16.76,-93.15,TARJETA INFORMATIVA RESPECTO A CURSO EN EL CENTRO HIDROMETEOROLOGICO REGIONAL,METROPOLITANA,TUXTLA GUTIERREZ,CABECERA MUNICIPAL
PRECIPITACION,ABRIL 13. 2015,HIDROMETEOROLOGICOS,57.143,1,1,20.076,72,11,15.37,-92.25,VIVIENDAS CON ENCHARCAMIENTO,SIERRA MARISCAL,MOTOZINTLA,CABECERA MUNICIPAL
DESASOLVES Y CIERRE DE VENTANAS,ABRIL 30. 2015,ACCIONES DE PREVENCION,57.938,173,8,174,34,15,16.25,-92.14,DESASOLVE DE ALCANTARILLO,MESETA COMITECA TOJOLABAL,COMITAN DE DOMINGUEZ,COMITAN DE DOMINGUEZ
PRECIPITACION,MAYO 1. 2015,HIDROMETEOROLOGICOS,57.969,1,1,240,104,10,14.91,-92.26,PRELIMINAR: AFECTACIONES EN PALAPAS POR OLEAJE ALTO,SOCONUSCO,TAPACHULA,TAPACHULA DE CORDOVA Y ORDONEZ
ENCHARCAMIENTO,MAYO 2. 2015,HIDROMETEOROLOGICOS,57.998,69,1,6.799,102,10,14.56,-92.25,ENCHARCAMIENTO EN CASAS DE MADERA POR ALTO OLEAJE,SOCONUSCO,SUCHIATE,BRISAS DEL SUCHIATE
PRECIPITACION,MAYO 3. 2015,HIDROMETEOROLOGICOS,58.037,1,1,20.119,115,1,16.75,-93.11,ALERTAMIENTO POR EFECTOS DE MAR DE FONDO,METROPOLITANA,TUXTLA GUTIERREZ,CABECERA MUNICIPAL
PRECIPITACION,MAYO 5. 2015,HIDROMETEOROLOGICOS,58.094,1,1,1.54,123,14,17.17,-92.33,AFECTACIONES POR LLUVIAS. ( CAPACITACION ),TULIJA TSELTAL-CHOL,YAJALON,EMILIANO ZAPATA
VERIFICACIONES,MAYO 12. 2015,ACCIONES DE PREVENCION,58.369,52,8,20.071,67,15,16.31,-91.99,LIMPIEZA DE COLADERAS,MESETA COMITECA TOJOLABAL,LAS MARGARITAS,CABECERA MUNICIPAL
PRECIPITACION,MAYO 13. 2015,HIDROMETEOROLOGICOS,58.413,1,1,5.226,55,10,15.13,-92.5,TRABAJOS DE MITIGACION DE RIESGOS POR FENOMENOS HIDROMETEREOLOGICOS,SOCONUSCO,HUIXTLA,TZINACAL BUENOS AIRES
PRECIPITACION,MAYO 15. 2015,HIDROMETEOROLOGICOS,58.504,1,1,20.119,115,1,16.75,-93.11,LECTURA DEL PROCEDA,METROPOLITANA,TUXTLA GUTIERREZ,CABECERA MUNICIPAL
PRECIPITACION,MAYO 15. 2015,HIDROMETEOROLOGICOS,58.536,1,1,251,115,1,16.75,-93.11,LLUVIAS EN TUXTLA GUTIERREZ,METROPOLITANA,TUXTLA GUTIERREZ,TUXTLA GUTIERREZ
VERIFICACIONES,MAYO 15. 2015,ACCIONES DE PREVENCION,58.541,52,8,20.119,115,1,16.78,-93.1,ENCHARCAMIENTO DE DOMICILIO,METROPOLITANA,TUXTLA GUTIERREZ,CABECERA MUNICIPAL
VERIFICACIONES,MAYO 15. 2015,ACCIONES DE PREVENCION,58.543,52,8,20.119,115,1,16.77,-93.11,ENCHARCAMIENTO DE DOMICILIO,METROPOLITANA,TUXTLA GUTIERREZ,CABECERA MUNICIPAL
VERIFICACIONES,MAYO 15. 2015,ACCIONES DE PREVENCION,58.544,52,8,20.119,115,1,16.76,-93.12,ENCHARCAMIENTO DE DOMICILIO,METROPOLITANA,TUXTLA GUTIERREZ,CABECERA MUNICIPAL
PRECIPITACION,MAYO 15. 2015,HIDROMETEOROLOGICOS,58.548,1,1,20.119,115,1,16.75,-93.11,AFECTACION EN VIVIENDA POR TAPONAMIENTO DE DRENAJE.,METROPOLITANA,TUXTLA GUTIERREZ,CABECERA MUNICIPAL
VERIFICACIONES,MAYO 15. 2015,ACCIONES DE PREVENCION,58.552,52,8,20.119,115,1,16.76,-93.11,ENCHARCAMIENTO DE DOMICILIO,METROPOLITANA,TUXTLA GUTIERREZ,CABECERA MUNICIPAL
VERIFICACIONES,MAYO 28. 2015,ACCIONES DE PREVENCION,59.027,52,8,20.119,115,1,16.75,-93.07,INUNDACION DE VIVIENDA,METROPOLITANA,TUXTLA GUTIERREZ,CABECERA MUNICIPAL
VERIFICACIONES,MAYO 28. 2015,ACCIONES DE PREVENCION,59.028,52,8,20.119,115,1,16.76,-93.11,INUNCACION DE VIVIENDA,METROPOLITANA,TUXTLA GUTIERREZ,CABECERA MUNICIPAL
PRECIPITACION,JUNIO 2. 2015,HIDROMETEOROLOGICOS,59.19,1,1,20.038,34,15,16.24,-92.12,ENCHARCAMIENTOS,MESETA COMITECA TOJOLABAL,COMITAN DE DOMINGUEZ,CABECERA MUNICIPAL
VERIFICACIONES,JUNIO 3. 2015,ACCIONES DE PREVENCION,59.209,52,8,20.087,83,8,17.52,-93.12,VERIFICACION Y VALIDACION DE REFUGIOS TEMPORALES,NORTE,PICHUCALCO,CABECERA MUNICIPAL
VERIFICACIONES,JUNIO 3. 2015,ACCIONES DE PREVENCION,59.23,52,8,20.024,20,8,17.37,-92.82,LIMPIEZA DE ALCANTARILLAS Y DRENES PLUVIALES PARA REDUCIR RIESGOS DE INUNDACIONES,NORTE,AMATAN,CABECERA MUNICIPAL
PRECIPITACION,JUNIO 7. 2015,HIDROMETEOROLOGICOS,59.344,1,1,6.171,104,10,14.74,-92.28,VIVIENDA AFECTADA POR LLUVIA,SOCONUSCO,TAPACHULA,CONGREGACION REFORMA
PRECIPITACION,JUNIO 7. 2015,HIDROMETEOROLOGICOS,59.361,1,1,251,115,1,16.76,-93.11,LLUVIAS EN TUXTLA GUTIERREZ.,METROPOLITANA,TUXTLA GUTIERREZ,TUXTLA GUTIERREZ
VERIFICACIONES,JUNIO 7. 2015,ACCIONES DE PREVENCION,59.364,52,8,20.119,115,1,16.74,-93.11,EMERGENCIAS POR LLUVIAS,METROPOLITANA,TUXTLA GUTIERREZ,CABECERA MUNICIPAL
PRECIPITACION,JUNIO 8. 2015,HIDROMETEOROLOGICOS,59.401,1,1,153,24,9,16.23,-93.89,ACCIONES DE PREVENCION POR LLUVIAS,ISTMO-COSTA,ARRIAGA,ARRIAGA
VERIFICACIONES,JUNIO 8. 2015,ACCIONES DE PREVENCION,59.413,52,8,20.115,111,9,16.09,-93.76,ACCIONES DE PREVENCION POR LLUVIAS,ISTMO-COSTA,TONALA,CABECERA MUNICIPAL
PRECIPITACION,JUNIO 9. 2015,HIDROMETEOROLOGICOS,59.417,1,1,20.119,115,1,16.75,-93.11,PRESENCIAS DE LLUVIAS,METROPOLITANA,TUXTLA GUTIERREZ,CABECERA MUNICIPAL
DEPRESION TROPICAL,JUNIO 9. 2015,HIDROMETEOROLOGICOS,59.418,4,1,20.119,115,1,16.75,-93.1,AFECTACIONES POR LLUVIA EN TUXTLA GUTIERREZ,METROPOLITANA,TUXTLA GUTIERREZ,CABECERA MUNICIPAL
VERIFICACIONES,JUNIO 12. 2015,ACCIONES DE PREVENCION,59.527,52,8,20.119,115,1,16.75,-93.11,PUNTO FIJO Y RECORRIDO G.R.I.,METROPOLITANA,TUXTLA GUTIERREZ,CABECERA MUNICIPAL
VERIFICACIONES,JUNIO 15. 2015,ACCIONES DE PREVENCION,59.62,52,8,20.119,115,1,16.69,-93.2,AFECTACIONES DE VIVIENDAS POR LLUVIA,METROPOLITANA,TUXTLA GUTIERREZ,CABECERA MUNICIPAL
AFECTACIONES POR LLUVIAS,JUNIO 15. 2015,HIDROMETEOROLOGICOS,59.635,80,1,3.014,21,11,15.43,-92.12,CAIDA DE ARBOLES POR LLUVIAS Y FUERTES VIENTOS,SIERRA MARISCAL,AMATENANGO DE LA FRONTERA,RIO GUERRERO
PRECIPITACION,JUNIO 20. 2015,HIDROMETEOROLOGICOS,59.747,1,1,20.119,115,1,16.76,-93.11,LLUVIAS EN TUXTLA GUTIERREZ.,METROPOLITANA,TUXTLA GUTIERREZ,CABECERA MUNICIPAL
DESASOLVES Y CIERRE DE VENTANAS,JUNIO 23. 2015,ACCIONES DE PREVENCION,59.842,173,8,2.145,117,10,15.15,-92.42,DESASOLVE DEL DREN PLUVIAL DEL 3ER CANTON DENOMINADO MATASANOS,SOCONUSCO,TUZANTAN,TERCER CANTON
PRECIPITACION,JUNIO 28. 2015,HIDROMETEOROLOGICOS,60.025,1,1,8.96,115,1,16.75,-93.11,LLUVIAS EN TUXTLA GUTIERREZ.,METROPOLITANA,TUXTLA GUTIERREZ,CABEZA DE TORO
VERIFICACIONES,JULIO 5. 2015,ACCIONES DE PREVENCION,60.247,52,8,20.067,63,8,17.6,-93.19,COLOCACION DE ALCANTARILLAS PARA REDUCIR RIESGOS,NORTE,JUAREZ,CABECERA MUNICIPAL
VERIFICACIONES,JULIO 5. 2015,ACCIONES DE PREVENCION,60.269,52,8,20.126,122,6,16.23,-93.27,LLUVIA CON RAFAGAS DE VIENTO INTENSAS CON LEVANTAMIENTO DE TECHOS. EN DIFERENTES PUNTO DE LA CIUDAD DE VILLAFLORES,FRAILESCA,VILLAFLORES,CABECERA MUNICIPAL
VERIFICACIONES,JULIO 6. 2015,ACCIONES DE PREVENCION,60.288,52,8,20.119,115,1,16.76,-93.07,CASA INUNDADA,METROPOLITANA,TUXTLA GUTIERREZ,CABECERA MUNICIPAL
ONDA TROPICAL,JULIO 7. 2015,HIDROMETEOROLOGICOS,60.332,3,1,20.119,115,1,16.74,-93.17,ONDA TROPICAL NO. 14,METROPOLITANA,TUXTLA GUTIERREZ,CABECERA MUNICIPAL
VERIFICACIONES,JULIO 9. 2015,ACCIONES DE PREVENCION,60.373,52,8,750,63,8,17.61,-93.19,TRABAJOS DE MITIGACION DE RIESGOS POR INUNDACION,NORTE,JUAREZ,GALEANA 1RA. SECCION
VERIFICACIONES,JULIO 13. 2015,ACCIONES DE PREVENCION,60.504,52,8,171,32,2,16.67,-93.74,ACCIONES DE PREVENCION VS EL CHINCONGUNYA,VALLES ZOQUE,CINTALAPA,CINTALAPA DE FIGUEROA
PRECIPITACION,JULIO 13. 2015,HIDROMETEOROLOGICOS,60.51,1,1,20.097,93,5,16.73,-92.64,LLUVIAS Y GRANIZADAS,ALTOS TSOTSIL-TSELTAL,SAN CRISTOBAL DE LAS CASAS,CABECERA MUNICIPAL
ENCHARCAMIENTO,JULIO 14. 2015,HIDROMETEOROLOGICOS,60.554,69,1,20.038,34,15,16.25,-92.14,ENCHARCAMIENTO EN VIA PUBLICA,MESETA COMITECA TOJOLABAL,COMITAN DE DOMINGUEZ,CABECERA MUNICIPAL
AFECTACIONES POR LLUVIAS,JULIO 14. 2015,HIDROMETEOROLOGICOS,60.56,80,1,20.038,34,15,16.24,-92.12,LLUVIAS,MESETA COMITECA TOJOLABAL,COMITAN DE DOMINGUEZ,CABECERA MUNICIPAL
VERIFICACIONES,JULIO 14. 2015,ACCIONES DE PREVENCION,60.568,52,8,20.119,115,1,16.75,-93.08,DESASOLVE DE ALCANTARILLAS,METROPOLITANA,TUXTLA GUTIERREZ,CABECERA MUNICIPAL
VERIFICACIONES,JULIO 21. 2015,ACCIONES DE PREVENCION,60.761,52,8,20.119,115,1,16.75,-93.14,CALLE INUNDADA,METROPOLITANA,TUXTLA GUTIERREZ,CABECERA MUNICIPAL
PRECIPITACION,AGOSTO 3. 2015,HIDROMETEOROLOGICOS,61.094,1,1,20.037,33,3,17.43,-93.52,AFECTACIONES POR LLUVIAS EN COAPILLA,MEZCALAPA,COAPILLA,CABECERA MUNICIPAL
VERIFICACIONES,AGOSTO 3. 2015,ACCIONES DE PREVENCION,61.108,52,8,20.119,115,1,16.73,-93.1,CASA INUNDADA,METROPOLITANA,TUXTLA GUTIERREZ,CABECERA MUNICIPAL
VERIFICACIONES,AGOSTO 11. 2015,ACCIONES DE PREVENCION,61.367,52,8,20.119,115,1,16.75,-93.18,CASA INUNDADA,METROPOLITANA,TUXTLA GUTIERREZ,CABECERA MUNICIPAL
BAJA PRESION,AGOSTO 18. 2015,HIDROMETEOROLOGICOS,61.53,2,1,2.337,86,10,15.13,-92.7,INUNDACION EJIDO EL CAYUCO,SOCONUSCO,VILLA COMALTITLAN,RIO ARRIBA SALVACION
DESASOLVES Y CIERRE DE VENTANAS,AGOSTO 23. 2015,ACCIONES DE PREVENCION,61.662,173,8,20.036,32,2,16.69,-93.73,ALCANTARILLAS TAPADAS,VALLES ZOQUE,CINTALAPA,CABECERA MUNICIPAL
DESASOLVES Y CIERRE DE VENTANAS,AGOSTO 25. 2015,ACCIONES DE PREVENCION,61.752,173,8,2.095,117,10,15.15,-92.42,DESLAVE DE ARROYO EL CUSCO 2DO CANTON,SOCONUSCO,TUZANTAN,SEGUNDO CANTON
PRECIPITACION,AGOSTO 26. 2015,HIDROMETEOROLOGICOS,61.761,1,1,20.066,62,7,17.07,-92.86,LIMPIEZA DE CUNETAS PARA EVITAR ENCHARCAMIENTOS.,DE LOS BOSQUES,JITOTOL,CABECERA MUNICIPAL
PRECIPITACION,AGOSTO 30. 2015,HIDROMETEOROLOGICOS,61.89,1,1,20.092,88,7,17.2,-93.01,AFECTACIONES POR LLUVIA,DE LOS BOSQUES,RAYON,CABECERA MUNICIPAL
VERIFICACIONES,SEPTIEMBRE 2. 2015,ACCIONES DE PREVENCION,61.976,52,8,20.038,34,15,16.25,-92.12,LIMPIA DE COLADERAS,MESETA COMITECA TOJOLABAL,COMITAN DE DOMINGUEZ,CABECERA MUNICIPAL
VERIFICACIONES,SEPTIEMBRE 7. 2015,ACCIONES DE PREVENCION,62.147,52,8,20.119,115,1,16.76,-93.12,ENCHARCAMIENTO DE VIVIENDA,METROPOLITANA,TUXTLA GUTIERREZ,CABECERA MUNICIPAL
VERIFICACIONES,SEPTIEMBRE 8. 2015,ACCIONES DE PREVENCION,62.166,52,8,20.038,34,15,16.24,-92.12,LIMPIA DE COLADERAS,MESETA COMITECA TOJOLABAL,COMITAN DE DOMINGUEZ,CABECERA MUNICIPAL
PRECIPITACION,SEPTIEMBRE 9. 2015,HIDROMETEOROLOGICOS,62.207,1,1,1.527,62,7,17.08,-92.8,AFECTACION DE VIVIENDAS,DE LOS BOSQUES,JITOTOL,CARMEN ZACATAL
VERIFICACIONES,SEPTIEMBRE 11. 2015,ACCIONES DE PREVENCION,62.251,52,8,20.093,89,8,17.85,-93.16,IDENTIFICACION DE RIESGO POR CONSTRUCCION EN ZONA IRREGULAR DE AMORTIGUAMIENTO PLUVIAL,NORTE,REFORMA,CABECERA MUNICIPAL
PRECIPITACION,SEPTIEMBRE 13. 2015,HIDROMETEOROLOGICOS,62.327,1,1,16.046,113,15,16.1,-91.74,INUNDACIONES POR FUERTES LLUVIAS,MESETA COMITECA TOJOLABAL,LA TRINITARIA,BENITO JUAREZ
ONDA TROPICAL,SEPTIEMBRE 13. 2015,HIDROMETEOROLOGICOS,62.328,3,1,12.443,113,15,16.12,-92.06,VIVIENDAS EN PELIGRO POR INUNDACIONES,MESETA COMITECA TOJOLABAL,LA TRINITARIA,BENITO JUAREZ
VERIFICACIONES,SEPTIEMBRE 28. 2015,ACCIONES DE PREVENCION,62.802,52,8,20.038,34,15,16.25,-92.12,LIMPIA DE COLADERAS,MESETA COMITECA TOJOLABAL,COMITAN DE DOMINGUEZ,CABECERA MUNICIPAL
VERIFICACIONES,OCTUBRE 6. 2015,ACCIONES DE PREVENCION,63.057,52,8,1.109,30,10,15.07,-92.12,DESAZOLVE DE 2 PUENTES,SOCONUSCO,CACAHOATAN,EL CARMEN
VERIFICACIONES,OCTUBRE 12. 2015,ACCIONES DE PREVENCION,63.238,52,8,20.038,34,15,16.23,-92.15,LIMPIA DE CANAL,MESETA COMITECA TOJOLABAL,COMITAN DE DOMINGUEZ,CABECERA MUNICIPAL
VERIFICACIONES,OCTUBRE 16. 2015,ACCIONES DE PREVENCION,63.361,52,8,20.087,83,8,17.51,-93.1,VERIFICACION DE VIVIENDA,NORTE,PICHUCALCO,CABECERA MUNICIPAL
PRECIPITACION,OCTUBRE 16. 2015,HIDROMETEOROLOGICOS,63.383,1,1,20.09,86,10,15.2,-92.58,PRELIMINAR; AFECTACION DE DOS VIVIENDAS,SOCONUSCO,VILLA COMALTITLAN,CABECERA MUNICIPAL
PRECIPITACION,OCTUBRE 16. 2015,HIDROMETEOROLOGICOS,63.385,1,1,2.81,104,10,14.93,-92.38,PRELIMINAR: AFECTACION DE 30 VIVIENDAS,SOCONUSCO,TAPACHULA,ALVARO OBREGON
PRECIPITACION,OCTUBRE 17. 2015,HIDROMETEOROLOGICOS,63.402,1,1,20.038,34,15,16.24,-92.11,ENCHARCAMIENTO EN DOMICILIO,MESETA COMITECA TOJOLABAL,COMITAN DE DOMINGUEZ,CABECERA MUNICIPAL
PRECIPITACION,OCTUBRE 17. 2015,HIDROMETEOROLOGICOS,63.408,1,1,20.119,115,1,16.75,-93.1,LLUVIAS EN TGZ Y TORMENTA TROPICAL PATRICIA.,METROPOLITANA,TUXTLA GUTIERREZ,CABECERA MUNICIPAL
VERIFICACIONES,OCTUBRE 17. 2015,ACCIONES DE PREVENCION,63.41,52,8,20.119,115,1,16.7,-93.17,ENCHARCAMIENTO DE DOMICILIO,METROPOLITANA,TUXTLA GUTIERREZ,CABECERA MUNICIPAL
PRECIPITACION,OCTUBRE 17. 2015,HIDROMETEOROLOGICOS,63.413,1,1,1.388,89,8,17.87,-93.16,ALERTAMIENTO PREVENTIVO POR PRONOSTICO DE LLUVIAS INTENSAS EN ZONAS BAJAS DEL MUNICIPIO,NORTE,REFORMA,SAN MIGUEL 1RA. SECCION
PRECIPITACION,OCTUBRE 17. 2015,HIDROMETEOROLOGICOS,63.419,1,1,20.087,83,8,17.51,-93.1,AFECTACION HIDROMETEOROLOGICA,NORTE,PICHUCALCO,CABECERA MUNICIPAL
HUNDIMIENTO,OCTUBRE 18. 2015,GEOLOGICOS,63.431,47,3,1.514,83,8,17.47,-93.13,DESLAVE Y HUNDIMIENTO DE CARRETERA,NORTE,PICHUCALCO,TECTUAPAN
PRECIPITACION,OCTUBRE 19. 2015,HIDROMETEOROLOGICOS,63.52,1,1,20.087,83,8,17.52,-93.11,AFECTACIONES POR DESBORDAMIENTO RIO PLATANAR (MEZCALAPA) Y AFECTACION POR INUNDACION,NORTE,PICHUCALCO,CABECERA MUNICIPAL
PRECIPITACION,OCTUBRE 19. 2015,HIDROMETEOROLOGICOS,63.532,1,1,20.087,83,8,17.52,-93.1,CONSEJO REGIONAL SESION EXTRAORDINARIA DE EVALUACION DE DANOS Y NECESIDADES POR AFECTACIONES POR EL FF7,NORTE,PICHUCALCO,CABECERA MUNICIPAL
ENCHARCAMIENTO,OCTUBRE 20. 2015,HIDROMETEOROLOGICOS,63.533,69,1,13.925,113,15,15.85,-91.97,ENCHARCAMIENTO A VIVIENDAS,MESETA COMITECA TOJOLABAL,LA TRINITARIA,CRUCERO DE COLON
PRECIPITACION,OCTUBRE 20. 2015,HIDROMETEOROLOGICOS,63.535,1,1,20.192,113,15,16.12,-92.05,EN CHARCAMIENTOS A VIVIENDAS,MESETA COMITECA TOJOLABAL,LA TRINITARIA,LAGOS DE COLON
DEPRESION TROPICAL,OCTUBRE 19. 2015,HIDROMETEOROLOGICOS,63.542,4,1,1.892,77,8,17.49,-93.43,VERIFICACIONES POR FF.7,NORTE,OSTUACAN,COPANO 2DA. SECCION
VERIFICACIONES,OCTUBRE 20. 2015,ACCIONES DE PREVENCION,63.556,52,8,20.038,34,15,16.25,-92.12,MONITOREO DE PUENTES Y ARROYOS,MESETA COMITECA TOJOLABAL,COMITAN DE DOMINGUEZ,CABECERA MUNICIPAL
PRECIPITACION,ENERO 2. 2016,HIDROMETEOROLOGICOS,67.463,1,1,20.067,63,8,17.61,-93.19,LLUVIAS LIGERAS CONTINUAS POR EL FRENTE FRIO NUMERO 24,NORTE,JUAREZ,CABECERA MUNICIPAL
VERIFICACIONES,ENERO 8. 2016,ACCIONES DE PREVENCION,67.799,52,8,20.119,115,1,16.75,-93.12,ENCHARCAMIENTO,METROPOLITANA,TUXTLA GUTIERREZ,CABECERA MUNICIPAL
DERRAME DE SUSTANCIAS QUIMICAS,ENERO 24. 2016,QUIMICOS,68.627,18,2,20.119,115,1,16.74,-93.09,ENCHARCAMIENTO,METROPOLITANA,TUXTLA GUTIERREZ,CABECERA MUNICIPAL
PRECIPITACION,MARZO 5. 2016,HIDROMETEOROLOGICOS,71.477,1,1,19.887,74,12,17.03,-91.42,ENCHARCAMIENTO,SELVA LACANDONA,OCOSINGO,SANTO DOMINGO
CONTINGENCIA AMBIENTAL,FEBRERO 28. 2016,SANITARIOS,72.125,26,5,20.119,115,1,16.74,-93.1,VALORACION DE RIESGO: FUGAS DE DRENAJE DE LA COLONIA BIENESTAR SOCIAL,METROPOLITANA,TUXTLA GUTIERREZ,CABECERA MUNICIPAL
VERIFICACIONES,MARZO 15. 2016,ACCIONES DE PREVENCION,73.465,52,8,20.119,115,1,16.75,-93.1,VALORACION DE RIESGO DE VIVIENDA POR INUNDACION EN TEMPORADA DE LLUVIA,METROPOLITANA,TUXTLA GUTIERREZ,CABECERA MUNICIPAL
VERIFICACIONES,MARZO 31. 2016,ACCIONES DE PREVENCION,73.539,52,8,1.598,69,10,14.82,-92.41,VERIFICACION DE UN ARBOL,SOCONUSCO,MAZATAN,EMILIANO ZAPATA (LAS VARILLAS)
INCENDIO FORESTAL,ABRIL 8. 2016,QUIMICOS,74.083,12,2,14.292,74,12,16.78,-91.62,ENTREGA DE ERRAMIENTAS PARA LA PREVENCION DE INCENDIOS FORESTALES,SELVA LACANDONA,OCOSINGO,NUEVO SAN JACINTO
ENCHARCAMIENTO,ABRIL 6. 2016,HIDROMETEOROLOGICOS,74.253,69,1,20.119,115,1,16.75,-93.1,VALORACION DE RIESGO DE CASA HABITACION. FRACC. SAN ISIDRO BUENAVISTA,METROPOLITANA,TUXTLA GUTIERREZ,CABECERA MUNICIPAL
PRECIPITACION,ABRIL 22. 2016,HIDROMETEOROLOGICOS,75.167,1,1,20.076,72,11,15.37,-92.25,ENCHARCAMIENTO DE VIVIENDAS,SIERRA MARISCAL,MOTOZINTLA,CABECERA MUNICIPAL
VERIFICACIONES,MAYO 4. 2016,ACCIONES DE PREVENCION,75.985,52,8,20.119,115,1,16.75,-93.1,VERIFICACION DE ENCHARCAMIENTO,METROPOLITANA,TUXTLA GUTIERREZ,CABECERA MUNICIPAL
PRECIPITACION,MAYO 13. 2016,HIDROMETEOROLOGICOS,76.562,1,1,20.084,80,13,17.5,-91.95,PEQUENOS ENCHARCAMIENTO DE AGUA,MAYA,PALENQUE,CABECERA MUNICIPAL
CONTINGENCIA AMBIENTAL,MAYO 10. 2016,SANITARIOS,76.874,26,5,20.119,115,1,16.75,-93.1,VALORACION DE RIESGO: CANAL DE AGUAS PLUVIALES EN MAL ESTADO,METROPOLITANA,TUXTLA GUTIERREZ,CABECERA MUNICIPAL
AFECTACIONES POR LLUVIAS,MAYO 19. 2016,HIDROMETEOROLOGICOS,76.958,80,1,227,93,5,16.73,-92.64,AFECTACIONES POR LLUVIAS,ALTOS TSOTSIL-TSELTAL,SAN CRISTOBAL DE LAS CASAS,SAN CRISTOBAL DE LAS CASAS
ENCHARCAMIENTO,MAYO 20. 2016,HIDROMETEOROLOGICOS,76.993,69,1,251,115,1,16.8,-93.1,VIVIENDA ENCHARCADA,METROPOLITANA,TUXTLA GUTIERREZ,TUXTLA GUTIERREZ
VERIFICACIONES,MAYO 22. 2016,ACCIONES DE PREVENCION,77.062,52,8,20.168,69,10,14.8,-92.51,ALERTAMIENTO DE INUNDACION,SOCONUSCO,MAZATAN,BARRA SAN SIMON
VERIFICACIONES,MAYO 23. 2016,ACCIONES DE PREVENCION,77.098,52,8,20.119,115,1,16.75,-93.11,AFECTACIONES POR LLUVIAS,METROPOLITANA,TUXTLA GUTIERREZ,CABECERA MUNICIPAL
AFECTACIONES POR LLUVIAS,MAYO 27. 2016,HIDROMETEOROLOGICOS,77.39,80,1,251,115,1,16.75,-93.17,CASA ENCHARCADA (TERAN),METROPOLITANA,TUXTLA GUTIERREZ,TUXTLA GUTIERREZ
PRECIPITACION,MAYO 29. 2016,HIDROMETEOROLOGICOS,77.458,1,1,166,42,1,16.7,-93.01,AFECTACIONES POR LLUVIAS Y VIENTOS,METROPOLITANA,CHIAPA DE CORZO,CHIAPA DE CORZO
VERIFICACIONES,MAYO 30. 2016,ACCIONES DE PREVENCION,77.562,52,8,6.881,69,10,14.79,-92.5,VERIFICACON DE VIVIENDA AFECTADA POR FUERTE OLEAJE EN EJIDO SAN SIMON EL AMATAL,SOCONUSCO,MAZATAN,SAN SIMON
PRECIPITACION,MAYO 30. 2016,HIDROMETEOROLOGICOS,77.585,1,1,20.108,104,10,14.89,-92.24,ENCHARCAMIENTO,SOCONUSCO,TAPACHULA,CABECERA MUNICIPAL
PRECIPITACION,MAYO 30. 2016,HIDROMETEOROLOGICOS,77.588,1,1,20.108,104,10,14.9,-92.25,ENCHARCAMIENTO,SOCONUSCO,TAPACHULA,CABECERA MUNICIPAL
PRECIPITACION,MAYO 31. 2016,HIDROMETEOROLOGICOS,77.688,1,1,20.038,34,15,16.24,-92.12,FUERTES LLUVIAS,MESETA COMITECA TOJOLABAL,COMITAN DE DOMINGUEZ,CABECERA MUNICIPAL
AFECTACIONES POR LLUVIAS,JUNIO 22. 2016,HIDROMETEOROLOGICOS,77.721,80,1,20.119,115,1,16.8,-93.1,AFECTACION DE VIVIENDA: COL. LAS GRANJAS,METROPOLITANA,TUXTLA GUTIERREZ,CABECERA MUNICIPAL
ENCHARCAMIENTO,MAYO 23. 2016,HIDROMETEOROLOGICOS,77.732,69,1,20.119,115,1,16.76,-93.1,VALORACION DE RIESGO: COL. LAS DELICIAS,METROPOLITANA,TUXTLA GUTIERREZ,CABECERA MUNICIPAL
PRECIPITACION,JUNIO 2. 2016,HIDROMETEOROLOGICOS,77.756,1,1,20.119,115,1,16.75,-93.11,AFECTACIONES POR LLUVIAS Y VIENTO,METROPOLITANA,TUXTLA GUTIERREZ,CABECERA MUNICIPAL
PRECIPITACION,JUNIO 3. 2016,HIDROMETEOROLOGICOS,77.789,1,1,20.119,115,1,16.77,-93.12,AFECTACIONES POR LLUVIAS,METROPOLITANA,TUXTLA GUTIERREZ,CABECERA MUNICIPAL
PRECIPITACION,JUNIO 3. 2016,HIDROMETEOROLOGICOS,77.79,1,1,20.119,115,1,16.75,-93.1,AFECTACIONES POR LLUVIAS PRELIMINAR,METROPOLITANA,TUXTLA GUTIERREZ,CABECERA MUNICIPAL
PRECIPITACION,JUNIO 4. 2016,HIDROMETEOROLOGICOS,77.805,1,1,20.119,115,1,16.76,-93.16,INUNDACION DE VIVIENDA,METROPOLITANA,TUXTLA GUTIERREZ,CABECERA MUNICIPAL
VERIFICACIONES,JUNIO 4. 2016,ACCIONES DE PREVENCION,77.834,52,8,20.097,93,5,16.7,-92.63,COLAPSO DE BARDA,ALTOS TSOTSIL-TSELTAL,SAN CRISTOBAL DE LAS CASAS,CABECERA MUNICIPAL
DEPRESION TROPICAL,JUNIO 6. 2016,HIDROMETEOROLOGICOS,77.914,4,1,20.119,115,1,16.73,-93.17,DEPRESION TROPICAL 1E,METROPOLITANA,TUXTLA GUTIERREZ,CABECERA MUNICIPAL
ONDA TROPICAL,JUNIO 6. 2016,HIDROMETEOROLOGICOS,77.919,3,1,20.119,115,1,16.77,-93.12,TRABAJOS DE AFECTACIONES POR LLUVIA,METROPOLITANA,TUXTLA GUTIERREZ,CABECERA MUNICIPAL
TORMENTA TROPICAL,JUNIO 6. 2016,HIDROMETEOROLOGICOS,77.967,5,1,8.384,24,9,16.14,-94.1,RECORRIDOS Y MONITOREO DE RIOS Y PESQUERIAS DEBIDO A LA TORMENTA 1 E,ISTMO-COSTA,ARRIAGA,LA GLORIA
TORMENTA TROPICAL,JUNIO 6. 2016,HIDROMETEOROLOGICOS,77.999,5,1,220,84,9,15.68,-93.21,TORMENTA TROPICAL 1-E,ISTMO-COSTA,PIJIJIAPAN,PIJIJIAPAN
PRECIPITACION,JUNIO 8. 2016,HIDROMETEOROLOGICOS,78.084,1,1,20.132,128,12,16.51,-90.64,AFECTACION EN CABECERA MPAL. POR LLUVIA INTENSA POR REMANENTES DE LA TORMENTA TROPICAL E-1,SELVA LACANDONA,BENEMERITO DE LAS AMERICAS,CABECERA MUNICIPAL
VERIFICACIONES,JUNIO 10. 2016,ACCIONES DE PREVENCION,78.164,52,8,20.117,113,15,16.13,-92.06,VERIFICACION DE ALCANTARILLADO,MESETA COMITECA TOJOLABAL,LA TRINITARIA,CABECERA MUNICIPAL
PRECIPITACION,JUNIO 11. 2016,HIDROMETEOROLOGICOS,78.186,1,1,20.045,41,5,16.89,-92.62,AFECTACIONES POR LLUVIAS Y VIENTOS,ALTOS TSOTSIL-TSELTAL,CHENALHO,CABECERA MUNICIPAL
VERIFICACIONES,JUNIO 12. 2016,ACCIONES DE PREVENCION,78.256,52,8,20.119,115,1,16.75,-93.12,AFECTACIONES POR LLUVIAS.,METROPOLITANA,TUXTLA GUTIERREZ,CABECERA MUNICIPAL
VERIFICACIONES,JUNIO 13. 2016,ACCIONES DE PREVENCION,78.298,52,8,20.119,115,1,16.76,-93.12,VERIICACION DE VIVIENDA ENCHARCADA,METROPOLITANA,TUXTLA GUTIERREZ,CABECERA MUNICIPAL
PRECIPITACION,JUNIO 16. 2016,HIDROMETEOROLOGICOS,78.474,1,1,20.119,115,1,16.74,-93.18,INUNDACION DE DOMICILIO. (COL. TIERRA NEGRA).,METROPOLITANA,TUXTLA GUTIERREZ,CABECERA MUNICIPAL
PRECIPITACION,JUNIO 16. 2016,HIDROMETEOROLOGICOS,78.478,1,1,20.053,49,11,15.66,-92.14,AFECTACION A VIVIENDA,SIERRA MARISCAL,FRONTERA COMALAPA,CABECERA MUNICIPAL
DESLIZAMIENTO,JUNIO 16. 2016,GEOLOGICOS,78.529,22,3,20.076,72,11,15.36,-92.25,AFECTACION A VIVIENDA,SIERRA MARISCAL,MOTOZINTLA,CABECERA MUNICIPAL
DEPRESION TROPICAL,JUNIO 18. 2016,HIDROMETEOROLOGICOS,78.607,4,1,20.119,115,1,16.74,-93.17,"TORMENTA TROPICAL ""DANIELLE"" DEL GOLFO DE MEXICO",METROPOLITANA,TUXTLA GUTIERREZ,CABECERA MUNICIPAL
VERIFICACIONES,JUNIO 19. 2016,ACCIONES DE PREVENCION,78.65,52,8,2.372,18,10,15.15,-92.72,VERIFICACION DE VENTANAS DE RIO,SOCONUSCO,ACAPETAHUA,EMBARCADERO RIO ARRIBA
VERIFICACIONES,JUNIO 19. 2016,ACCIONES DE PREVENCION,78.662,52,8,245,109,5,16.55,-92.48,VERIFICACION DE TERRENO,ALTOS TSOTSIL-TSELTAL,TEOPISCA,TEOPISCA
VERIFICACIONES,JUNIO 16. 2016,ACCIONES DE PREVENCION,78.68,52,8,20.032,28,7,17,-92.89,VERIFICACION DE VIVIENDAS,DE LOS BOSQUES,BOCHIL,CABECERA MUNICIPAL
EFECTO DE MAR DE FONDO,JUNIO 20. 2016,GEOLOGICOS,78.701,179,3,20.119,115,1,16.74,-93.17,EFECTO DE MAR DE FONDO,METROPOLITANA,TUXTLA GUTIERREZ,CABECERA MUNICIPAL
VERIFICACIONES,JUNIO 24. 2016,ACCIONES DE PREVENCION,78.956,52,8,20.119,115,1,16.75,-93.12,AFECTACIONES POR LLUVIA,METROPOLITANA,TUXTLA GUTIERREZ,CABECERA MUNICIPAL
VERIFICACIONES,JUNIO 26. 2016,ACCIONES DE PREVENCION,79.088,52,8,20.119,115,1,16.73,-93.18,VERIFICACION DE VIVIENDA ENCHARCADA,METROPOLITANA,TUXTLA GUTIERREZ,CABECERA MUNICIPAL
VERIFICACIONES,JUNIO 26. 2016,ACCIONES DE PREVENCION,79.119,52,8,20.119,115,1,16.75,-93.11,AFECTACIONES POR LLUVIA 27/06/2016,METROPOLITANA,TUXTLA GUTIERREZ,CABECERA MUNICIPAL
VERIFICACIONES,JULIO 3. 2016,ACCIONES DE PREVENCION,79.585,52,8,20.119,115,1,16.77,-93.12,AFECTACIONES POR LLUVIAS (TUXTLA GUTIERREZ),METROPOLITANA,TUXTLA GUTIERREZ,CABECERA MUNICIPAL
PRECIPITACION,JULIO 3. 2016,HIDROMETEOROLOGICOS,79.59,1,1,251,115,1,16.74,-93.14,AFECTACIONES POR LLUVIAS,METROPOLITANA,TUXTLA GUTIERREZ,TUXTLA GUTIERREZ
PRECIPITACION,JULIO 4. 2016,HIDROMETEOROLOGICOS,79.638,1,1,20.09,86,10,15.21,-92.58,INUNDACION EN VIVIENDAS,SOCONUSCO,VILLA COMALTITLAN,CABECERA MUNICIPAL
DESLIZAMIENTO,JUNIO 15. 2016,GEOLOGICOS,79.652,22,3,20.119,115,1,16.77,-93.12,AFECTACION DE CASA HABITACION: COL. SAN ISIDRO,METROPOLITANA,TUXTLA GUTIERREZ,CABECERA MUNICIPAL
VERIFICACIONES,JULIO 8. 2016,ACCIONES DE PREVENCION,80.064,52,8,251,115,1,16.74,-93.08,CASA ENCHARCADA Y BARDA COLAPSADA.,METROPOLITANA,TUXTLA GUTIERREZ,TUXTLA GUTIERREZ
AFECTACIONES POR LLUVIAS,JUNIO 30. 2016,HIDROMETEOROLOGICOS,80.148,80,1,20.119,115,1,16.74,-93.11,VALORACION DE RIESGO: COL. MALDONADO,METROPOLITANA,TUXTLA GUTIERREZ,CABECERA MUNICIPAL
VERIFICACIONES,JUNIO 30. 2016,ACCIONES DE PREVENCION,80.154,52,8,20.119,115,1,16.78,-93.1,VALORACION DE RIESGO: COL. NUEVA ESTRELLA,METROPOLITANA,TUXTLA GUTIERREZ,CABECERA MUNICIPAL
AFECTACIONES POR LLUVIAS,JUNIO 30. 2016,HIDROMETEOROLOGICOS,80.156,80,1,20.119,115,1,16.79,-93.11,AFECTACION DE VIVIENDA: COL. SHANKA,METROPOLITANA,TUXTLA GUTIERREZ,CABECERA MUNICIPAL
AFECTACIONES POR LLUVIAS,JULIO 3. 2016,HIDROMETEOROLOGICOS,80.161,80,1,20.119,115,1,16.75,-93.08,VALORACION DE RIESGO: COL. EL RETIRO,METROPOLITANA,TUXTLA GUTIERREZ,CABECERA MUNICIPAL
CONTINGENCIA AMBIENTAL,JUNIO 30. 2016,SANITARIOS,80.38,26,5,20.119,115,1,16.79,-93.1,VALORACION DE RIESGO: COL. AGRIPINO GUTIERREZ Y LAJAS,METROPOLITANA,TUXTLA GUTIERREZ,CABECERA MUNICIPAL
BAJA PRESION,JULIO 13. 2016,HIDROMETEOROLOGICOS,80.393,2,1,20.036,32,2,16.66,-93.72,AFECTACIONES EN CINTALAPA,VALLES ZOQUE,CINTALAPA,CABECERA MUNICIPAL
VERIFICACIONES,JULIO 13. 2016,ACCIONES DE PREVENCION,80.404,52,8,20.108,104,10,14.9,-92.27,RECORRIDO EN EL EJIDO GENARO VAZQUEZ,SOCONUSCO,TAPACHULA,CABECERA MUNICIPAL
VERIFICACIONES,JULIO 16. 2016,ACCIONES DE PREVENCION,80.631,52,8,251,115,1,16.73,-93.1,ENCHARCAMIENTO A VIVIENDA COL. 2 DE FEBRERO,METROPOLITANA,TUXTLA GUTIERREZ,TUXTLA GUTIERREZ
PRECIPITACION,JULIO 19. 2016,HIDROMETEOROLOGICOS,80.892,1,1,6.431,52,10,15.05,-92.45,ENCHARCAMIENTO DE VIVIENDAS EN HUEHUETAN,SOCONUSCO,HUEHUETAN,CANTON SAN LUIS
ONDA TROPICAL,JULIO 20. 2016,HIDROMETEOROLOGICOS,80.945,3,1,20.084,80,13,17.54,-91.99,AFECTACION POR LA LLUVIA,MAYA,PALENQUE,CABECERA MUNICIPAL
TORMENTA TROPICAL,JULIO 21. 2016,HIDROMETEOROLOGICOS,80.972,5,1,251,115,1,16.73,-93.17,TORMENTA TROPICAL FRANK,METROPOLITANA,TUXTLA GUTIERREZ,TUXTLA GUTIERREZ
PRECIPITACION,JULIO 27. 2016,HIDROMETEOROLOGICOS,81.384,1,1,20.119,115,1,16.75,-93.13,RECORRIDO POR LLUVIAS,METROPOLITANA,TUXTLA GUTIERREZ,CABECERA MUNICIPAL
PRECIPITACION,JULIO 27. 2016,HIDROMETEOROLOGICOS,81.386,1,1,20.119,115,1,16.73,-93.08,MONITOREO POR LLUVIAS (TUXTLA GUTIERREZ),METROPOLITANA,TUXTLA GUTIERREZ,CABECERA MUNICIPAL
EFECTO DE MAR DE FONDO,JULIO 28. 2016,GEOLOGICOS,81.444,179,3,251,115,1,16.75,-93.1,MAR DE FONDO,METROPOLITANA,TUXTLA GUTIERREZ,TUXTLA GUTIERREZ
PRECIPITACION,JULIO 29. 2016,HIDROMETEOROLOGICOS,81.523,1,1,20.119,115,1,16.75,-93.1,VERIFICACION DE ENCHARCAMIENTO,METROPOLITANA,TUXTLA GUTIERREZ,CABECERA MUNICIPAL
DESLIZAMIENTO,JULIO 13. 2016,GEOLOGICOS,81.636,22,3,20.119,115,1,16.74,-93.14,VALORACION DE RIESGO: COLONIA BOSQUES DEL SUR,METROPOLITANA,TUXTLA GUTIERREZ,CABECERA MUNICIPAL
FRENTE FRIO,SEPTIEMBRE 28. 2020,HIDROMETEOROLOGICOS,190.82,61,1,20.087,83,8,17.51,-93.12,ALERTAMIENTO PREVENTIVO POR EL INGRESO DEL FRENTE FRIO NO. 4,NORTE,PICHUCALCO,CABECERA MUNICIPAL
VERIFICACIONES,AGOSTO 17. 2020,ACCIONES DE PREVENCION,187.427,52,8,20.127,123,14,17.17,-92.33,AMPLIACION DE DREN PLUVIAL YAJALON,TULIJA TSELTAL-CHOL,YAJALON,CABECERA MUNICIPAL
DESCONOCIDO,ABRIL 2. 2020,QUIMICOS,178.315,16,2,20.091,87,7,17.15,-92.89,APOYO DE INUNDACION EN EL BARRIO SAN ANASTACIO 3 DE ABRIL DEL 2020,DE LOS BOSQUES,PUEBLO NUEVO SOLISTAHUACAN,CABECERA MUNICIPAL
VERIFICACIONES,AGOSTO 19. 2020,ACCIONES DE PREVENCION,187.605,52,8,146,17,4,16.56,-92.79,APOYO PARA SACAR AGUA DE DOMICILIO,DE LOS LLANOS,ACALA,ACALA
EVENTOS MASIVOS,DICIEMBRE 20. 2020,SOCIOORGANIZATIVOS,197.325,24,4,20.069,65,13,17.53,-91.72,APOYOS ECONOMICOS DE PARTE DEL GOBIENO FEDERAL PARA DAMNIFICADOS POR INUNDACION,MAYA,LA LIBERTAD,CABECERA MUNICIPAL
VERIFICACIONES,NOVIEMBRE 14. 2020,ACCIONES DE PREVENCION,194.646,52,8,20.084,80,13,17.51,-91.98,ATENCION POR LLUVIAS FUERTES EN BARRIOS Y COLONIAS DEL MUNICIPIO DE PALENQUE,MAYA,PALENQUE,CABECERA MUNICIPAL
BAJA PRESION,SEPTIEMBRE 19. 2020,HIDROMETEOROLOGICOS,190.074,2,1,20.044,40,8,17.34,-93.13,BAJA PRESION DESBORDAMIENTO DE ARROYO BARRIO LA ASUNCION CHAPULTENANGO,NORTE,CHAPULTENANGO,CABECERA MUNICIPAL
PRECIPITACION,AGOSTO 29. 2020,HIDROMETEOROLOGICOS,188.411,1,1,20.097,93,5,16.73,-92.59,BARRIOS Y COLONIAS QUE TUVIERON PROBLEMAS DE ENCHARCAMIENTOS,ALTOS TSOTSIL-TSELTAL,SAN CRISTOBAL DE LAS CASAS,CABECERA MUNICIPAL
TORMENTA TROPICAL,JUNIO 2. 2020,HIDROMETEOROLOGICOS,182.173,5,1,166,42,1,16.71,-92.99,CASA INUNDADA COLONIA JOSE MARIA MORELOS Y PAVON CALLE JUAN SABINES,METROPOLITANA,CHIAPA DE CORZO,CHIAPA DE CORZO
VERIFICACIONES,NOVIEMBRE 1. 2020,ACCIONES DE PREVENCION,193.57,52,8,20.119,115,1,16.77,-93.09,CASA INUNDADA INFONAVIT GRIJALVA,METROPOLITANA,TUXTLA GUTIERREZ,CABECERA MUNICIPAL
SERVICIOS GENERALES,NOVIEMBRE 26. 2020,SERVICIOS ADMINISTRATIVOS,195.675,155,9,20.087,83,8,17.51,-93.11,CENSO DE DAMNIFICADOS POR LLUVIAS REGION VIII NORTE,NORTE,PICHUCALCO,CABECERA MUNICIPAL
DEPRESION TROPICAL,NOVIEMBRE 4. 2020,HIDROMETEOROLOGICOS,194.159,4,1,20.096,92,14,17.56,-92.33,"CONTINUIDAD DEL FOLIO 193813 POR AFECTACIONES DE INUNDACION CAUSADAS POR EL FRENTE FRIO #11 Y LA DEPRESION TROPICAL ""ETA""",TULIJA TSELTAL-CHOL,SALTO DE AGUA,CABECERA MUNICIPAL
INUNDACION PLUVIAL,NOVIEMBRE 4. 2020,HIDROMETEOROLOGICOS,194.16,68,1,20.096,92,14,17.56,-92.33,"CONTINUIDAD DEL FOLIO 193813 POR AFECTACIONES DE INUNDACION CAUSADAS POR EL FRENTE FRIO #11 Y LA DEPRESION TROPICAL ""ETA""",TULIJA TSELTAL-CHOL,SALTO DE AGUA,CABECERA MUNICIPAL
BAJA PRESION,JULIO 9. 2020,HIDROMETEOROLOGICOS,184.782,2,1,6.431,52,10,15.02,-92.4,DANOS EN LAS DIFERENTES COMUNIDADES DE HUEHUETAN POR LAS FUERTES LLUVIAS,SOCONUSCO,HUEHUETAN,CANTON SAN LUIS
PRECIPITACION,NOVIEMBRE 2. 2020,HIDROMETEOROLOGICOS,193.608,1,1,20.203,20,8,17.37,-92.82,DAIO A LA INFRAESTRUTURA CARRETERA POR EL FF#11,NORTE,AMATAN,EL NARANJO 1A SECCION
FRENTE FRIO,NOVIEMBRE 6. 2020,HIDROMETEOROLOGICOS,193.951,61,1,3.898,106,7,17.26,-93.02,DAIOS CAUSADOS POR EL FRENTE FRIO NUMERO 11 Y TORMENTA TROPICAL ETA,DE LOS BOSQUES,TAPILULA,PORTACELIS PARTE MEDIA
BAJA PRESION,AGOSTO 21. 2020,HIDROMETEOROLOGICOS,187.819,2,1,7.571,66,9,15.37,-92.9,DEBORDE DE RIO SAN LUIS EN EJIDO ABRAHAM GONZALEZ,ISTMO-COSTA,MAPASTEPEC,ABRAHAM GONZALEZ
DEPRESION TROPICAL,SEPTIEMBRE 18. 2020,HIDROMETEOROLOGICOS,190.048,4,1,3.211,110,14,17.23,-92.42,DEPRESION TROPICAL 22 TILA,TULIJA TSELTAL-CHOL,TILA,PETALCINGO
VERIFICACIONES,AGOSTO 16. 2020,ACCIONES DE PREVENCION,187.375,52,8,252,117,10,15.13,-92.43,DERRUMBE,SOCONUSCO,TUZANTAN,TUZANTAN
HURACAN,JUNIO 3. 2020,HIDROMETEOROLOGICOS,182.247,6,1,20.032,28,7,16.99,-92.89,DESALSOLVE DE ALCANTARILLA,DE LOS BOSQUES,BOCHIL,CABECERA MUNICIPAL
ENCHARCAMIENTO,MAYO 20. 2020,HIDROMETEOROLOGICOS,181.143,69,1,20.059,55,10,15.13,-92.47,ENCHARCAMIENTO EN COL. JIQUILPAN,SOCONUSCO,HUIXTLA,CABECERA MUNICIPAL
ENCHARCAMIENTO,SEPTIEMBRE 13. 2020,HIDROMETEOROLOGICOS,189.672,69,1,174,34,15,16.24,-92.13,ENCHARCAMIENTO EN DOMICILIO,MESETA COMITECA TOJOLABAL,COMITAN DE DOMINGUEZ,COMITAN DE DOMINGUEZ
ENCHARCAMIENTO,SEPTIEMBRE 24. 2020,HIDROMETEOROLOGICOS,190.722,69,1,174,34,15,16.26,-92.13,ENCHARCAMIENTO EN DOMICILIO,MESETA COMITECA TOJOLABAL,COMITAN DE DOMINGUEZ,COMITAN DE DOMINGUEZ
ENCHARCAMIENTO,SEPTIEMBRE 15. 2020,HIDROMETEOROLOGICOS,189.781,69,1,465,113,15,16.09,-91.84,ENCHARCAMIENTO EN VIVIENDAS,MESETA COMITECA TOJOLABAL,LA TRINITARIA,ALVARO OBREGON
INUNDACION FLUVIAL,SEPTIEMBRE 7. 2020,HIDROMETEOROLOGICOS,189.12,67,1,20.043,39,5,16.65,-92.25,ENCHARCAMIENTOS,ALTOS TSOTSIL-TSELTAL,CHANAL,CABECERA MUNICIPAL
PRECIPITACION,SEPTIEMBRE 24. 2020,HIDROMETEOROLOGICOS,190.555,1,1,20.042,38,5,16.78,-92.69,ENCHARCAMIENTOS,ALTOS TSOTSIL-TSELTAL,CHAMULA,CABECERA MUNICIPAL
PRECIPITACION,OCTUBRE 29. 2020,HIDROMETEOROLOGICOS,193.228,1,1,20.093,89,8,17.87,-93.15,ENCHARCAMIENTOS E INUNDACION EN COLONIAS POPULARES DE REFORMA,NORTE,REFORMA,CABECERA MUNICIPAL
ENCHARCAMIENTO,OCTUBRE 1. 2020,HIDROMETEOROLOGICOS,191.337,69,1,174,34,15,16.24,-92.14,ENCHARCAMIENTOS EN DOMICILIOS,MESETA COMITECA TOJOLABAL,COMITAN DE DOMINGUEZ,COMITAN DE DOMINGUEZ
AFECTACIONES POR LLUVIAS,AGOSTO 20. 2020,HIDROMETEOROLOGICOS,187.712,80,1,174,34,15,16.24,-92.13,ENCHARCAMIENTOS POR FUERTES LLUVIAS,MESETA COMITECA TOJOLABAL,COMITAN DE DOMINGUEZ,COMITAN DE DOMINGUEZ
ENCHARCAMIENTO,SEPTIEMBRE 24. 2020,HIDROMETEOROLOGICOS,190.489,69,1,210,74,12,16.94,-92.1,ENCHARCAMIENTOS POR FUERTES LLUVIAS EN LA COMUNIDAD DE SANTO DOMINGO,SELVA LACANDONA,OCOSINGO,OCOSINGO
PRECIPITACION,SEPTIEMBRE 30. 2020,HIDROMETEOROLOGICOS,191.013,1,1,223,89,8,17.86,-93.16,ENCHARCAMIENTOS POR LLUVIAS REFORMA,NORTE,REFORMA,REFORMA
ENCHARCAMIENTO,MAYO 4. 2020,HIDROMETEOROLOGICOS,179.808,69,1,20.097,93,5,16.74,-92.65,ENCHARCAMIENTOS. INUNDACIONES.,ALTOS TSOTSIL-TSELTAL,SAN CRISTOBAL DE LAS CASAS,CABECERA MUNICIPAL
EVENTOS MASIVOS,DICIEMBRE 17. 2020,SOCIOORGANIZATIVOS,197.079,24,4,20.097,93,5,16.72,-92.64,ENTREGA DE APOYO BIENESTAR A PERSONAS AFECTADAS POR LA S LLUVIAS PASADAS.,ALTOS TSOTSIL-TSELTAL,SAN CRISTOBAL DE LAS CASAS,CABECERA MUNICIPAL
DEPRESION TROPICAL,NOVIEMBRE 24. 2020,HIDROMETEOROLOGICOS,195.772,4,1,20.084,80,13,17.5,-91.99,ENTREGA DE AYUDA HUMANITARIA A COMUNIDADES AFECTADAS,MAYA,PALENQUE,CABECERA MUNICIPAL
TORMENTA TROPICAL,NOVIEMBRE 21. 2020,HIDROMETEOROLOGICOS,195.159,5,1,20.097,93,5,16.74,-92.64,ENTREGA DE AYUDA HUMANITARIA A PERSONAS AFECTADAS POR LAS INUNDACIONES,ALTOS TSOTSIL-TSELTAL,SAN CRISTOBAL DE LAS CASAS,CABECERA MUNICIPAL
PRECIPITACION,AGOSTO 4. 2020,HIDROMETEOROLOGICOS,186.5,1,1,20.097,93,5,16.73,-92.65,ENTREGA DE DESPENSAS A PERSONAS AFECTADAS POR LAS FUERTES LLUVIAS,ALTOS TSOTSIL-TSELTAL,SAN CRISTOBAL DE LAS CASAS,CABECERA MUNICIPAL
DEPRESION TROPICAL,NOVIEMBRE 17. 2020,HIDROMETEOROLOGICOS,195.033,4,1,1.388,89,8,17.81,-93.22,ENTREGA DE INSUMOS DE AYUDA HUMANITARIA FF11,NORTE,REFORMA,SAN MIGUEL 1RA. SECCION
DESASOLVES Y CIERRE DE VENTANAS,OCTUBRE 13. 2020,ACCIONES DE PREVENCION,192.124,173,8,219,83,8,17.55,-93,EXTRACCION DE BASURA Y MATERIAL ORGANICO DEL ARROYO ALCOSER RANCHERIA EL AZUFRE 2DA SECCION,NORTE,PICHUCALCO,PICHUCALCO
TORMENTA TROPICAL,JUNIO 2. 2020,HIDROMETEOROLOGICOS,182.152,5,1,20.094,90,15,16.37,-92.38,FECHAS 03.04.05 FUERTES LLUVIAS Y AFECTACIONES OCASIONADAS POR TORMENTA TROPICAL CRISTOBAL,MESETA COMITECA TOJOLABAL,LAS ROSAS,CABECERA MUNICIPAL
REUNIONES,SEPTIEMBRE 28. 2020,ACCIONES DE PREVENCION,190.826,64,8,20.087,83,8,17.51,-93.1,FF#4 CONSEJO REGIONAL ZONA NORTE,NORTE,PICHUCALCO,CABECERA MUNICIPAL
FRENTE FRIO,NOVIEMBRE 22. 2020,HIDROMETEOROLOGICOS,195.209,61,1,20.119,115,1,16.73,-93.17,FRENTE FRIO NUMERO 15,METROPOLITANA,TUXTLA GUTIERREZ,CABECERA MUNICIPAL
FRENTE FRIO,NOVIEMBRE 1. 2020,HIDROMETEOROLOGICOS,193.534,61,1,20.119,115,1,16.73,-93.17,FRENTE FRIO NUMERO 11,METROPOLITANA,TUXTLA GUTIERREZ,CABECERA MUNICIPAL
DESASOLVES Y CIERRE DE VENTANAS,FEBRERO 25. 2020,ACCIONES DE PREVENCION,172.738,173,8,219,83,8,17.51,-93.11,FRENTE FRIO # 41,NORTE,PICHUCALCO,PICHUCALCO
VERIFICACIONES,FEBRERO 13. 2020,ACCIONES DE PREVENCION,171.198,52,8,219,83,8,17.51,-93.11,FRENTE FRIO NUMERO 39,NORTE,PICHUCALCO,PICHUCALCO
FRENTE FRIO,OCTUBRE 29. 2020,HIDROMETEOROLOGICOS,193.226,61,1,219,83,8,17.51,-93.12,FRENTE FRIO # 9,NORTE,PICHUCALCO,PICHUCALCO
DEPRESION TROPICAL,NOVIEMBRE 15. 2020,HIDROMETEOROLOGICOS,194.641,4,1,20.087,83,8,17.52,-93.09,FRENTE FRIO #13 Y DEPRESION TROPICAL TREINTA Y UNO,NORTE,PICHUCALCO,CABECERA MUNICIPAL
TORMENTA TROPICAL,NOVIEMBRE 5. 2020,HIDROMETEOROLOGICOS,193.929,5,1,173,33,3,17.43,-93.52,FRENTE FRIO NUMERO 11-TT ETQ,MEZCALAPA,COAPILLA,COAPILLA
FRENTE FRIO,MARZO 9. 2020,HIDROMETEOROLOGICOS,174.131,61,1,20.119,115,1,16.75,-93.11,FRENTE FRIO NUMERO 44,METROPOLITANA,TUXTLA GUTIERREZ,CABECERA MUNICIPAL
FRENTE FRIO,NOVIEMBRE 2. 2020,HIDROMETEOROLOGICOS,193.585,61,1,219,83,8,17.52,-93.09,FRENTE FRIO NO. 11 Y DEPRESION TROPICAL ETA,NORTE,PICHUCALCO,PICHUCALCO
ONDA TROPICAL,AGOSTO 30. 2020,HIDROMETEOROLOGICOS,188.528,3,1,20.119,115,1,16.75,-93.09,HURACAN CATEGORIA I NANA,METROPOLITANA,TUXTLA GUTIERREZ,CABECERA MUNICIPAL
VERIFICACIONES,SEPTIEMBRE 17. 2020,ACCIONES DE PREVENCION,189.967,52,8,20.087,83,8,17.51,-93.11,IDENTIFICACION DE RIESGO POR CONSTRUCCION DE MURO SOBRE CAUCE DEL ARROYO EL CHALATENCO,NORTE,PICHUCALCO,CABECERA MUNICIPAL
VERIFICACIONES,NOVIEMBRE 7. 2020,ACCIONES DE PREVENCION,194.207,52,8,20.084,80,13,17.7,-92.31,INDUNSACIONES EN EJIDOS Y/O COMUNIDADES,MAYA,PALENQUE,CABECERA MUNICIPAL
HUNDIMIENTO,DICIEMBRE 2. 2020,GEOLOGICOS,196.115,47,3,20.42,20.138,3,16.9,-93.09,INSPECCION A AFECTACIONES DE SEMBRADIOS EN EL EJIDO SALINA CRUZ,MEZCALAPA,MEZCALAPA,RAUDALES MALPASO
PRECIPITACION,JUNIO 24. 2020,HIDROMETEOROLOGICOS,183.714,1,1,20.051,47,10,15.32,-92.66,INUNDACION POR DESBORDAMIENTO DE ARROYO CHALACA. ESCUINTLA,SOCONUSCO,ESCUINTLA,CABECERA MUNICIPAL
INUNDACION FLUVIAL,AGOSTO 19. 2020,HIDROMETEOROLOGICOS,187.598,67,1,2.853,18,10,15.31,-92.72,INUNDACION DE VIVIENDAS EN COLONIA SOCONUSCO MUNICIPIO DE ACAPETAHUA,SOCONUSCO,ACAPETAHUA,SOCONUSCO
INUNDACION FLUVIAL,JUNIO 24. 2020,HIDROMETEOROLOGICOS,183.932,67,1,20.022,18,10,15.29,-92.67,INUNDACION DE VIVIENDAS POR LLUVIAS EN CABECERA MPAL DE ACAPETAHUA,SOCONUSCO,ACAPETAHUA,CABECERA MUNICIPAL
DEPRESION TROPICAL,JUNIO 3. 2020,HIDROMETEOROLOGICOS,182.36,4,1,152,22,5,16.53,-92.43,INUNDACION EN ESCUELA PRIMARIA REVOLUCION,ALTOS TSOTSIL-TSELTAL,AMATENANGO DEL VALLE,AMATENANGO DEL VALLE
VERIFICACIONES,AGOSTO 26. 2020,ACCIONES DE PREVENCION,188.211,52,8,4.191,38,5,16.78,-92.68,INUNDACION EN LA COMUNIDAD DE NICHIN,ALTOS TSOTSIL-TSELTAL,CHAMULA,NICHEN
BAJA PRESION,OCTUBRE 3. 2020,HIDROMETEOROLOGICOS,190.482,2,1,3.045,83,8,17.56,-93.04,INUNDACION FLUVIAL POR DESBORDAMIENTO DEL ARROYO ALCOCER,NORTE,PICHUCALCO,LUIS DONALDO COLOSIO MURRIETA
DEPRESION TROPICAL,OCTUBRE 4. 2020,HIDROMETEOROLOGICOS,191.367,4,1,4.191,38,5,16.8,-92.67,INUNDACION A LA COMUNIDAD NICHEN,ALTOS TSOTSIL-TSELTAL,CHAMULA,NICHEN
TORMENTA TROPICAL,JUNIO 3. 2020,HIDROMETEOROLOGICOS,182.322,5,1,166,42,1,16.75,-93.05,INUNDACION DE VIVIENDA EN LA COLONIA JULIO CESAR RUIZ FERRO,METROPOLITANA,CHIAPA DE CORZO,CHIAPA DE CORZO
HUNDIMIENTO,SEPTIEMBRE 24. 2020,GEOLOGICOS,190.604,47,3,4.32,29,7,17.06,-92.72,INUNDACION DE VIVIENDAS FUERON AFECTADAS,DE LOS BOSQUES,EL BOSQUE,TIERRA CALIENTE
INUNDACION PLUVIAL,SEPTIEMBRE 23. 2020,HIDROMETEOROLOGICOS,190.577,68,1,20.108,104,10,14.87,-92.28,INUNDACION FRACIONAMIENTO LA ARBOLADA,SOCONUSCO,TAPACHULA,CABECERA MUNICIPAL
INUNDACION FLUVIAL,JUNIO 1. 2020,HIDROMETEOROLOGICOS,182.057,67,1,3.439,18,10,15.27,-92.85,INUNDACION POR TORMENTA TROPICAL CRISTOBAL EN EL EJIDO LAS MURALLAS,SOCONUSCO,ACAPETAHUA,LAS MURALLAS
ONDA TROPICAL,NOVIEMBRE 23. 2020,HIDROMETEOROLOGICOS,195.4,3,1,11.018,74,12,16.9,-90.97,INUNDACION ZONA ARQUEOLOGICA DE YAXCHILAN,SELVA LACANDONA,OCOSINGO,FRONTERA COROZAL
ENCHARCAMIENTO,OCTUBRE 2. 2020,HIDROMETEOROLOGICOS,191.165,69,1,210,74,12,16.94,-92.09,INUNDACIONES EN DIFERENTES BARRIOS DE LA CABECERA MUNICIPAL OCOSINGO,SELVA LACANDONA,OCOSINGO,OCOSINGO
ENCHARCAMIENTO,NOVIEMBRE 21. 2020,HIDROMETEOROLOGICOS,195.169,69,1,11.018,74,12,16.81,-90.88,INUNDACIONES Y ENCHARCAMIENTOS DE VIVIENDAS,SELVA LACANDONA,OCOSINGO,FRONTERA COROZAL
VERIFICACIONES,JULIO 9. 2020,ACCIONES DE PREVENCION,184.738,52,8,20.119,115,1,16.74,-93.13,LEVANTAMIENTO DE MATERIAL DE ARRASTRE FRACC. LOMAS,METROPOLITANA,TUXTLA GUTIERREZ,CABECERA MUNICIPAL
REUNIONES,MAYO 13. 2020,ACCIONES DE PREVENCION,180.556,64,8,20.119,115,1,16.76,-93.11,LIMPIEMOS TUXTLA PARA REDUCIR RIESGOS DE INUNDACIONES,METROPOLITANA,TUXTLA GUTIERREZ,CABECERA MUNICIPAL
VERIFICACIONES,MAYO 30. 2020,ACCIONES DE PREVENCION,181.841,52,8,20.119,115,1,16.75,-93.1,LIMPIESA DE ALCANTARILLA,METROPOLITANA,TUXTLA GUTIERREZ,CABECERA MUNICIPAL
LIMPIEZA DE CANON,JUNIO 23. 2020,ACCIONES DE PREVENCION,183.646,94,8,20.083,79,5,16.77,-92.41,LIMPIEZA,ALTOS TSOTSIL-TSELTAL,OXCHUC,CABECERA MUNICIPAL
VERIFICACIONES,SEPTIEMBRE 8. 2020,ACCIONES DE PREVENCION,189.209,52,8,146,17,4,16.56,-92.81,LIMPIEZA DE ALCANTARILLADO,DE LOS LLANOS,ACALA,ACALA
VERIFICACIONES,AGOSTO 31. 2020,ACCIONES DE PREVENCION,188.561,52,8,20.038,34,15,16.24,-92.12,LIMPIEZA DE ALCANTARILLAS,MESETA COMITECA TOJOLABAL,COMITAN DE DOMINGUEZ,CABECERA MUNICIPAL
VERIFICACIONES,MAYO 26. 2020,ACCIONES DE PREVENCION,181.46,52,8,181,52,10,15.02,-92.4,LIMPIEZA DE ALCANTARILLAS EN HUEHUETAN,SOCONUSCO,HUEHUETAN,HUEHUETAN
VERIFICACIONES,AGOSTO 5. 2020,ACCIONES DE PREVENCION,186.533,52,8,7.765,117,10,15.13,-92.45,LIMPIEZA DE ARROYO ACAPA,SOCONUSCO,TUZANTAN,TERCER CANTON LA CURVA
DESASOLVES Y CIERRE DE VENTANAS,JUNIO 18. 2020,ACCIONES DE PREVENCION,183.347,173,8,20.083,79,5,16.77,-92.4,LIMPIEZA DE BANQUETAS Y CALLES POR LA TEMPORADA DE LLUVIAS,ALTOS TSOTSIL-TSELTAL,OXCHUC,CABECERA MUNICIPAL
VERIFICACIONES,AGOSTO 9. 2020,ACCIONES DE PREVENCION,186.851,52,8,2.352,117,10,15.13,-92.43,LIMPIEZA DE CUNETAS Y DESAZOLVE,SOCONUSCO,TUZANTAN,XOCHILTEPEC
VERIFICACIONES,AGOSTO 3. 2020,ACCIONES DE PREVENCION,186.346,52,8,252,117,10,15.14,-92.43,LIMPIEZA DE MALESA Y DESAZOLVE DE CUNETAS,SOCONUSCO,TUZANTAN,TUZANTAN
DESASOLVES Y CIERRE DE VENTANAS,AGOSTO 22. 2020,ACCIONES DE PREVENCION,187.921,173,8,174,34,15,16.23,-92.14,LIMPIEZA DE REJILLAS,MESETA COMITECA TOJOLABAL,COMITAN DE DOMINGUEZ,COMITAN DE DOMINGUEZ
DESASOLVES Y CIERRE DE VENTANAS,SEPTIEMBRE 6. 2020,ACCIONES DE PREVENCION,189.173,173,8,174,34,15,16.25,-92.14,LIMPIEZA DE REJILLAS,MESETA COMITECA TOJOLABAL,COMITAN DE DOMINGUEZ,COMITAN DE DOMINGUEZ
DESASOLVES Y CIERRE DE VENTANAS,SEPTIEMBRE 7. 2020,ACCIONES DE PREVENCION,189.195,173,8,174,34,15,16.25,-92.13,LIMPIEZA DE REJILLAS,MESETA COMITECA TOJOLABAL,COMITAN DE DOMINGUEZ,COMITAN DE DOMINGUEZ
DESASOLVES Y CIERRE DE VENTANAS,SEPTIEMBRE 13. 2020,ACCIONES DE PREVENCION,189.645,173,8,174,34,15,16.24,-92.14,LIMPIEZA DE REJILLAS,MESETA COMITECA TOJOLABAL,COMITAN DE DOMINGUEZ,COMITAN DE DOMINGUEZ
VERIFICACIONES,NOVIEMBRE 9. 2020,ACCIONES DE PREVENCION,194.222,52,8,20.096,92,14,17.56,-92.33,LIMPIEZA Y DESASOLVE DE CALLES POR INUNDACION DEL FRENTE FRIO 11 Y LA DT ETA,TULIJA TSELTAL-CHOL,SALTO DE AGUA,CABECERA MUNICIPAL
VERIFICACIONES,OCTUBRE 5. 2020,ACCIONES DE PREVENCION,191.482,52,8,219,83,8,17.51,-93.1,LIMPIEZA Y DESAZOLVE DE ARROYO EN ESCUELA PRIMARIA,NORTE,PICHUCALCO,PICHUCALCO
6,AGOSTO 27. 2020,ACCIONES DE PREVENCION,188.25,139,8,20.039,35,6,16.12,-92.69,LIMPIEZA Y DESAZOLVE DE DREN PLUVIAL,FRAILESCA,LA CONCORDIA,CABECERA MUNICIPAL
VERIFICACIONES,AGOSTO 30. 2020,ACCIONES DE PREVENCION,188.451,52,8,20.039,35,6,16.12,-92.69,LIMPIEZA Y DESAZOLVE DE DREN PLUVIAL,FRAILESCA,LA CONCORDIA,CABECERA MUNICIPAL
VERIFICACIONES,SEPTIEMBRE 6. 2020,ACCIONES DE PREVENCION,189.051,52,8,219,83,8,17.51,-93.12,LIMPIEZA Y DESAZOLVE DE LA RED PLUVIAL,NORTE,PICHUCALCO,PICHUCALCO
VERIFICACIONES,SEPTIEMBRE 22. 2020,ACCIONES DE PREVENCION,190.379,52,8,219,83,8,17.51,-93.12,LIMPIEZA Y DESAZOLVE DE LA RED PLUVIAL,NORTE,PICHUCALCO,PICHUCALCO
DESASOLVES Y CIERRE DE VENTANAS,SEPTIEMBRE 5. 2020,ACCIONES DE PREVENCION,188.955,173,8,219,83,8,17.51,-93.12,LIMPIEZA Y DESAZOLVE DE LA RED PLUVIAL CALLE BENITO JUAREZ,NORTE,PICHUCALCO,PICHUCALCO
VERIFICACIONES,SEPTIEMBRE 2. 2020,ACCIONES DE PREVENCION,188.772,52,8,20.067,63,8,17.61,-93.19,LIMPIEZA Y DESAZOLVE DE REGISTROS DE CAPTACION DE AGUAS PLUVIALES.,NORTE,JUAREZ,CABECERA MUNICIPAL
VERIFICACIONES,SEPTIEMBRE 3. 2020,ACCIONES DE PREVENCION,188.791,52,8,20.039,35,6,16.12,-92.69,LIMPIEZA Y DESAZOLVE DEL DREN PLUVIAL,FRAILESCA,LA CONCORDIA,CABECERA MUNICIPAL
VERIFICACIONES,SEPTIEMBRE 6. 2020,ACCIONES DE PREVENCION,188.998,52,8,20.039,35,6,16.13,-92.7,LIMPIEZA Y DESAZOLVE DEL DREN PLUVIAL,FRAILESCA,LA CONCORDIA,CABECERA MUNICIPAL
VERIFICACIONES,AGOSTO 26. 2020,ACCIONES DE PREVENCION,188.187,52,8,20.039,35,6,16.12,-92.69,LIMPIEZA Y DESAZOLVE DEL DRENAJE PLUVIAL,FRAILESCA,LA CONCORDIA,CABECERA MUNICIPAL
6,AGOSTO 31. 2020,ACCIONES DE PREVENCION,188.564,139,8,20.039,35,6,16.12,-92.69,LIMPIEZA Y DESAZOLVE DEL DRENAJE PLUVIAL,FRAILESCA,LA CONCORDIA,CABECERA MUNICIPAL
VERIFICACIONES,SEPTIEMBRE 1. 2020,ACCIONES DE PREVENCION,188.631,52,8,20.039,35,6,16.12,-92.69,LIMPIEZA Y DESAZOLVE DEL DRENAJE PLUVIAL,FRAILESCA,LA CONCORDIA,CABECERA MUNICIPAL
VERIFICACIONES,SEPTIEMBRE 7. 2020,ACCIONES DE PREVENCION,189.122,52,8,219,83,8,17.51,-93.12,LIMPIEZA Y DESAZOLVE EL ARROYO EL MEXIQUITO,NORTE,PICHUCALCO,PICHUCALCO
VERIFICACIONES,AGOSTO 4. 2020,ACCIONES DE PREVENCION,186.491,52,8,219,83,8,17.51,-93.1,LIMPIEZA Y DESAZOLVE EN ALCANTARILLA COLONIA NAPANA,NORTE,PICHUCALCO,PICHUCALCO
PRECIPITACION,MAYO 31. 2020,HIDROMETEOROLOGICOS,182.264,1,1,20.067,63,8,17.61,-93.19,LLUVIAS FUERTE POR LA TORMENTA TROPICAL,NORTE,JUAREZ,CABECERA MUNICIPAL
ONDA TROPICAL,MAYO 27. 2020,HIDROMETEOROLOGICOS,181.718,3,1,2.793,63,8,17.61,-93.19,LLUVIAS FUERTES CON RACHAS DE VIENTOS JUAREZ CHIAPAS.,NORTE,JUAREZ,NUEVO VOLCAN CHICHONAL
PRECIPITACION,OCTUBRE 29. 2020,HIDROMETEOROLOGICOS,193.232,1,1,20.067,63,8,17.61,-93.19,LLUVIAS FUERTES POR EL FRENTE FRIO NUM. 9,NORTE,JUAREZ,CABECERA MUNICIPAL
PRECIPITACION,ENERO 31. 2020,HIDROMETEOROLOGICOS,169.748,1,1,239,103,8,17.49,-93.24,LLUVIAS INTENSAS EN SUNUAPA,NORTE,SUNUAPA,SUNUAPA
PRECIPITACION,SEPTIEMBRE 19. 2020,HIDROMETEOROLOGICOS,190.142,1,1,2.46,63,8,17.61,-93.19,LLUVIAS INTENSAS POR LA TORMENTA TROPICAL,NORTE,JUAREZ,SANTA CRUZ TEPATE ABAJO
PRECIPITACION,NOVIEMBRE 2. 2020,HIDROMETEOROLOGICOS,193.659,1,1,2.46,63,8,17.61,-93.19,LLUVIAS POR EL FRENTE FRIO NUM. 11,NORTE,JUAREZ,SANTA CRUZ TEPATE ABAJO
FRENTE FRIO,SEPTIEMBRE 29. 2020,HIDROMETEOROLOGICOS,190.852,61,1,20.087,83,8,17.51,-93.11,MEDIDAS PREVENTIVAS ANTE EL FRENTE FRIO NO. 4. EJECUTA GRUPO ERI.,NORTE,PICHUCALCO,CABECERA MUNICIPAL
ONDA TROPICAL,JUNIO 2. 2020,HIDROMETEOROLOGICOS,182.14,3,1,204,69,10,14.86,-92.45,MONITOREO DE CASAS POR LLUVIAS,SOCONUSCO,MAZATAN,MAZATAN
AFECTACIONES POR LLUVIAS,NOVIEMBRE 4. 2020,HIDROMETEOROLOGICOS,193.855,80,1,20.42,20.138,3,17.18,-93.62,MONITOREO DE NIVELES DE AGUA DE LA PRESA NEZAHUALCOYOTL,MEZCALAPA,MEZCALAPA,RAUDALES MALPASO
ONDA TROPICAL,JULIO 24. 2020,HIDROMETEOROLOGICOS,185.672,3,1,251,115,1,16.72,-93.17,ONDA TROPICAL N.21,METROPOLITANA,TUXTLA GUTIERREZ,TUXTLA GUTIERREZ
ONDA TROPICAL,JULIO 2. 2020,HIDROMETEOROLOGICOS,184.249,3,1,20.119,115,1,16.76,-93.11,ONDA TROPICAL NO. 12,METROPOLITANA,TUXTLA GUTIERREZ,CABECERA MUNICIPAL
ONDA TROPICAL,JULIO 26. 2020,HIDROMETEOROLOGICOS,185.791,3,1,251,115,1,16.73,-93.17,ONDA TROPICAL NO. 22,METROPOLITANA,TUXTLA GUTIERREZ,TUXTLA GUTIERREZ
ONDA TROPICAL,AGOSTO 4. 2020,HIDROMETEOROLOGICOS,186.423,3,1,20.119,115,1,16.75,-93.11,ONDA TROPICAL NO. 25,METROPOLITANA,TUXTLA GUTIERREZ,CABECERA MUNICIPAL
ONDA TROPICAL,AGOSTO 14. 2020,HIDROMETEOROLOGICOS,187.256,3,1,20.119,115,1,16.73,-93.17,ONDA TROPICAL NO. 28,METROPOLITANA,TUXTLA GUTIERREZ,CABECERA MUNICIPAL
ONDA TROPICAL,SEPTIEMBRE 24. 2020,HIDROMETEOROLOGICOS,190.526,3,1,20.119,115,1,16.73,-93.17,ONDA TROPICAL NO. 37,METROPOLITANA,TUXTLA GUTIERREZ,CABECERA MUNICIPAL
ONDA TROPICAL,OCTUBRE 30. 2020,HIDROMETEOROLOGICOS,193.353,3,1,20.119,115,1,16.73,-93.17,ONDA TROPICAL NO. 43,METROPOLITANA,TUXTLA GUTIERREZ,CABECERA MUNICIPAL
ONDA TROPICAL,JULIO 28. 2020,HIDROMETEOROLOGICOS,185.965,3,1,251,115,1,16.73,-93.17,ONDA TROPICAL NO.23,METROPOLITANA,TUXTLA GUTIERREZ,TUXTLA GUTIERREZ
ONDA TROPICAL,JULIO 30. 2020,HIDROMETEOROLOGICOS,186.137,3,1,251,115,1,16.73,-93.17,ONDA TROPICAL NO.24,METROPOLITANA,TUXTLA GUTIERREZ,TUXTLA GUTIERREZ
ONDA TROPICAL,AGOSTO 17. 2020,HIDROMETEOROLOGICOS,187.423,3,1,251,115,1,16.73,-93.17,ONDA TROPICAL NO.29,METROPOLITANA,TUXTLA GUTIERREZ,TUXTLA GUTIERREZ
ONDA TROPICAL,OCTUBRE 2. 2020,HIDROMETEOROLOGICOS,191.17,3,1,20.119,115,1,16.75,-93.1,ONDA TROPICAL NUM 38,METROPOLITANA,TUXTLA GUTIERREZ,CABECERA MUNICIPAL
ONDA TROPICAL,AGOSTO 21. 2020,HIDROMETEOROLOGICOS,187.745,3,1,20.119,115,1,16.75,-93.1,ONDA TROPICAL NUMERO 30,METROPOLITANA,TUXTLA GUTIERREZ,CABECERA MUNICIPAL
ONDA TROPICAL,AGOSTO 25. 2020,HIDROMETEOROLOGICOS,188.075,3,1,20.119,115,1,16.73,-93.17,ONDA TROPICAL NUMERO 31,METROPOLITANA,TUXTLA GUTIERREZ,CABECERA MUNICIPAL
ONDA TROPICAL,AGOSTO 27. 2020,HIDROMETEOROLOGICOS,188.235,3,1,251,115,1,16.73,-93.17,ONDA TROPICAL NUMERO 32,METROPOLITANA,TUXTLA GUTIERREZ,TUXTLA GUTIERREZ
ONDA TROPICAL,AGOSTO 29. 2020,HIDROMETEOROLOGICOS,188.394,3,1,20.119,115,1,16.73,-93.17,ONDA TROPICAL NUMERO 33,METROPOLITANA,TUXTLA GUTIERREZ,CABECERA MUNICIPAL
ONDA TROPICAL,SEPTIEMBRE 4. 2020,HIDROMETEOROLOGICOS,188.861,3,1,251,115,1,16.73,-93.17,ONDA TROPICAL NUMERO 34,METROPOLITANA,TUXTLA GUTIERREZ,TUXTLA GUTIERREZ
ONDA TROPICAL,SEPTIEMBRE 8. 2020,HIDROMETEOROLOGICOS,189.18,3,1,20.119,115,1,16.73,-93.17,ONDA TROPICAL NUMERO 35,METROPOLITANA,TUXTLA GUTIERREZ,CABECERA MUNICIPAL
PRECIPITACION,OCTUBRE 23. 2020,HIDROMETEOROLOGICOS,192.835,1,1,1.448,23,6,15.87,-92.73,OPERATIVIDAD DEPARTAMENTO DE LOGISTICA Y EVALUACION DE DANOS (ERI),FRAILESCA,ANGEL ALBINO CORZO,PLAN DE AYUTLA
ASESORIA DE PROGRAMAS INSTITUCIONALES,AGOSTO 20. 2020,ACCIONES DE PREVENCION,187.763,166,8,174,34,15,16.24,-92.13,PERSONA LESIONADA,MESETA COMITECA TOJOLABAL,COMITAN DE DOMINGUEZ,COMITAN DE DOMINGUEZ
FRENTE FRIO,SEPTIEMBRE 28. 2020,HIDROMETEOROLOGICOS,190.834,61,1,20.111,107,3,17.14,-93.31,PRESCENCIA DE FRENTE FRIO #4 Y AFECTACIONES EN EL MUNICIPIO DE TECPATAN,MEZCALAPA,TECPATAN,CABECERA MUNICIPAL
VERIFICACIONES,MAYO 22. 2020,ACCIONES DE PREVENCION,181.499,52,8,20.126,122,6,16.23,-93.3,REALIZACION DE DESASOLVE COMO ACCION DE PREVENCION,FRAILESCA,VILLAFLORES,CABECERA MUNICIPAL
TORMENTA TROPICAL,JUNIO 4. 2020,HIDROMETEOROLOGICOS,182.457,5,1,7.324,24,9,16.12,-94.02,RECORRIDO A COMUNIDADES POR LLUVIAS,ISTMO-COSTA,ARRIAGA,EL PLEITO
VERIFICACIONES,SEPTIEMBRE 2. 2020,ACCIONES DE PREVENCION,188.706,52,8,210,74,12,16.89,-92.05,RECORRIDO CON EL OBJETIVO DE VISITAR E INSPECCIONAR LOS REFUGIOS TEMPORALES QUE SE PUDIERAN HABILITAR EN CASO DE EVACUACION DE EMERGENCIA POR LA ENTRA,SELVA LACANDONA,OCOSINGO,OCOSINGO
VERIFICACIONES,SEPTIEMBRE 2. 2020,ACCIONES DE PREVENCION,188.708,52,8,210,74,12,16.89,-92.05,RECORRIDO CON EL OBJETIVO DE VISITAR E INSPECCIONAR LOS REFUGIOS TEMPORALES QUE SE PUDIERAN HABILITAR EN CASO DE EVACUACION DE EMERGENCIA POR LA ENTRA,SELVA LACANDONA,OCOSINGO,OCOSINGO
VERIFICACIONES,SEPTIEMBRE 2. 2020,ACCIONES DE PREVENCION,188.709,52,8,210,74,12,16.89,-92.05,"RECORRIDO CON EL OBJETIVO DE VISITAR E INSPECCIONAR LOS REFUGIOS TEMPORALES QUE SE PUDIERAN HABILITAR POR LA TORMENTA TROPICAL ""NANA""",SELVA LACANDONA,OCOSINGO,OCOSINGO
PRECIPITACION,OCTUBRE 3. 2020,HIDROMETEOROLOGICOS,191.354,1,1,160,31,13,17.72,-92.01,RECORRIDO DE EVALUACION EN TRAMO CARRETERO Y COMUNIDADES CATAZAJA,MAYA,CATAZAJA,CATAZAJA
VERIFICACIONES,JUNIO 2. 2020,ACCIONES DE PREVENCION,182.131,52,8,2.298,58,8,16.97,-93.1,RECORRIDO DE INSPECCION Y VERIFICACION A RIOS Y ARROYOS DEL MPIO COMUNIDADES DEBIDO A LAS LLUVIAS OCASIONADAS POR LA TORMENTA TROPICAL CRISTOBAL,NORTE,IXTACOMITAN,SANTA CATARINA 1RA. SECCION
VERIFICACIONES,JUNIO 9. 2020,ACCIONES DE PREVENCION,182.738,52,8,20.119,115,1,16.77,-93.12,RECORRIDO DE LLUVIA VARIOS PUNTOS,METROPOLITANA,TUXTLA GUTIERREZ,CABECERA MUNICIPAL
VERIFICACIONES,JULIO 21. 2020,ACCIONES DE PREVENCION,185.516,52,8,20.119,115,1,16.77,-93.12,RECORRIDO DE LLUVIAS,METROPOLITANA,TUXTLA GUTIERREZ,CABECERA MUNICIPAL
VERIFICACIONES,AGOSTO 21. 2020,ACCIONES DE PREVENCION,187.79,52,8,20.119,115,1,16.76,-93.09,RECORRIDO DE PREVENCION DE LLUVIAS VARIOS PUNTOS,METROPOLITANA,TUXTLA GUTIERREZ,CABECERA MUNICIPAL
PRECIPITACION,JULIO 24. 2020,HIDROMETEOROLOGICOS,185.917,1,1,20.038,34,15,16.24,-92.12,RECORRIDO DE VERIFICACION POR FUERTES LLUVIAS,MESETA COMITECA TOJOLABAL,COMITAN DE DOMINGUEZ,CABECERA MUNICIPAL
PRECIPITACION,SEPTIEMBRE 30. 2020,HIDROMETEOROLOGICOS,191.049,1,1,2.37,31,13,17.72,-92.01,RECORRIDO DE VERIFICACION EJIDO TINTO BOSHAN EN CATAZAJA,MAYA,CATAZAJA,EL TINTO BONSHAN
PRECIPITACION,SEPTIEMBRE 22. 2020,HIDROMETEOROLOGICOS,190.355,1,1,1.944,31,13,17.72,-92.01,RECORRIDO DE VERIFICACION DEL RIO USUMACINTA EN CATAZAJA,MAYA,CATAZAJA,VICENTE GUERRERO
PRECIPITACION,SEPTIEMBRE 28. 2020,HIDROMETEOROLOGICOS,190.943,1,1,160,31,13,17.72,-92.01,RECORRIDO DE VERIFICACION DEL SISTEMA LAGUNAR EN CATAZAJA,MAYA,CATAZAJA,CATAZAJA
PRECIPITACION,OCTUBRE 2. 2020,HIDROMETEOROLOGICOS,191.19,1,1,1.284,80,13,17.51,-91.99,RECORRIDO DE VERIFICACION EJIDO CALATRAVA EN EL MUNICIPIO DE PALENQUE,MAYA,PALENQUE,CALATRABA
VERIFICACIONES,MAYO 18. 2020,ACCIONES DE PREVENCION,180.923,52,8,20.119,115,1,16.75,-93.1,RECORRIDO POR LLUVIAS,METROPOLITANA,TUXTLA GUTIERREZ,CABECERA MUNICIPAL
VERIFICACIONES,JUNIO 17. 2020,ACCIONES DE PREVENCION,183.256,52,8,20.119,115,1,16.75,-93.1,RECORRIDO POR LLUVIAS,METROPOLITANA,TUXTLA GUTIERREZ,CABECERA MUNICIPAL
VERIFICACIONES,JUNIO 21. 2020,ACCIONES DE PREVENCION,183.509,52,8,20.119,115,1,16.77,-93.12,RECORRIDO POR LLUVIAS,METROPOLITANA,TUXTLA GUTIERREZ,CABECERA MUNICIPAL
VERIFICACIONES,AGOSTO 28. 2020,ACCIONES DE PREVENCION,188.348,52,8,20.119,115,1,16.75,-93.1,RECORRIDO POR LLUVIAS,METROPOLITANA,TUXTLA GUTIERREZ,CABECERA MUNICIPAL
VERIFICACIONES,SEPTIEMBRE 15. 2020,ACCIONES DE PREVENCION,189.793,52,8,20.119,115,1,16.75,-93.1,RECORRIDO POR LLUVIAS,METROPOLITANA,TUXTLA GUTIERREZ,CABECERA MUNICIPAL
VERIFICACIONES,SEPTIEMBRE 25. 2020,ACCIONES DE PREVENCION,190.566,52,8,20.119,115,1,16.75,-93.11,RECORRIDO POR LLUVIAS,METROPOLITANA,TUXTLA GUTIERREZ,CABECERA MUNICIPAL
VERIFICACIONES,SEPTIEMBRE 17. 2020,ACCIONES DE PREVENCION,189.982,52,8,20.119,115,1,16.76,-93.09,RECORRIDO POR LLUVIAS ORIENTE (NORTE - SUR),METROPOLITANA,TUXTLA GUTIERREZ,CABECERA MUNICIPAL
VERIFICACIONES,SEPTIEMBRE 5. 2020,ACCIONES DE PREVENCION,188.923,52,8,20.119,115,1,16.76,-93.09,RECORRIDO POR LLUVIAS VARIOS,METROPOLITANA,TUXTLA GUTIERREZ,CABECERA MUNICIPAL
VERIFICACIONES,MAYO 18. 2020,ACCIONES DE PREVENCION,180.866,52,8,20.119,115,1,16.76,-93.09,RECORRIDO POR LLUVIAS VARIOS PUNTOS,METROPOLITANA,TUXTLA GUTIERREZ,CABECERA MUNICIPAL
VERIFICACIONES,JUNIO 1. 2020,ACCIONES DE PREVENCION,181.981,52,8,20.119,115,1,16.75,-93.11,RECORRIDO POR LLUVIAS VARIOS PUNTOS,METROPOLITANA,TUXTLA GUTIERREZ,CABECERA MUNICIPAL
VERIFICACIONES,AGOSTO 26. 2020,ACCIONES DE PREVENCION,188.208,52,8,20.119,115,1,16.78,-93.21,RECORRIDO PREVENTIVO POR LLUVIAS,METROPOLITANA,TUXTLA GUTIERREZ,CABECERA MUNICIPAL
VERIFICACIONES,SEPTIEMBRE 25. 2020,ACCIONES DE PREVENCION,190.607,52,8,20.119,115,1,16.77,-93.12,RECORRIDO PREVENTIVO POR LLUVIAS,METROPOLITANA,TUXTLA GUTIERREZ,CABECERA MUNICIPAL
DEPRESION TROPICAL,NOVIEMBRE 22. 2020,HIDROMETEOROLOGICOS,195.311,4,1,20.084,80,13,17.52,-92,REPORTE DE VIVIENDAS INUNDADAS EN SAN JOSE USUMACINTA,MAYA,PALENQUE,CABECERA MUNICIPAL
REUNIONES,JULIO 1. 2020,ACCIONES DE PREVENCION,184.176,64,8,2.983,55,10,15.11,-92.47,REUNION CON EL COMITE DE LAS LECHUGAS,SOCONUSCO,HUIXTLA,CANTON LAS LECHUGAS 1
REUNIONES,OCTUBRE 27. 2020,ACCIONES DE PREVENCION,193.153,64,8,20.119,115,1,16.75,-93.11,REUNION CON EL COLEGIO DE INGENIEROS CIVILES DE CHIAPAS,METROPOLITANA,TUXTLA GUTIERREZ,CABECERA MUNICIPAL
AFECTACIONES POR LLUVIAS,OCTUBRE 1. 2020,HIDROMETEOROLOGICOS,191.095,80,1,20.062,58,8,16.97,-93.1,REUNION VIRTUAL COMITE REGIONAL DE EMERGENCIAS ZONA NORTE,NORTE,IXTACOMITAN,CABECERA MUNICIPAL
VERIFICACIONES,JULIO 5. 2020,ACCIONES DE PREVENCION,184.468,52,8,5.241,55,10,15.08,-92.49,REUNION. VERIFICACION Y AFECTACIONES POR LLUVIAS Y VENTANA DEL RIO HUIXTLA,SOCONUSCO,HUIXTLA,LA UNION
BAJA PRESION,AGOSTO 20. 2020,HIDROMETEOROLOGICOS,187.658,2,1,8.006,66,9,15.31,-92.93,RUPTURA DE BORDO MARGEN IZQUIERDO RIO SAN NICOLAS,ISTMO-COSTA,MAPASTEPEC,EL CARMEN
LIMPIEZA DE CANON,ENERO 8. 2020,ACCIONES DE PREVENCION,167.162,94,8,20.083,79,5,16.75,-92.4,SE REALIZA LIMPIEZA DE REJILLAS PARA EVITAR INUNDACIONES,ALTOS TSOTSIL-TSELTAL,OXCHUC,CABECERA MUNICIPAL
VERIFICACIONES,JUNIO 7. 2020,ACCIONES DE PREVENCION,182.611,52,8,20.113,109,5,16.55,-92.48,SE REALIZA LIMPIEZA Y SANITIZACION EN LAS VIVIENDAS AFECTADAS,ALTOS TSOTSIL-TSELTAL,TEOPISCA,CABECERA MUNICIPAL
TORMENTA TROPICAL,SEPTIEMBRE 25. 2020,HIDROMETEOROLOGICOS,190.58,5,1,8.006,66,9,15.43,-92.9,SEGUIMIENTO RUPTURA DE BORDO RIO SAN NICOLAS,ISTMO-COSTA,MAPASTEPEC,EL CARMEN
DEPRESION TROPICAL,NOVIEMBRE 8. 2020,HIDROMETEOROLOGICOS,194.172,4,1,219,83,8,17.51,-93.11,SEGUMIENTO AL FOLIO 193585 F. F. 11 Y ETA,NORTE,PICHUCALCO,PICHUCALCO
REUNIONES,SEPTIEMBRE 2. 2020,ACCIONES DE PREVENCION,188.703,64,8,20.087,83,8,17.51,-93.1,SESION EXTRAORDINARIA DEL CONSEJO REGIONAL DE PC ALERTAMIENTO POR LA TORMENTA TROPICAL NANA,NORTE,PICHUCALCO,CABECERA MUNICIPAL
PRECIPITACION,NOVIEMBRE 4. 2020,HIDROMETEOROLOGICOS,193.838,1,1,20.067,63,8,17.61,-93.19,SESION DE CONSEJO MUNICIPAL POR F.F.11,NORTE,JUAREZ,CABECERA MUNICIPAL
REUNIONES,NOVIEMBRE 6. 2020,ACCIONES DE PREVENCION,193.992,64,8,20.067,63,8,17.61,-93.19,SESION EXTRAORDINARIA NUM. 13. INFORME A LAS AUTORIDADES DEL DESFOGUE DE LA PRESA PENITAS.,NORTE,JUAREZ,CABECERA MUNICIPAL
REUNIONES,SEPTIEMBRE 2. 2020,ACCIONES DE PREVENCION,188.716,64,8,189,23,6,15.87,-92.73,SESION EXTRAORDINARIA POR TORMENTA TROPICAL NANA.,FRAILESCA,ANGEL ALBINO CORZO,JALTENANGO DE LA PAZ (ANGEL ALBINO CORZO)
PRECIPITACION,OCTUBRE 24. 2020,HIDROMETEOROLOGICOS,192.851,1,1,2.84,110,14,16.92,-93.27,SISTEMA FRONTAL NO. 8 TILA,TULIJA TSELTAL-CHOL,TILA,LOS MANGOS
ONDA TROPICAL,MAYO 27. 2020,HIDROMETEOROLOGICOS,181.59,3,1,20.119,115,1,16.75,-93.11,TORMENTA TROPICAL AMANDA,METROPOLITANA,TUXTLA GUTIERREZ,CABECERA MUNICIPAL
TORMENTA TROPICAL,SEPTIEMBRE 19. 2020,HIDROMETEOROLOGICOS,190.07,5,1,219,83,8,17.51,-93.12,TORMENTA TROPICAL BETA,NORTE,PICHUCALCO,PICHUCALCO
TORMENTA TROPICAL,JUNIO 2. 2020,HIDROMETEOROLOGICOS,182.118,5,1,181,52,10,15.02,-92.4,TORMENTA TROPICAL CRISTOBAL,SOCONUSCO,HUEHUETAN,HUEHUETAN
TORMENTA TROPICAL,JUNIO 6. 2020,HIDROMETEOROLOGICOS,182.523,5,1,167,43,4,16.57,-92.72,TORMENTA TROPICAL CRISTOBAL- AFECCTACIONES CHIAPILLA,DE LOS LLANOS,CHIAPILLA,CHIAPILLA
TORMENTA TROPICAL,NOVIEMBRE 5. 2020,HIDROMETEOROLOGICOS,193.867,5,1,20.119,115,1,16.73,-93.17,TORMENTA TROPICAL ETA,METROPOLITANA,TUXTLA GUTIERREZ,CABECERA MUNICIPAL
DEPRESION TROPICAL,AGOSTO 15. 2020,HIDROMETEOROLOGICOS,187.268,4,1,20.119,115,1,16.74,-93.17,TORMENTA TROPICAL GENEVIEVE,METROPOLITANA,TUXTLA GUTIERREZ,CABECERA MUNICIPAL
PRECIPITACION,AGOSTO 21. 2020,HIDROMETEOROLOGICOS,187.77,1,1,7.873,47,10,15.33,-92.71,TORMENTA TROPICAL MARCO ATENCION DE EMEGENCIAS ESCUINTLA,SOCONUSCO,ESCUINTLA,CANUTILLO
TORMENTA TROPICAL,SEPTIEMBRE 2. 2020,HIDROMETEOROLOGICOS,188.722,5,1,20.089,85,11,15.46,-92.28,TORMENTA TROPICAL NANA,SIERRA MARISCAL,EL PORVENIR,CABECERA MUNICIPAL
TORMENTA TROPICAL,OCTUBRE 24. 2020,HIDROMETEOROLOGICOS,192.886,5,1,20.119,115,1,16.73,-93.17,TORMENTA TROPICAL ZETA,METROPOLITANA,TUXTLA GUTIERREZ,CABECERA MUNICIPAL
VERIFICACIONES,NOVIEMBRE 14. 2020,ACCIONES DE PREVENCION,194.661,52,8,2.46,63,8,17.61,-93.19,TRABAJOS PREVENTIVOS. DESAZOLVE DEL RIO PICHUCALCO,NORTE,JUAREZ,SANTA CRUZ TEPATE ABAJO
TRASLADOS,NOVIEMBRE 2. 2020,ACCIONES DE PREVENCION,193.634,30,8,2.46,63,8,17.61,-93.19,TRASLADO DE PACIENTE,NORTE,JUAREZ,SANTA CRUZ TEPATE ABAJO
HUNDIMIENTO,SEPTIEMBRE 14. 2020,GEOLOGICOS,189.704,47,3,4.144,56,15,16.2,-91.85,TROMBA(CASAS DAIADAS)COL EL TRINFO,MESETA COMITECA TOJOLABAL,LA INDEPENDENCIA,EL TRIUNFO
AFECTACIONES POR LLUVIAS,AGOSTO 21. 2020,HIDROMETEOROLOGICOS,187.789,80,1,442,116,10,14.8,-92.25,TT MARCO ATENCION EMERGENCIA TUXTLA CHICO,SOCONUSCO,TUXTLA CHICO,GUADALUPE VICTORIA
INUNDACION FLUVIAL,AGOSTO 21. 2020,HIDROMETEOROLOGICOS,187.773,67,1,2.853,18,10,15.32,-92.73,TT MARCO ATENCION EMERGENCIA,SOCONUSCO,ACAPETAHUA,SOCONUSCO
HURACAN,NOVIEMBRE 18. 2020,HIDROMETEOROLOGICOS,194.948,6,1,20.097,93,5,16.73,-92.64,URACAN IOTA,ALTOS TSOTSIL-TSELTAL,SAN CRISTOBAL DE LAS CASAS,CABECERA MUNICIPAL
VERIFICACIONES,FEBRERO 10. 2020,ACCIONES DE PREVENCION,170.971,52,8,251,115,1,16.74,-93.09,"VALORACION DE RIESGO "" VIVIENDA AFECTADA COL. COLONIAL",METROPOLITANA,TUXTLA GUTIERREZ,TUXTLA GUTIERREZ
VERIFICACIONES,AGOSTO 5. 2020,ACCIONES DE PREVENCION,186.825,52,8,251,115,1,16.76,-93.12,VALORACION DE RIESGO BARRIO COLON,METROPOLITANA,TUXTLA GUTIERREZ,TUXTLA GUTIERREZ
VERIFICACIONES,AGOSTO 30. 2020,ACCIONES DE PREVENCION,188.701,52,8,251,115,1,16.76,-93.12,VALORACION DE RIESGO BARRIO COLON,METROPOLITANA,TUXTLA GUTIERREZ,TUXTLA GUTIERREZ
VERIFICACIONES,AGOSTO 5. 2020,ACCIONES DE PREVENCION,186.832,52,8,251,115,1,16.77,-93.17,VALORACION DE RIESGO CENTENARIO TUCHTLAN,METROPOLITANA,TUXTLA GUTIERREZ,TUXTLA GUTIERREZ
VERIFICACIONES,OCTUBRE 6. 2020,ACCIONES DE PREVENCION,191.708,52,8,251,115,1,16.8,-93.11,VALORACION DE RIESGO COL. JARDINES DEL NORTE,METROPOLITANA,TUXTLA GUTIERREZ,TUXTLA GUTIERREZ
VERIFICACIONES,DICIEMBRE 16. 2020,ACCIONES DE PREVENCION,197.09,52,8,251,115,1,16.74,-93.13,VALORACION DE RIESGO COL. LOMAS DEL SUR,METROPOLITANA,TUXTLA GUTIERREZ,TUXTLA GUTIERREZ
VERIFICACIONES,DICIEMBRE 10. 2020,ACCIONES DE PREVENCION,196.842,52,8,251,115,1,16.77,-93.12,VALORACION DE RIESGO COL. PARAISO BAJO,METROPOLITANA,TUXTLA GUTIERREZ,TUXTLA GUTIERREZ
VERIFICACIONES,NOVIEMBRE 22. 2020,ACCIONES DE PREVENCION,195.542,52,8,251,115,1,16.76,-93.07,VALORACION DE RIESGO COL. PATRIA NUEVA,METROPOLITANA,TUXTLA GUTIERREZ,TUXTLA GUTIERREZ
VERIFICACIONES,JULIO 2. 2020,ACCIONES DE PREVENCION,184.436,52,8,251,115,1,16.75,-93.16,VALORACION DE RIESGO COL. PRIVADAS 11 DE SEPTIEMBRE,METROPOLITANA,TUXTLA GUTIERREZ,TUXTLA GUTIERREZ
VERIFICACIONES,JUNIO 8. 2020,ACCIONES DE PREVENCION,182.644,52,8,251,115,1,16.75,-93.09,VALORACION DE RIESGO DE BARDA PERIMETRAL COLAPSADA COL. LOS CHOFERES,METROPOLITANA,TUXTLA GUTIERREZ,TUXTLA GUTIERREZ
VERIFICACIONES,JULIO 20. 2020,ACCIONES DE PREVENCION,185.872,52,8,251,115,1,16.7,-93.17,VALORACION DE RIESGO DE VIVIENDA AFECTADA POR FILTRACION DE AGUA DEL PREDIO COLINDANTE FRACC. REAL DEL BOSQUE.,METROPOLITANA,TUXTLA GUTIERREZ,TUXTLA GUTIERREZ
VERIFICACIONES,JUNIO 2. 2020,ACCIONES DE PREVENCION,182.117,52,8,251,115,1,16.74,-93.12,VALORACION DE RIESGO DE VIVIENDA AFECTADA POR LLUVIAS BARRIO SAN FRANCISCO,METROPOLITANA,TUXTLA GUTIERREZ,TUXTLA GUTIERREZ
VERIFICACIONES,AGOSTO 23. 2020,ACCIONES DE PREVENCION,188.093,52,8,251,115,1,16.76,-93.18,VALORACION DE RIESGO DE VIVIENDAS CON ENCHARCAMIENTO COL. PLAN DE AYALA,METROPOLITANA,TUXTLA GUTIERREZ,TUXTLA GUTIERREZ
VERIFICACIONES,SEPTIEMBRE 10. 2020,ACCIONES DE PREVENCION,189.344,52,8,251,115,1,16.75,-93.15,VALORACION DE RIESGO FRACC. FOVISTE MACTUMATZA,METROPOLITANA,TUXTLA GUTIERREZ,TUXTLA GUTIERREZ
VERIFICACIONES,AGOSTO 10. 2020,ACCIONES DE PREVENCION,187.146,52,8,251,115,1,16.78,-93.09,VALORACION DE RIESGO FRACC. LAS AGUILAS,METROPOLITANA,TUXTLA GUTIERREZ,TUXTLA GUTIERREZ
VERIFICACIONES,AGOSTO 2. 2020,ACCIONES DE PREVENCION,186.626,52,8,251,115,1,16.74,-93.08,VALORACION DE RIESGO FRACCIONAMIENTO SANTOS,METROPOLITANA,TUXTLA GUTIERREZ,TUXTLA GUTIERREZ
VERIFICACIONES,JUNIO 2. 2020,ACCIONES DE PREVENCION,182.15,52,8,20.094,90,15,16.37,-92.38,VERIFICACION E INSPECCION DE CAUCES FLUVIALES POR LLUVIAS,MESETA COMITECA TOJOLABAL,LAS ROSAS,CABECERA MUNICIPAL
VERIFICACIONES,AGOSTO 27. 2020,ACCIONES DE PREVENCION,188.282,52,8,2.544,111,9,16.05,-93.86,VERIFICACION ENCHARCAMIENTO,ISTMO-COSTA,TONALA,PAREDON
VERIFICACIONES,MAYO 26. 2020,ACCIONES DE PREVENCION,181.592,52,8,20.094,90,15,16.37,-92.37,VERIFICACION Y CHAPORREO DE CANAL FLUVIAL EN LA SAGRADA FAMILIA,MESETA COMITECA TOJOLABAL,LAS ROSAS,CABECERA MUNICIPAL
VERIFICACIONES,JUNIO 2. 2020,ACCIONES DE PREVENCION,182.1,52,8,20.094,90,15,16.38,-92.37,VERIFICACION Y EVACUACION DE UNA FAMILIA POR INUNDACION,MESETA COMITECA TOJOLABAL,LAS ROSAS,CABECERA MUNICIPAL
VERIFICACIONES,JUNIO 30. 2020,ACCIONES DE PREVENCION,184.141,52,8,20.094,90,15,16.37,-92.37,VERIFICACION Y LEVANTAMIENTO DE BASURA EN CANAL FLUVIAL,MESETA COMITECA TOJOLABAL,LAS ROSAS,CABECERA MUNICIPAL
VERIFICACIONES,JULIO 5. 2020,ACCIONES DE PREVENCION,184.503,52,8,20.094,90,15,16.36,-92.37,VERIFICACION Y NIVELACION DE CANAL FLUVIAL,MESETA COMITECA TOJOLABAL,LAS ROSAS,CABECERA MUNICIPAL
VERIFICACIONES,MAYO 19. 2020,ACCIONES DE PREVENCION,180.975,52,8,20.34,115,1,16.75,-93.16,VERIFICACION DE ALCANTARILLA CON MATERIAL DE ARRASTRE PITREO ( COL. TERAN Y BVLD. ANGEL ALBINO CORZO),METROPOLITANA,TUXTLA GUTIERREZ,LOMA BONITA TERAN
VERIFICACIONES,MAYO 13. 2020,ACCIONES DE PREVENCION,180.544,52,8,20.119,115,1,16.75,-93.15,VERIFICACION DE ALCANTARILLA FRACC. MONTES AZULES,METROPOLITANA,TUXTLA GUTIERREZ,CABECERA MUNICIPAL
VERIFICACIONES,OCTUBRE 15. 2020,ACCIONES DE PREVENCION,192.249,52,8,20.119,115,1,16.76,-93.13,VERIFICACION DE ALCANTARILLADO,METROPOLITANA,TUXTLA GUTIERREZ,CABECERA MUNICIPAL
TORMENTA TROPICAL,SEPTIEMBRE 6. 2020,HIDROMETEOROLOGICOS,189.012,5,1,3.17,45,11,15.68,-92.31,VERIFICACION DE ALCANTARILLAS SOLVADAS LOCALIDAD PIEDRA LABRADA.,SIERRA MARISCAL,CHICOMUSELO,PIEDRA LABRADA
BAJA PRESION,SEPTIEMBRE 21. 2020,HIDROMETEOROLOGICOS,190.291,2,1,1.284,80,13,17.52,-91.99,VERIFICACION DE DAIOS A CULTIVOS Y RECORRIDOS POR FUERTES LLUVIAS,MAYA,PALENQUE,CALATRABA
VERIFICACIONES,MAYO 26. 2020,ACCIONES DE PREVENCION,181.567,52,8,20.12,116,10,14.94,-92.16,VERIFICACION DE SALIDA DE AGUAS NEGRAS,SOCONUSCO,TUXTLA CHICO,CABECERA MUNICIPAL
VERIFICACIONES,JUNIO 18. 2020,ACCIONES DE PREVENCION,183.326,52,8,20.094,90,15,16.37,-92.37,VERIFICACION DE UNA CASA QUE SUFRE DE ENCHARCAMIENTO POR LLUVIA,MESETA COMITECA TOJOLABAL,LAS ROSAS,CABECERA MUNICIPAL
VERIFICACIONES,SEPTIEMBRE 9. 2020,ACCIONES DE PREVENCION,189.321,52,8,205,70,10,14.84,-92.19,VERIFICACION DEL CAUCE DE LOS RIOS EN METAPA DE DOMINGUEZ,SOCONUSCO,METAPA,METAPA DE DOMINGUEZ
VERIFICACIONES,SEPTIEMBRE 5. 2020,ACCIONES DE PREVENCION,188.947,52,8,20.115,111,9,16.09,-93.77,VERIFICACION DE AGUA ENCHARCADA,ISTMO-COSTA,TONALA,CABECERA MUNICIPAL
VERIFICACIONES,AGOSTO 9. 2020,ACCIONES DE PREVENCION,186.906,52,8,5.114,30,10,15.03,-92.16,VERIFICACION DE BARDA COLAPSADA,SOCONUSCO,CACAHOATAN,FAJA DE ORO
VERIFICACIONES,JUNIO 22. 2020,ACCIONES DE PREVENCION,183.584,52,8,1.991,116,10,14.98,-92.17,VERIFICACION DE CUNETAS Y ALCANTARILLAS EN SECCION LA GRANJA,SOCONUSCO,TUXTLA CHICO,SECCION LA GRANJA
TORMENTA TROPICAL,NOVIEMBRE 5. 2020,HIDROMETEOROLOGICOS,193.948,5,1,171,32,2,16.69,-93.73,VERIFICACION DE DANOS POR LA TORMENTA TROPICAL ETA Y FRENTE FRIO 11 EN EL TRAMO COL. FRANCISCO I MADERO-UNIDAD MODELO Y COMUNIDADES AFECTADAS,VALLES ZOQUE,CINTALAPA,CINTALAPA DE FIGUEROA
ONDA TROPICAL,JUNIO 3. 2020,HIDROMETEOROLOGICOS,182.245,3,1,220,84,9,15.69,-93.2,VERIFICACION DE DANOS POR LLUVIAS EN EL EJIDO CENICERO,ISTMO-COSTA,PIJIJIAPAN,PIJIJIAPAN
VERIFICACIONES,SEPTIEMBRE 18. 2020,ACCIONES DE PREVENCION,190.036,52,8,20.108,104,10,14.86,-92.28,VERIFICACION DE EMBOBEDADO,SOCONUSCO,TAPACHULA,CABECERA MUNICIPAL
VERIFICACIONES,SEPTIEMBRE 18. 2020,ACCIONES DE PREVENCION,190.039,52,8,20.059,55,10,15.14,-92.46,VERIFICACION DE ENCHARCAMIENTO,SOCONUSCO,HUIXTLA,CABECERA MUNICIPAL
VERIFICACIONES,JULIO 9. 2020,ACCIONES DE PREVENCION,184.808,52,8,20.059,55,10,15.15,-92.47,VERIFICACION DE ENCHARCAMIENTO Y SOCAVON,SOCONUSCO,HUIXTLA,CABECERA MUNICIPAL
VERIFICACIONES,SEPTIEMBRE 12. 2020,ACCIONES DE PREVENCION,189.676,52,8,205,70,10,14.84,-92.19,VERIFICACION DE LOS RIOS PARA VER EL NIVEL DE SU CAUCE,SOCONUSCO,METAPA,METAPA DE DOMINGUEZ
VERIFICACIONES,MARZO 2. 2020,ACCIONES DE PREVENCION,173.418,52,8,20.218,86,10,15.22,-92.57,VERIFICACION DE PREVENCION Y MITIGACION DE RIESGO DEL RIO CHALAQUITA,SOCONUSCO,VILLA COMALTITLAN,BARRIO CHALACA
VERIFICACIONES,SEPTIEMBRE 2. 2020,ACCIONES DE PREVENCION,188.736,52,8,20.059,55,10,15.13,-92.47,VERIFICACION DE PUNTOS VULNERABLES POR LLUVIA TT NANA,SOCONUSCO,HUIXTLA,CABECERA MUNICIPAL
VERIFICACIONES,OCTUBRE 20. 2020,ACCIONES DE PREVENCION,192.617,52,8,20.059,55,10,15.14,-92.46,VERIFICACION DE PUNTOS VULNERABLES POR LLUVIAS,SOCONUSCO,HUIXTLA,CABECERA MUNICIPAL
PRECIPITACION,SEPTIEMBRE 5. 2020,HIDROMETEOROLOGICOS,188.941,1,1,1.284,80,13,17.51,-91.99,VERIFICACION DE RIO USUMACINTA EJIDO CALATRAVA,MAYA,PALENQUE,CALATRABA
TORMENTA TROPICAL,MAYO 29. 2020,HIDROMETEOROLOGICOS,181.831,5,1,219,83,8,17.51,-93.11,VERIFICACION DE RIOS Y ARROYOS DEL MUNICIPIO POR FF65 Y DT02,NORTE,PICHUCALCO,PICHUCALCO
VERIFICACIONES,AGOSTO 16. 2020,ACCIONES DE PREVENCION,187.36,52,8,20.059,55,10,15.15,-92.47,VERIFICACION DE SOCAVON Y ENCHARCAMIENTOS COL. RELICARIO,SOCONUSCO,HUIXTLA,CABECERA MUNICIPAL
TORMENTA TROPICAL,JUNIO 3. 2020,HIDROMETEOROLOGICOS,182.188,5,1,3.563,42,1,16.7,-92.96,VERIFICACION DE UNA INUNDACION EN EL POBLADO LA ESPERANZA,METROPOLITANA,CHIAPA DE CORZO,LA ESPERANZA
VERIFICACIONES,JUNIO 3. 2020,ACCIONES DE PREVENCION,182.285,52,8,20.115,111,9,16.08,-93.76,VERIFICACION DE VIVIENDA,ISTMO-COSTA,TONALA,CABECERA MUNICIPAL
VERIFICACIONES,JUNIO 22. 2020,ACCIONES DE PREVENCION,183.566,52,8,5.114,30,10,15,-92.17,VERIFICACION DE VIVIENDA,SOCONUSCO,CACAHOATAN,CACAHOATAN
VERIFICACIONES,SEPTIEMBRE 22. 2020,ACCIONES DE PREVENCION,190.386,52,8,20.115,111,9,16.09,-93.76,VERIFICACION DE VIVIENDA ENCHARCADA,ISTMO-COSTA,TONALA,CABECERA MUNICIPAL
VERIFICACIONES,SEPTIEMBRE 10. 2020,ACCIONES DE PREVENCION,189.392,52,8,20.059,55,10,15.13,-92.47,VERIFICACION DE ZONAS VULNERABLES,SOCONUSCO,HUIXTLA,CABECERA MUNICIPAL
VERIFICACIONES,AGOSTO 18. 2020,ACCIONES DE PREVENCION,187.512,52,8,20.059,55,10,15.14,-92.48,VERIFICACION DE ZONAS VULNERABLES Y COL. RELICARIO,SOCONUSCO,HUIXTLA,CABECERA MUNICIPAL
PRECIPITACION,OCTUBRE 2. 2020,HIDROMETEOROLOGICOS,191.285,1,1,20.08,76,2,16.87,-93.4,VERIFICACION POR AFECTACION POR LLUVIA,VALLES ZOQUE,OCOZOCOAUTLA DE ESPINOSA,CABECERA MUNICIPAL
HUNDIMIENTO,AGOSTO 28. 2020,GEOLOGICOS,188.338,47,3,210,74,12,16.91,-92.06,VERIFICACION POR INUNDACION DE UN INMUEBLE AL BARRIO LAS VEGAS,SELVA LACANDONA,OCOSINGO,OCOSINGO
ONDA TROPICAL,JULIO 26. 2020,HIDROMETEOROLOGICOS,185.831,3,1,251,115,1,16.72,-93.17,VERIFICACION POR LLUVIAS POR ONDA TROPICAL NO.22,METROPOLITANA,TUXTLA GUTIERREZ,TUXTLA GUTIERREZ
VERIFICACIONES,JUNIO 23. 2020,ACCIONES DE PREVENCION,183.635,52,8,219,83,8,17.51,-93.1,VERIFICACION Y REALIZACION DE ZANGA PREVENTIVA COLONIA NAPANA,NORTE,PICHUCALCO,PICHUCALCO
AFECTACIONES POR LLUVIAS,AGOSTO 20. 2020,HIDROMETEOROLOGICOS,187.715,80,1,8.408,42,1,16.74,-93.02,VIVIENDA INUNDADA EN LA COLONIA SAN FRANCISCO,METROPOLITANA,CHIAPA DE CORZO,SAN FRANCISCO
VERIFICACIONES,OCTUBRE 6. 2020,ACCIONES DE PREVENCION,191.543,52,8,5.114,30,10,15.01,-92.16,VIVIENDA AFECTADA POR FUERTES LLUVIAS,SOCONUSCO,CACAHOATAN,CACAHOATAN
VERIFICACIONES,ENERO 3. 2020,ACCIONES DE PREVENCION,166.613,52,8,20.119,115,1,16.75,-93.16,VIVIENDA ENCHARCADA,METROPOLITANA,TUXTLA GUTIERREZ,CABECERA MUNICIPAL
TORMENTA TROPICAL,JUNIO 2. 2020,HIDROMETEOROLOGICOS,182.174,5,1,4.122,42,1,16.64,-93,VIVIENDA INUNDADA COLONIA SALVADOR URBINA CALLE ANTONIO MARTINEZ NUM. 25 .,METROPOLITANA,CHIAPA DE CORZO,SALVADOR URBINA
AFECTACIONES POR LLUVIAS,AGOSTO 28. 2020,HIDROMETEOROLOGICOS,188.374,80,1,166,42,1,16.75,-93.05,VIVIENDAS INUNDADAS EN LA COLONIA JULIO CESAR RUIZ FERRO,METROPOLITANA,CHIAPA DE CORZO,CHIAPA DE CORZO
DEPRESION TROPICAL,NOVIEMBRE 26. 2020,HIDROMETEOROLOGICOS,195.643,4,1,170,46,14,17.11,-92.27,VIVIENDAS AFECTADAS POR EL FF.11 Y 13 DEPRECION TROPICAL ETA E IOTA EN EL MUNICIPIO DE CHILON,TULIJA TSELTAL-CHOL,CHILON,CHILON
PRECIPITACION,AGOSTO 22. 2020,HIDROMETEOROLOGICOS,187.804,1,1,220,84,9,15.69,-93.21,VIVIENDAS INUNDADAS EN LA COMUNIDAD JOAQUIN MIGUEL GUTIERREZ,ISTMO-COSTA,PIJIJIAPAN,PIJIJIAPAN
VERIFICACIONES,ENERO 2. 2021,ACCIONES DE PREVENCION,198.061,52,8,20.094,90,15,16.35,-92.38,VERIFICACION EN EL PANTEON MUNICIPAL POR ENCHARCAMIENTO,MESETA COMITECA TOJOLABAL,LAS ROSAS,CABECERA MUNICIPAL
VERIFICACIONES,ENERO 5. 2021,ACCIONES DE PREVENCION,198.311,52,8,251,115,1,16.71,-93.12,VALORACION DE RIESGO COL. COPOYA,METROPOLITANA,TUXTLA GUTIERREZ,TUXTLA GUTIERREZ
PRECIPITACION,ENERO 6. 2021,HIDROMETEOROLOGICOS,198.358,1,1,20.052,48,3,17.32,-93.27,VIVIENDA AFECTADAS POR EL FRENTE FRIO N0 25,MEZCALAPA,FRANCISCO LEON,CABECERA MUNICIPAL
PRECIPITACION,ENERO 7. 2021,HIDROMETEOROLOGICOS,198.382,1,1,643,40,8,17.34,-93.13,AFECTACIONES EN EL TRAMO CHAPULTENANGO-RIO NEGRO POR EL FRENTE FRIO 25,NORTE,CHAPULTENANGO,RIO NEGRO
VERIFICACIONES,ENERO 27. 2021,ACCIONES DE PREVENCION,200.004,52,8,13.45,107,3,17.14,-93.3,VERIFICACION DE VIVIENDA,MEZCALAPA,TECPATAN,SAN MARCOS
VERIFICACIONES,ENERO 27. 2021,ACCIONES DE PREVENCION,200.003,52,8,10.587,107,3,17.14,-93.31,VERIFICACION DE VIVIENDA,MEZCALAPA,TECPATAN,EL EDEN
VERIFICACIONES,ENERO 27. 2021,ACCIONES DE PREVENCION,200.411,52,8,251,115,1,16.8,-93.11,"VALORACION DE RIESGO DE VIVIENDA "" COL. LAS GRANJAS",METROPOLITANA,TUXTLA GUTIERREZ,TUXTLA GUTIERREZ
VERIFICACIONES,FEBRERO 14. 2021,ACCIONES DE PREVENCION,201.639,52,8,5.114,30,10,15.03,-92.16,VERIFICACION DE AGUAS NEGRAS,SOCONUSCO,CACAHOATAN,CACAHOATAN
VERIFICACIONES,MARZO 15. 2021,ACCIONES DE PREVENCION,204.651,52,8,251,115,1,16.76,-93.09,VALORACION DE RIESGO FRACC. INFONAVIT EL ROSARIO,METROPOLITANA,TUXTLA GUTIERREZ,TUXTLA GUTIERREZ
FRENTE FRIO,MARZO 17. 2021,HIDROMETEOROLOGICOS,204.704,61,1,20.111,107,3,17.14,-93.41,AFECTACIONES POR FRENTE FRIO NUMERO 43,MEZCALAPA,TECPATAN,CABECERA MUNICIPAL
VERIFICACIONES,MARZO 17. 2021,ACCIONES DE PREVENCION,204.948,52,8,251,115,1,16.74,-93.12,VALORACION DE RIESGO BARRIO SAN FRANCISCO,METROPOLITANA,TUXTLA GUTIERREZ,TUXTLA GUTIERREZ
AFECTACIONES POR LLUVIAS,MARZO 17. 2021,HIDROMETEOROLOGICOS,204.661,80,1,20.038,34,15,16.24,-92.12,FUERTES LLUVIAS,MESETA COMITECA TOJOLABAL,COMITAN DE DOMINGUEZ,CABECERA MUNICIPAL
FRENTE FRIO,MARZO 25. 2021,HIDROMETEOROLOGICOS,204.761,61,1,401,110,14,17.45,-92.55,AFECTACIONES F. F. 43 TILA,TULIJA TSELTAL-CHOL,TILA,ALVARO OBREGON
AFECTACIONES POR LLUVIAS,MARZO 28. 2021,HIDROMETEOROLOGICOS,205.804,80,1,20.108,104,10,14.87,-92.26,AFECTACION POR LLUVIA ATIPICA,SOCONUSCO,TAPACHULA,CABECERA MUNICIPAL
VERIFICACIONES,ABRIL 18. 2021,ACCIONES DE PREVENCION,207.736,52,8,20.119,115,1,16.73,-93.11,VERIFICACION DE VIVIENDA ENCHARCADA COL. COQUELEQUITSAN,METROPOLITANA,TUXTLA GUTIERREZ,CABECERA MUNICIPAL
SERVICIOS GENERALES,ABRIL 25. 2021,SERVICIOS ADMINISTRATIVOS,208.549,155,9,20.084,80,13,17.5,-91.98,DESAZOLVE EN LAS DIFERENTES COLONIAS DE PALENQUE,MAYA,PALENQUE,CABECERA MUNICIPAL
VERIFICACIONES,MAYO 2. 2021,ACCIONES DE PREVENCION,208.905,52,8,219,83,8,17.51,-93.12,DESAZOLVE DE AL CANTARILLADO,NORTE,PICHUCALCO,PICHUCALCO
VERIFICACIONES,MAYO 4. 2021,ACCIONES DE PREVENCION,209.163,52,8,10.952,27,1,16.91,-93.39,DESAZOLVE DE LOS SUMIDEROS Y RIO EN EL DIVISADERO,METROPOLITANA,BERRIOZABAL,EL DIVISADERO
VERIFICACIONES,MAYO 4. 2021,ACCIONES DE PREVENCION,209.114,52,8,171,32,2,16.7,-93.72,VERIFICACION Y DESASOLVE DE REJILLAS Y ALCANTARILLAS EN CINTALAPA,VALLES ZOQUE,CINTALAPA,CINTALAPA DE FIGUEROA
INUNDACION PLUVIAL,MAYO 4. 2021,HIDROMETEOROLOGICOS,209.09,68,1,8.52,72,11,15.37,-92.25,AYUDA DE LIMPIEZA A VIVIENDA AFECTADA,SIERRA MARISCAL,MOTOZINTLA,LOMA BONITA
VERIFICACIONES,MAYO 5. 2021,ACCIONES DE PREVENCION,209.15,52,8,146,17,4,16.55,-92.79,DESSASOLVE DE DREN PLUBIAL,DE LOS LLANOS,ACALA,ACALA
VERIFICACIONES,MAYO 5. 2021,ACCIONES DE PREVENCION,209.183,52,8,145,16,10,15.34,-92.68,VERIFICACION ENCHARCAMIENTO EN VIVIENDA,SOCONUSCO,ACACOYAGUA,ACACOYAGUA
VERIFICACIONES,MAYO 6. 2021,ACCIONES DE PREVENCION,209.519,52,8,251,115,1,16.71,-93.12,VALORACION DE RIESGOS COL. EL JOBO,METROPOLITANA,TUXTLA GUTIERREZ,TUXTLA GUTIERREZ
VERIFICACIONES,MAYO 7. 2021,ACCIONES DE PREVENCION,209.328,52,8,20.119,115,1,16.77,-93.19,VERIFCACION,METROPOLITANA,TUXTLA GUTIERREZ,CABECERA MUNICIPAL
VERIFICACIONES,MAYO 7. 2021,ACCIONES DE PREVENCION,209.312,52,8,20.119,115,1,16.76,-93.09,VERIFICACION DE VIVIENDA,METROPOLITANA,TUXTLA GUTIERREZ,CABECERA MUNICIPAL
VERIFICACIONES,MAYO 12. 2021,ACCIONES DE PREVENCION,209.678,52,8,238,101,1,16.63,-93.1,APOYO A DESASOLVE,METROPOLITANA,SUCHIAPA,SUCHIAPA
VERIFICACIONES,MAYO 14. 2021,ACCIONES DE PREVENCION,209.85,52,8,5.114,30,10,15,-92.16,INUNDACION DE VIVIENDA,SOCONUSCO,CACAHOATAN,CACAHOATAN
VERIFICACIONES,MAYO 15. 2021,ACCIONES DE PREVENCION,209.889,52,8,20.409,16,10,15.34,-92.68,VERIFICACION Y DESASOLVE EN ARROYO AJALAPITAA BARRIO 15 DE ENERO ACACOYAGUA,SOCONUSCO,ACACOYAGUA,BARRIO 15 DE ENERO
ENCHARCAMIENTO,MAYO 15. 2021,HIDROMETEOROLOGICOS,209.924,69,1,174,34,15,16.24,-92.14,ENCHARCAMIENTOS,MESETA COMITECA TOJOLABAL,COMITAN DE DOMINGUEZ,COMITAN DE DOMINGUEZ
PRECIPITACION,MAYO 17. 2021,HIDROMETEOROLOGICOS,210.068,1,1,20.05,46,14,17.1,-92.27,AFECTACION POR LLUVIAS,TULIJA TSELTAL-CHOL,CHILON,CABECERA MUNICIPAL
BAJA PRESION,MAYO 19. 2021,HIDROMETEOROLOGICOS,210.293,2,1,221,87,7,17.16,-92.89,ENCHARCAMIENTO DE VIVIENDA. Y AFECTACION POR RAYO,DE LOS BOSQUES,PUEBLO NUEVO SOLISTAHUACAN,PUEBLO NUEVO SOLISTAHUACAN
DESASOLVES Y CIERRE DE VENTANAS,MAYO 26. 2021,ACCIONES DE PREVENCION,210.744,173,8,20.062,58,8,16.83,-93.08,DESASOLVE,NORTE,IXTACOMITAN,CABECERA MUNICIPAL
VERIFICACIONES,JUNIO 4. 2021,ACCIONES DE PREVENCION,211.389,52,8,20.059,55,10,15.14,-92.46,VERIFICACION DE ZONAS VULNERABLES,SOCONUSCO,HUIXTLA,CABECERA MUNICIPAL
PRECIPITACION,JUNIO 9. 2021,HIDROMETEOROLOGICOS,211.739,1,1,8.006,66,9,15.44,-92.89,RUPTURA DE BORDO MARGEN IZQUIERDO RIO SAN NICOLAS,ISTMO-COSTA,MAPASTEPEC,EL CARMEN
PRECIPITACION,JUNIO 10. 2021,HIDROMETEOROLOGICOS,211.893,1,1,4.801,46,14,17.11,-92.27,DESBORDAMIENTO DE ARROLLO EN EL POBLADO JOL SACJUN DEL MUNICIPIO DE CHILON,TULIJA TSELTAL-CHOL,CHILON,JOL SACUN
BAJA PRESION,JUNIO 11. 2021,HIDROMETEOROLOGICOS,211.885,2,1,251,115,1,16.75,-93.1,TORMENTA TROPICAL DOLORES,METROPOLITANA,TUXTLA GUTIERREZ,TUXTLA GUTIERREZ
INUNDACION PLUVIAL,JUNIO 12. 2021,HIDROMETEOROLOGICOS,211.922,68,1,840,80,13,17.7,-92.26,INUNDACIONES EN VIVIENDAS,MAYA,PALENQUE,BAJADAS GRANDES
ONDA TROPICAL,JUNIO 13. 2021,HIDROMETEOROLOGICOS,212.003,3,1,6.029,92,14,17.62,-92.49,ENCHARCAMIENTO DE VIVIENDAS DEBIDO A LAS FUERTES LLUVIAS,TULIJA TSELTAL-CHOL,SALTO DE AGUA,NUEVO JOSHIL (LOMA BONITA)
PRECIPITACION,JUNIO 13. 2021,HIDROMETEOROLOGICOS,212.044,1,1,20.113,109,5,16.55,-92.47,ENCHARCAMIENTO DE VIVIENDA POR INTENSAS LLUVIAS,ALTOS TSOTSIL-TSELTAL,TEOPISCA,CABECERA MUNICIPAL
VERIFICACIONES,JUNIO 22. 2021,ACCIONES DE PREVENCION,212.829,52,8,157,27,1,16.8,-93.26,VERIFICACION DE CASA INUNDANDOSE POR FUERTE LLUVIA,METROPOLITANA,BERRIOZABAL,BERRIOZABAL
VERIFICACIONES,JUNIO 22. 2021,ACCIONES DE PREVENCION,212.831,52,8,157,27,1,16.8,-93.27,VERIFICACION DE CASA INUNDANDOSE POR FUERTE LLUVIA BARRIO PENJAMO,METROPOLITANA,BERRIOZABAL,BERRIOZABAL
VERIFICACIONES,JUNIO 22. 2021,ACCIONES DE PREVENCION,212.812,52,8,157,27,1,16.81,-93.28,VERIFICACION DE VIVIENDA POR FUERTE LLUVIA ( ENCHARCAMIENTOS POR TAPONAMIENTO DE DRENAJE),METROPOLITANA,BERRIOZABAL,BERRIOZABAL
VERIFICACIONES,JUNIO 23. 2021,ACCIONES DE PREVENCION,212.98,52,8,171,32,2,16.66,-93.72,VERIFICACION DE UNA VIVIENDA INUNDADA BARRIO SAN MARTIN,VALLES ZOQUE,CINTALAPA,CINTALAPA DE FIGUEROA
VERIFICACIONES,JUNIO 24. 2021,ACCIONES DE PREVENCION,212.972,52,8,20.027,23,6,15.87,-92.73,VERIFICACION DE UNA VIVIENDA,FRAILESCA,ANGEL ALBINO CORZO,CABECERA MUNICIPAL
ENCHARCAMIENTO,JUNIO 24. 2021,HIDROMETEOROLOGICOS,213.014,69,1,184,55,10,15.13,-92.47,ENCHARCAMIENTO POR LLUVIA,SOCONUSCO,HUIXTLA,HUIXTLA
VERIFICACIONES,JUNIO 27. 2021,ACCIONES DE PREVENCION,213.71,52,8,251,115,1,16.76,-93.13,VALORACION DE RIESGO 12 PONIENTE BARRIO EL MAGUEYITO,METROPOLITANA,TUXTLA GUTIERREZ,TUXTLA GUTIERREZ
AFECTACIONES POR LLUVIAS,JUNIO 27. 2021,HIDROMETEOROLOGICOS,213.214,80,1,166,42,1,16.71,-92.99,INUNDACION DE VIVIENDA EN AVENIDA BENITO JUAREZ COL. JOSE MARIA MORELOS Y PAVON,METROPOLITANA,CHIAPA DE CORZO,CHIAPA DE CORZO
VERIFICACIONES,JUNIO 28. 2021,ACCIONES DE PREVENCION,213.31,52,8,20.119,115,1,16.75,-93.1,AFECTACIONES POR LLUVIA 2021 -,METROPOLITANA,TUXTLA GUTIERREZ,CABECERA MUNICIPAL
ONDA TROPICAL,JUNIO 28. 2021,HIDROMETEOROLOGICOS,213.284,3,1,20.119,115,1,16.75,-93.11,RECORRIDO DE VERIFICACION POR LLUVIAS.,METROPOLITANA,TUXTLA GUTIERREZ,CABECERA MUNICIPAL
PRECIPITACION,JUNIO 29. 2021,HIDROMETEOROLOGICOS,213.342,1,1,2.041,117,10,15.13,-92.46,ENCHARCAMIENTO EN LA COMUNIDAD DE 1ER CANTON LA CURVA,SOCONUSCO,TUZANTAN,PRIMER CANTON
PRECIPITACION,JUNIO 30. 2021,HIDROMETEOROLOGICOS,213.393,1,1,20.119,115,1,16.75,-93.11,AFECTACION POR LLUVIAS,METROPOLITANA,TUXTLA GUTIERREZ,CABECERA MUNICIPAL
VERIFICACIONES,JUNIO 30. 2021,ACCIONES DE PREVENCION,213.392,52,8,20.119,115,1,16.76,-93.09,AFECTACIONES POR LLUVIAS (VARIOS PUNTOS),METROPOLITANA,TUXTLA GUTIERREZ,CABECERA MUNICIPAL
PRECIPITACION,JUNIO 30. 2021,HIDROMETEOROLOGICOS,213.396,1,1,20.119,115,1,16.75,-93.11,AFECTACION POR LLUVIAS,METROPOLITANA,TUXTLA GUTIERREZ,CABECERA MUNICIPAL
ENCHARCAMIENTO,JUNIO 30. 2021,HIDROMETEOROLOGICOS,213.455,69,1,2.785,92,14,17.58,-92.37,VERIFICACION DE VIVIENDAS QUE SUFRIERON ENCHARCAMIENTO,TULIJA TSELTAL-CHOL,SALTO DE AGUA,LUMIJA
VERIFICACIONES,JULIO 1. 2021,ACCIONES DE PREVENCION,213.497,52,8,20.031,27,1,16.81,-93.26,VERIFICACION DE CALLEJON Y AFECTACION EN BARDA,METROPOLITANA,BERRIOZABAL,CABECERA MUNICIPAL
VERIFICACIONES,JULIO 2. 2021,ACCIONES DE PREVENCION,213.565,52,8,20.119,115,1,16.74,-93.13,ACORDONAMIENTO DE AREA BARRIO GUADALUPE,METROPOLITANA,TUXTLA GUTIERREZ,CABECERA MUNICIPAL
VERIFICACIONES,JULIO 2. 2021,ACCIONES DE PREVENCION,213.59,52,8,20.031,27,1,16.8,-93.26,VERIFICACION EN VIVERO POR AFECTACION,METROPOLITANA,BERRIOZABAL,CABECERA MUNICIPAL
AFECTACIONES POR LLUVIAS,JULIO 3. 2021,HIDROMETEOROLOGICOS,213.681,80,1,240,104,10,14.91,-92.27,VERIFICACION DE CASAS INUNDADAS,SOCONUSCO,TAPACHULA,TAPACHULA DE CORDOVA Y ORDONEZ
VERIFICACIONES,JULIO 4. 2021,ACCIONES DE PREVENCION,213.739,52,8,20.119,115,1,16.75,-93.1,AFECTACIONES POR LLUVIAS,METROPOLITANA,TUXTLA GUTIERREZ,CABECERA MUNICIPAL
VERIFICACIONES,JULIO 4. 2021,ACCIONES DE PREVENCION,213.769,52,8,157,27,1,16.81,-93.26,INUNDACION DE CRIADERO DE PERROS,METROPOLITANA,BERRIOZABAL,BERRIOZABAL
AFECTACIONES POR LLUVIAS,JULIO 5. 2021,HIDROMETEOROLOGICOS,213.793,80,1,20.407,67,15,16.47,-92.03,AFECTACIONES POR LLUVIAS,MESETA COMITECA TOJOLABAL,LAS MARGARITAS,PLAN DE AYALA
VERIFICACIONES,JULIO 6. 2021,ACCIONES DE PREVENCION,213.969,52,8,20.115,111,9,16.09,-93.76,DESAZOLVE DE ALCANTARILLA,ISTMO-COSTA,TONALA,CABECERA MUNICIPAL
VERIFICACIONES,JULIO 8. 2021,ACCIONES DE PREVENCION,214.417,52,8,251,115,1,16.75,-93.17,VALORACION DE RIESGO COL. TERAN,METROPOLITANA,TUXTLA GUTIERREZ,TUXTLA GUTIERREZ
VERIFICACIONES,JULIO 9. 2021,ACCIONES DE PREVENCION,214.197,52,8,171,32,2,16.66,-93.72,APOYO DE VERIFICACION Y DESASOLVE DE LAS ALCANTARILLAS DEL HOSPITAL BASICO COMUNITARIO,VALLES ZOQUE,CINTALAPA,CINTALAPA DE FIGUEROA
VERIFICACIONES,JULIO 13. 2021,ACCIONES DE PREVENCION,214.897,52,8,251,115,1,16.77,-93.09,VALORACION DE RIESGO FRACC. PARAISO 1,METROPOLITANA,TUXTLA GUTIERREZ,TUXTLA GUTIERREZ
VERIFICACIONES,JULIO 13. 2021,ACCIONES DE PREVENCION,214.522,52,8,20.087,83,8,17.51,-93.12,DESAZOLVE DE ARROYOS,NORTE,PICHUCALCO,CABECERA MUNICIPAL
DESASOLVES Y CIERRE DE VENTANAS,JULIO 14. 2021,ACCIONES DE PREVENCION,214.581,173,8,20.084,80,13,17.5,-91.98,DESAZOLVE DE ARROYO DE AGUAS NEGRAS,MAYA,PALENQUE,CABECERA MUNICIPAL
VERIFICACIONES,JULIO 14. 2021,ACCIONES DE PREVENCION,215.133,52,8,251,115,1,16.73,-93.08,VALORACION DE RIESGO FRACC. SABINES,METROPOLITANA,TUXTLA GUTIERREZ,TUXTLA GUTIERREZ
VERIFICACIONES,JULIO 20. 2021,ACCIONES DE PREVENCION,215.87,52,8,251,115,1,16.76,-93.17,VALORACION DE RIESGO COL. TERAN,METROPOLITANA,TUXTLA GUTIERREZ,TUXTLA GUTIERREZ
VERIFICACIONES,JULIO 22. 2021,ACCIONES DE PREVENCION,216.028,52,8,251,115,1,16.77,-93.18,VALORACION DE RIESGO COL. PLAN DE AYALA,METROPOLITANA,TUXTLA GUTIERREZ,TUXTLA GUTIERREZ
PRECIPITACION,JULIO 28. 2021,HIDROMETEOROLOGICOS,215.665,1,1,220,84,9,15.69,-93.21,VERIFICASION POR ENCHARCAMIENTO,ISTMO-COSTA,PIJIJIAPAN,PIJIJIAPAN
AFECTACIONES POR LLUVIAS,AGOSTO 3. 2021,HIDROMETEOROLOGICOS,216.158,80,1,4.122,42,1,16.63,-93,DESAZOLVE DE LA CALLE ELDIPIO GUILLEN COLONIA SALVADOR URBINA,METROPOLITANA,CHIAPA DE CORZO,SALVADOR URBINA
VERIFICACIONES,AGOSTO 4. 2021,ACCIONES DE PREVENCION,216.731,52,8,251,115,1,16.75,-93.13,VALORACION DE RIESGO COL. XAMAIPAK,METROPOLITANA,TUXTLA GUTIERREZ,TUXTLA GUTIERREZ
AFECTACIONES POR LLUVIAS,AGOSTO 5. 2021,HIDROMETEOROLOGICOS,216.246,80,1,716,92,14,17.29,-92.02,VERIFICACION POR UN DESLAVE,TULIJA TSELTAL-CHOL,SALTO DE AGUA,ARROYO EL ENCANTO 1RA. SECCION
VERIFICACIONES,AGOSTO 6. 2021,ACCIONES DE PREVENCION,216.345,52,8,20.119,115,1,16.75,-93.1,AFECTACIONES POR LLUVIAS,METROPOLITANA,TUXTLA GUTIERREZ,CABECERA MUNICIPAL
PRECIPITACION,AGOSTO 6. 2021,HIDROMETEOROLOGICOS,216.346,1,1,20.119,115,1,16.75,-93.11,AFECTACION POR LLUVIAS (FRACCIONAMIENTO LA ILUSION ),METROPOLITANA,TUXTLA GUTIERREZ,CABECERA MUNICIPAL
VERIFICACIONES,AGOSTO 7. 2021,ACCIONES DE PREVENCION,216.56,52,8,250,116,10,14.93,-92.17,VERIFICACION A VIVIENDA INUNDADAS,SOCONUSCO,TUXTLA CHICO,TUXTLA CHICO
VERIFICACIONES,AGOSTO 7. 2021,ACCIONES DE PREVENCION,216.445,52,8,2.156,117,10,15.07,-92.44,VERIFICACION DE VIVIENDA,SOCONUSCO,TUZANTAN,CUARTO CANTON
TORMENTA TROPICAL,AGOSTO 8. 2021,HIDROMETEOROLOGICOS,216.646,5,1,2.414,52,10,15.02,-92.4,VERIFICACION DE ZONA BAJAS ANTE LA TORMENTA KEVIN,SOCONUSCO,HUEHUETAN,CUYAMIAPA
INUNDACION PLUVIAL,AGOSTO 8. 2021,HIDROMETEOROLOGICOS,216.496,68,1,3.077,18,10,15.23,-92.8,AFECTASION POR INUNDASION EN RANCHERIA FUNDADORES LAS GARZAS EN EL MUNICIPIO DE ACAPETAHUA,SOCONUSCO,ACAPETAHUA,LAS GARZAS
ONDA TROPICAL,AGOSTO 8. 2021,HIDROMETEOROLOGICOS,216.633,3,1,10.198,66,9,15.32,-92.92,ENCHARCAMIENTOS SEVEROS EN EJIDO EL CARMEN,ISTMO-COSTA,MAPASTEPEC,EL CARMEN
VERIFICACIONES,AGOSTO 14. 2021,ACCIONES DE PREVENCION,216.961,52,8,20.115,111,9,16.09,-93.76,VERIFICACION DE ENCHARCAMIENTOS,ISTMO-COSTA,TONALA,CABECERA MUNICIPAL
VERIFICACIONES,AGOSTO 14. 2021,ACCIONES DE PREVENCION,216.962,52,8,20.115,111,9,16.09,-93.76,VERIFICACION DE ENCHARCAMIENTOS,ISTMO-COSTA,TONALA,CABECERA MUNICIPAL
VERIFICACIONES,AGOSTO 15. 2021,ACCIONES DE PREVENCION,216.963,52,8,20.115,111,9,16.09,-93.76,VERIFICACION DE ALCATARILLAS,ISTMO-COSTA,TONALA,CABECERA MUNICIPAL
SERVICIOS GENERALES,AGOSTO 15. 2021,SERVICIOS ADMINISTRATIVOS,216.999,155,9,20.087,83,8,17.51,-93.1,IDENTIFICACION DE VIVIENDAS EN RIESGO POR REMOSION EN MASA E INUNDACIONES,NORTE,PICHUCALCO,CABECERA MUNICIPAL
PRECIPITACION,AGOSTO 18. 2021,HIDROMETEOROLOGICOS,217.225,1,1,2.775,117,10,15.16,-92.41,LIMPIEZA DE CASA HABITACION POR ENCHARCAMIENTOS,SOCONUSCO,TUZANTAN,FRANCISCO SARABIA 2DA. SECCION
PRECIPITACION,AGOSTO 18. 2021,HIDROMETEOROLOGICOS,217.244,1,1,220,84,9,15.69,-93.21,VIVIENDAS AFECTADAS POR ENCHARCAMIENTO,ISTMO-COSTA,PIJIJIAPAN,PIJIJIAPAN
INUNDACION FLUVIAL,AGOSTO 19. 2021,HIDROMETEOROLOGICOS,217.277,67,1,4.132,18,10,15.26,-92.8,AFECTACIONES POR LA ONDA TROPICAL NUMERO 22,SOCONUSCO,ACAPETAHUA,ABSALON CASTELLANOS DOMINGUEZ
TORMENTA TROPICAL,AGOSTO 21. 2021,HIDROMETEOROLOGICOS,217.396,5,1,20.105,101,1,16.73,-93.17,TORMENTA TROPICAL NORA,METROPOLITANA,SUCHIAPA,CABECERA MUNICIPAL
TORMENTA TROPICAL,AGOSTO 22. 2021,HIDROMETEOROLOGICOS,217.506,5,1,136,66,9,15.44,-92.9,VERIFICACION DE AFECTACIONES POR RUPTURA DE BORDO MARGEN DERECHO RIO NOVILLERO,ISTMO-COSTA,MAPASTEPEC,LOS AMATES
VERIFICACIONES,AGOSTO 22. 2021,ACCIONES DE PREVENCION,217.655,52,8,20.027,23,6,15.87,-92.72,CASA INUNDADA,FRAILESCA,ANGEL ALBINO CORZO,CABECERA MUNICIPAL
HURACAN,AGOSTO 23. 2021,HIDROMETEOROLOGICOS,217.625,6,1,7.465,121,6,16.17,-93.08,ENCHARCAMIENTO DEL BARRIO NUEVA LIBERTAD Y MATILISGUATAL DE LA COL. REVOLUCION MEX.,FRAILESCA,VILLA CORZO,REVOLUCION MEXICANA
VERIFICACIONES,AGOSTO 24. 2021,ACCIONES DE PREVENCION,218.136,52,8,251,115,1,16.76,-93.12,VALORACION DE RIESGO BARRIO SANTO DOMINGO,METROPOLITANA,TUXTLA GUTIERREZ,TUXTLA GUTIERREZ
AFECTACIONES POR LLUVIAS,AGOSTO 24. 2021,HIDROMETEOROLOGICOS,217.723,80,1,12.97,104,10,14.81,-92.29,ENCHARCAMIENTO DE VIVIENDAS,SOCONUSCO,TAPACHULA,EL MANZANO
PRECIPITACION,AGOSTO 24. 2021,HIDROMETEOROLOGICOS,217.681,1,1,663,84,9,15.69,-93.21,AFECTACIONES POR LLUVIAS,ISTMO-COSTA,PIJIJIAPAN,CENICEROS
PRECIPITACION,AGOSTO 25. 2021,HIDROMETEOROLOGICOS,217.798,1,1,7.817,86,10,15.13,-92.57,ENCHARCAMIENTOS EN VIVIENDAS DE LA RANCHERIA SAN MIGUEL,SOCONUSCO,VILLA COMALTITLAN,SAN MIGUEL
VERIFICACIONES,AGOSTO 25. 2021,ACCIONES DE PREVENCION,218.201,52,8,251,115,1,16.76,-93.18,VALORACION DE RIESGO COL. JUAN CRISPIN,METROPOLITANA,TUXTLA GUTIERREZ,TUXTLA GUTIERREZ
VERIFICACIONES,AGOSTO 26. 2021,ACCIONES DE PREVENCION,218.213,52,8,251,115,1,16.75,-93.16,VALORACION DE RIESGO COL. SAN JOSE TERAN,METROPOLITANA,TUXTLA GUTIERREZ,TUXTLA GUTIERREZ
VERIFICACIONES,AGOSTO 27. 2021,ACCIONES DE PREVENCION,217.896,52,8,20.115,111,9,16.09,-93.77,VERIFICACION DE ALCATARILLAS,ISTMO-COSTA,TONALA,CABECERA MUNICIPAL
VERIFICACIONES,AGOSTO 28. 2021,ACCIONES DE PREVENCION,218.363,52,8,251,115,1,16.75,-93.16,VALORACION DE RIESGO COL. MUNICIPAL LOS PRESIDENTES,METROPOLITANA,TUXTLA GUTIERREZ,TUXTLA GUTIERREZ
VERIFICACIONES,AGOSTO 28. 2021,ACCIONES DE PREVENCION,217.99,52,8,20.119,115,1,16.73,-93.17,RECORRIDO DE VERIFICACION POR LLUVIAS.,METROPOLITANA,TUXTLA GUTIERREZ,CABECERA MUNICIPAL
VERIFICACIONES,AGOSTO 28. 2021,ACCIONES DE PREVENCION,218.021,52,8,20.031,27,1,16.79,-93.27,VERIFICACION POR AFECTACIONES DE LLUVIAS EN VIVIENDAS,METROPOLITANA,BERRIOZABAL,CABECERA MUNICIPAL
VERIFICACIONES,AGOSTO 29. 2021,ACCIONES DE PREVENCION,218.065,52,8,20.037,33,3,17.13,-93.15,AFECTACIONES POR LAS FUERTES LLUVIAS,MEZCALAPA,COAPILLA,CABECERA MUNICIPAL
VERIFICACIONES,AGOSTO 29. 2021,ACCIONES DE PREVENCION,218.046,52,8,251,115,1,16.75,-93.11,VALORACIONES DE RIESGOS EN VIVIENDAS TRAS LA LLUVIA DEL 29 DE AGOSTO,METROPOLITANA,TUXTLA GUTIERREZ,TUXTLA GUTIERREZ
VERIFICACIONES,AGOSTO 29. 2021,ACCIONES DE PREVENCION,218.087,52,8,3.444,42,1,16.58,-92.99,VERIFICACION E INSPECCION DE UN DREN FLUVIAL COLONIA NARCISO MENDOZA,METROPOLITANA,CHIAPA DE CORZO,NARCISO MENDOZA
VERIFICACIONES,AGOSTO 29. 2021,ACCIONES DE PREVENCION,218.011,52,8,20.119,115,1,16.75,-93.1,AFECTACIONES POR LLUVIA,METROPOLITANA,TUXTLA GUTIERREZ,CABECERA MUNICIPAL
ONDA TROPICAL,AGOSTO 30. 2021,HIDROMETEOROLOGICOS,218.164,3,1,20.09,86,10,15.21,-92.58,RECORRIDO DE VERIFICACION POR LLUVIAS.,SOCONUSCO,VILLA COMALTITLAN,CABECERA MUNICIPAL
BAJA PRESION,AGOSTO 31. 2021,HIDROMETEOROLOGICOS,218.254,2,1,220,84,9,15.68,-93.21,AFECTACIONES POR LLUVIAS,ISTMO-COSTA,PIJIJIAPAN,PIJIJIAPAN
BAJA PRESION,AGOSTO 31. 2021,HIDROMETEOROLOGICOS,218.237,2,1,220,84,9,15.69,-93.21,AFECTACIONES POR LLUVIAS EN LA COMUNIDAD DE MANCOMUN CARRETAS,ISTMO-COSTA,PIJIJIAPAN,PIJIJIAPAN
BAJA PRESION,AGOSTO 31. 2021,HIDROMETEOROLOGICOS,218.238,2,1,220,84,9,15.68,-93.21,AFECTACIONES POR LLUVIAS EN EL EJIDO PROGRESO,ISTMO-COSTA,PIJIJIAPAN,PIJIJIAPAN
BAJA PRESION,AGOSTO 31. 2021,HIDROMETEOROLOGICOS,218.24,2,1,220,84,9,15.68,-93.2,AFECTACIONES POR LLUVIAS EN EL EJIDO JOAQUIN MIGUEL GUTIERREZ,ISTMO-COSTA,PIJIJIAPAN,PIJIJIAPAN
VERIFICACIONES,AGOSTO 31. 2021,ACCIONES DE PREVENCION,218.273,52,8,20.094,90,15,16.36,-92.37,ENCHARCAMIENTO EN CASA HABITACION,MESETA COMITECA TOJOLABAL,LAS ROSAS,CABECERA MUNICIPAL
AFECTACIONES POR LLUVIAS,SEPTIEMBRE 1. 2021,HIDROMETEOROLOGICOS,218.337,80,1,166,42,1,16.75,-93.02,INUNDACION DE VIVIENDA COL. ADRIANA GABRIELA PROLONGACION JACARANDA Y LOS CHIAPAS,METROPOLITANA,CHIAPA DE CORZO,CHIAPA DE CORZO
VERIFICACIONES,SEPTIEMBRE 2. 2021,ACCIONES DE PREVENCION,218.424,52,8,134,16,10,15.35,-92.69,VERIFICACION DE RIOS POR LLUVIAS EN LA REGION,SOCONUSCO,ACACOYAGUA,LOS AMATES
BAJA PRESION,SEPTIEMBRE 2. 2021,HIDROMETEOROLOGICOS,218.453,2,1,181,52,10,15.02,-92.4,VERIFICACION DE RIOS EN LA ZONA BAJA,SOCONUSCO,HUEHUETAN,HUEHUETAN
VERIFICACIONES,SEPTIEMBRE 2. 2021,ACCIONES DE PREVENCION,218.402,52,8,20.059,55,10,15.15,-92.45,VERIFICACION POR AUMENTO EN EL NIVEL DEL RIO HUIXTLA,SOCONUSCO,HUIXTLA,CABECERA MUNICIPAL
PRECIPITACION,SEPTIEMBRE 2. 2021,HIDROMETEOROLOGICOS,218.448,1,1,3.785,47,10,15.35,-92.55,AFECTACIONES POR LLUVIAS ATIPICAS DEL DIA 03 DE SEOTIEMBRE DEL 2021 OT 27,SOCONUSCO,ESCUINTLA,EL TRIUNFO
AFECTACIONES POR LLUVIAS,SEPTIEMBRE 2. 2021,HIDROMETEOROLOGICOS,218.439,80,1,20.046,42,1,16.7,-93,ALCANTARILLA OBSTRUIDA POR BASURA CALLE NINO FLORERO B. AMPLIACION BENITO JUAREZ,METROPOLITANA,CHIAPA DE CORZO,CABECERA MUNICIPAL
AFECTACIONES POR LLUVIAS,SEPTIEMBRE 2. 2021,HIDROMETEOROLOGICOS,218.441,80,1,20.148,42,1,16.74,-93.03,VIVIENDAS INUNDADAS RIBERA CAHUARE,METROPOLITANA,CHIAPA DE CORZO,CAHUARE
AFECTACIONES POR LLUVIAS,SEPTIEMBRE 2. 2021,HIDROMETEOROLOGICOS,218.434,80,1,166,42,1,16.73,-93.02,DESAZOLVE DE UNA VIVIENDA RIBERA NANDAMBUA 2DA. SECCION CALLEJON PRIVADO,METROPOLITANA,CHIAPA DE CORZO,CHIAPA DE CORZO
AFECTACIONES POR LLUVIAS,SEPTIEMBRE 2. 2021,HIDROMETEOROLOGICOS,218.44,80,1,20.046,42,1,16.71,-93.01,VIVIENDA INUNDADA AVENIDA ANGEL ALBINO CORZO NO. 542 BARRIO,METROPOLITANA,CHIAPA DE CORZO,CABECERA MUNICIPAL
AFECTACIONES POR LLUVIAS,SEPTIEMBRE 2. 2021,HIDROMETEOROLOGICOS,218.435,80,1,20.046,42,1,16.71,-93.01,DESAZOLVE DE VIVIENDA CALLE CAPITAN LUIS VIDAL,METROPOLITANA,CHIAPA DE CORZO,CABECERA MUNICIPAL
PRECIPITACION,SEPTIEMBRE 3. 2021,HIDROMETEOROLOGICOS,218.489,1,1,20.111,107,3,17.13,-93.31,AFECTACIONES POR LAS FUERTES LLUVIAS,MEZCALAPA,TECPATAN,CABECERA MUNICIPAL
AFECTACIONES POR LLUVIAS,SEPTIEMBRE 3. 2021,HIDROMETEOROLOGICOS,218.508,80,1,20.148,42,1,16.74,-93.02,LIMPIEZA DE VIVIENDA INUNDADA RIBERA CAHUARE CALLEJON CARTONERA,METROPOLITANA,CHIAPA DE CORZO,CAHUARE
AFECTACIONES POR LLUVIAS,SEPTIEMBRE 3. 2021,HIDROMETEOROLOGICOS,218.509,80,1,20.148,42,1,16.74,-93.03,LIMPIEZA DE VIVIENDA INUNDADA RIBERA CAHUARE CALLEJON CARTONERA,METROPOLITANA,CHIAPA DE CORZO,CAHUARE
VERIFICACIONES,SEPTIEMBRE 3. 2021,ACCIONES DE PREVENCION,218.485,52,8,171,32,2,16.66,-93.72,VERIFICACION DE LAS AFECTACIONES POR LLUVIAS,VALLES ZOQUE,CINTALAPA,CINTALAPA DE FIGUEROA
TORMENTA TROPICAL,SEPTIEMBRE 4. 2021,HIDROMETEOROLOGICOS,218.535,5,1,20.1,96,7,17.14,-92.71,DESASOLVE DE CALLES Y AYUDA A CASA HABITACION ACUSADAS POR LAS FUERTES LLUVIAS,DE LOS BOSQUES,SIMOJOVEL,CABECERA MUNICIPAL
ONDA TROPICAL,SEPTIEMBRE 4. 2021,HIDROMETEOROLOGICOS,218.612,3,1,2.349,98,4,16.24,-92.35,AFECTACIONES POR LLUVIAS,DE LOS LLANOS,SOCOLTENANGO,TZINIL
VERIFICACIONES,SEPTIEMBRE 4. 2021,ACCIONES DE PREVENCION,218.536,52,8,20.119,115,1,16.73,-93.17,AFECTACIONES POR LLUVIAS,METROPOLITANA,TUXTLA GUTIERREZ,CABECERA MUNICIPAL
VERIFICACIONES,SEPTIEMBRE 4. 2021,ACCIONES DE PREVENCION,218.551,52,8,5.114,30,10,14.99,-92.18,VERIFICACION DE AFLUENTES DE RIOS,SOCONUSCO,CACAHOATAN,CACAHOATAN
AFECTACIONES POR LLUVIAS,SEPTIEMBRE 4. 2021,HIDROMETEOROLOGICOS,218.578,80,1,8.752,42,1,16.73,-92.98,VIVIENDAS INUNDADAS RANCHO EL RECUERDO FRENTE A LA COLONIA JUAN DE GRIJALVA,METROPOLITANA,CHIAPA DE CORZO,EL RECUERDO
VERIFICACIONES,SEPTIEMBRE 5. 2021,ACCIONES DE PREVENCION,218.639,52,8,20.115,111,9,16.09,-93.76,VERIFICACION DE RIO,ISTMO-COSTA,TONALA,CABECERA MUNICIPAL
AFECTACIONES POR LLUVIAS,SEPTIEMBRE 6. 2021,HIDROMETEOROLOGICOS,218.767,80,1,8.887,94,3,16.88,-93.19,VERIFICACION POR INUNDACION,MEZCALAPA,SAN FERNANDO,BENITO JUAREZ
PRECIPITACION,SEPTIEMBRE 6. 2021,HIDROMETEOROLOGICOS,218.737,1,1,20.168,69,10,14.92,-92.62,VERIFICACION DE RIOS,SOCONUSCO,MAZATAN,BARRA SAN SIMON
VERIFICACIONES,SEPTIEMBRE 6. 2021,ACCIONES DE PREVENCION,218.742,52,8,20.119,115,1,16.77,-93.11,AFECTACIONES POR LLUVIAS,METROPOLITANA,TUXTLA GUTIERREZ,CABECERA MUNICIPAL
ONDA TROPICAL,SEPTIEMBRE 8. 2021,HIDROMETEOROLOGICOS,218.92,3,1,322,86,10,15.22,-92.58,DESBORDAMIENTO DEL RIO VADO ANCHO POR HONDA TROPICAL NUMERO 28,SOCONUSCO,VILLA COMALTITLAN,VADO ANCHO
ONDA TROPICAL,SEPTIEMBRE 8. 2021,HIDROMETEOROLOGICOS,218.921,3,1,322,86,10,15.22,-92.58,DESBORDAMIENTO DEL RIO VADO ANCHO POR ONDA TROPICAL NUMERO 28,SOCONUSCO,VILLA COMALTITLAN,VADO ANCHO
ONDA TROPICAL,SEPTIEMBRE 9. 2021,HIDROMETEOROLOGICOS,219.003,3,1,20.103,99,8,17.43,-93.03,AFECTACIONES POR LA ONDA TROPICAL NUM.29,NORTE,SOLOSUCHIAPA,CABECERA MUNICIPAL
VERIFICACIONES,SEPTIEMBRE 9. 2021,ACCIONES DE PREVENCION,219.008,52,8,20.148,42,1,16.74,-93.03,VERIFICACION DE UN DREN PLUVIAL RIBERA CAHUARE,METROPOLITANA,CHIAPA DE CORZO,CAHUARE
PRECIPITACION,SEPTIEMBRE 9. 2021,HIDROMETEOROLOGICOS,218.958,1,1,204,69,10,14.87,-92.45,LIMPIEZA DE ENCHARCAMIENTO EN UNIDAD MEDICA FAMILIAR,SOCONUSCO,MAZATAN,MAZATAN
VERIFICACIONES,SEPTIEMBRE 9. 2021,ACCIONES DE PREVENCION,218.991,52,8,20.115,111,9,16.08,-93.76,VERIFICACION DE RIOS Y ARROLLOS,ISTMO-COSTA,TONALA,CABECERA MUNICIPAL
ONDA TROPICAL,SEPTIEMBRE 9. 2021,HIDROMETEOROLOGICOS,219,3,1,20.087,83,8,17.51,-93.12,LLUVIAS INTENSAS EN MUNICIPIO DE PICHUCALCO,NORTE,PICHUCALCO,CABECERA MUNICIPAL
ONDA TROPICAL,SEPTIEMBRE 10. 2021,HIDROMETEOROLOGICOS,219.05,3,1,459,36,3,17.1,-93.21,VERIFICACION DE REPORTE DE INUNDACION A CASA HABITACION,MEZCALAPA,COPAINALA,SANTA CATARINA
VERIFICACIONES,SEPTIEMBRE 10. 2021,ACCIONES DE PREVENCION,219.08,52,8,20.115,111,9,16.09,-93.76,VERIFICACION DE RIOS Y ARROYOS,ISTMO-COSTA,TONALA,CABECERA MUNICIPAL
PRECIPITACION,SEPTIEMBRE 10. 2021,HIDROMETEOROLOGICOS,219.078,1,1,20.078,74,12,16.91,-92.09,ENCHARCAMIENTOS EN VIVIENDAS POR FUERTES LLUVIAS EN OCOSINGO,SELVA LACANDONA,OCOSINGO,CABECERA MUNICIPAL
ONDA TROPICAL,SEPTIEMBRE 11. 2021,HIDROMETEOROLOGICOS,219.089,3,1,220,84,9,15.69,-93.21,AFECTACIONES POR ONDA TROPICAL NUM. 29,ISTMO-COSTA,PIJIJIAPAN,PIJIJIAPAN
VERIFICACIONES,SEPTIEMBRE 12. 2021,ACCIONES DE PREVENCION,219.226,52,8,20.119,115,1,16.75,-93.13,VIVIENDA ENCHARCADA (COL XAMAIPAK),METROPOLITANA,TUXTLA GUTIERREZ,CABECERA MUNICIPAL
VERIFICACIONES,SEPTIEMBRE 15. 2021,ACCIONES DE PREVENCION,219.445,52,8,20.119,115,1,16.73,-93.11,AFECTACIONES POR LLUVIAS OT 29,METROPOLITANA,TUXTLA GUTIERREZ,CABECERA MUNICIPAL
VERIFICACIONES,SEPTIEMBRE 21. 2021,ACCIONES DE PREVENCION,219.955,52,8,251,115,1,16.75,-93.17,VALORACION DE RIESGO COL. SAN JOSE TERAN,METROPOLITANA,TUXTLA GUTIERREZ,TUXTLA GUTIERREZ
VERIFICACIONES,SEPTIEMBRE 21. 2021,ACCIONES DE PREVENCION,219.838,52,8,20.119,115,1,16.76,-93.16,VIVIENDAS ENCHARCADAS FRAC. LOS LAURELES,METROPOLITANA,TUXTLA GUTIERREZ,CABECERA MUNICIPAL
FRENTE FRIO,SEPTIEMBRE 21. 2021,HIDROMETEOROLOGICOS,219.834,61,1,20.119,115,1,16.75,-93.11,FRENTE FRIO NO 1 DE LA TEMPORADA INVERNAL 2021-2022,METROPOLITANA,TUXTLA GUTIERREZ,CABECERA MUNICIPAL
ONDA TROPICAL,SEPTIEMBRE 26. 2021,HIDROMETEOROLOGICOS,220.124,3,1,20.286,115,1,16.74,-93.12,AFECTACIONES POR LLUVIAS (VARIOS PUNTOS),METROPOLITANA,TUXTLA GUTIERREZ,COLONIA CALVARIUM
VERIFICACIONES,SEPTIEMBRE 28. 2021,ACCIONES DE PREVENCION,220.502,52,8,251,115,1,16.76,-93.12,VALORACION DE RIESGO BARRIO COLON,METROPOLITANA,TUXTLA GUTIERREZ,TUXTLA GUTIERREZ
VERIFICACIONES,SEPTIEMBRE 28. 2021,ACCIONES DE PREVENCION,220.504,52,8,251,115,1,16.76,-93.12,VALORACION DE RIESGO BARRIO NINO DE ATOCHA,METROPOLITANA,TUXTLA GUTIERREZ,TUXTLA GUTIERREZ
FRENTE FRIO,OCTUBRE 2. 2021,HIDROMETEOROLOGICOS,220.428,61,1,20.119,115,1,16.75,-93.11,FRENTE FRIO NO 2,METROPOLITANA,TUXTLA GUTIERREZ,CABECERA MUNICIPAL
DESASOLVES Y CIERRE DE VENTANAS,OCTUBRE 2. 2021,ACCIONES DE PREVENCION,220.468,173,8,20.087,83,8,17.51,-93.12,DESASOLVE DE ARROYOS,NORTE,PICHUCALCO,CABECERA MUNICIPAL
VERIFICACIONES,OCTUBRE 4. 2021,ACCIONES DE PREVENCION,221.16,52,8,251,115,1,16.75,-93.1,VALORACION DE RIESGO COL. EL BRASILITO,METROPOLITANA,TUXTLA GUTIERREZ,TUXTLA GUTIERREZ
FRENTE FRIO,OCTUBRE 5. 2021,HIDROMETEOROLOGICOS,220.721,61,1,20.083,79,5,16.79,-92.34,CASAS INUNDADAS COMUNIDAD EL TOLBILJA,ALTOS TSOTSIL-TSELTAL,OXCHUC,CABECERA MUNICIPAL
FRENTE FRIO,OCTUBRE 6. 2021,HIDROMETEOROLOGICOS,220.806,61,1,184,55,10,15.14,-92.47,AFECTACIONES POR LLUVIAS FF 2,SOCONUSCO,HUIXTLA,HUIXTLA
VERIFICACIONES,OCTUBRE 6. 2021,ACCIONES DE PREVENCION,220.811,52,8,20.087,83,8,17.51,-93.12,DESASOLVES DE ALCANTARILLAS Y ARROYOS POR FF 2,NORTE,PICHUCALCO,CABECERA MUNICIPAL
ONDA TROPICAL,OCTUBRE 7. 2021,HIDROMETEOROLOGICOS,220.988,3,1,20.09,86,10,15.21,-92.56,AFECTACION DE VIVIENDAS POR EL FF -2,SOCONUSCO,VILLA COMALTITLAN,CABECERA MUNICIPAL
BAJA PRESION,OCTUBRE 7. 2021,HIDROMETEOROLOGICOS,220.874,2,1,20.079,75,3,17.23,-93.17,AFECTACIONES POR EL FRENTE FRIO N0 -2,MEZCALAPA,OCOTEPEC,CABECERA MUNICIPAL
FRENTE FRIO,OCTUBRE 8. 2021,HIDROMETEOROLOGICOS,220.969,61,1,20.087,83,8,17.45,-93.16,VERIFICACION DE DANOS POR LLUVIAS DE FF 2,NORTE,PICHUCALCO,CABECERA MUNICIPAL
SESION DE CONSEJO MUNICIPAL,OCTUBRE 11. 2021,ACCIONES DE PREVENCION,221.511,207,8,20.093,89,8,17.87,-93.15,INSTALACION DEL CONSEJO MUNICIPAL DE PROTECCION CIVIL,NORTE,REFORMA,CABECERA MUNICIPAL
ENCHARCAMIENTO,OCTUBRE 12. 2021,HIDROMETEOROLOGICOS,221.543,69,1,4.05,116,10,14.94,-92.16,VERIFICACION DE ENCHARCAMIENTO EN CASA HABITACION,SOCONUSCO,TUXTLA CHICO,FRANCISCO VILLA FRACCION VIDA MEJOR
VERIFICACIONES,OCTUBRE 13. 2021,ACCIONES DE PREVENCION,221.542,52,8,20.04,36,3,17.1,-93.21,IDENFICACUONES DE RIESGOS QUE EXISTEN EN ESE PLANTEL,MEZCALAPA,COPAINALA,CABECERA MUNICIPAL
DESASOLVES Y CIERRE DE VENTANAS,OCTUBRE 13. 2021,ACCIONES DE PREVENCION,221.552,173,8,219,83,8,17.52,-93.12,DESAZOLVE DE ALCANTARILLA COL. JORGE CAMACHO,NORTE,PICHUCALCO,PICHUCALCO
VERIFICACIONES,OCTUBRE 13. 2021,ACCIONES DE PREVENCION,221.482,52,8,20.272,115,1,16.75,-93.12,ATENCION A EL RIO SABINAL Y SUS AFLUENTES,METROPOLITANA,TUXTLA GUTIERREZ,BARRIO SAN FRANCISCO
REUNIONES,OCTUBRE 15. 2021,ACCIONES DE PREVENCION,221.703,64,8,219,83,8,17.59,-93.32,ALERTAMIENTO A COMUNIDADES POR FF#4,NORTE,PICHUCALCO,PICHUCALCO
VERIFICACIONES,SEPTIEMBRE 3. 2016,ACCIONES DE PREVENCION,83.939,52,8,19.826,74,12,16.82,-92.11,TROMBA Y DESBORDE DE ARROLLO,SELVA LACANDONA,OCOSINGO,CAMPET 2DA. SECCION
VERIFICACIONES,SEPTIEMBRE 5. 2016,ACCIONES DE PREVENCION,84.016,52,8,3.439,18,10,15.27,-92.85,VERIFICACIONES DE RIOS,SOCONUSCO,ACAPETAHUA,LAS MURALLAS
PRECIPITACION,OCTUBRE 16. 2021,HIDROMETEOROLOGICOS,221.795,1,1,20.087,83,8,17.51,-93.12,FRENTE FRIO #2,NORTE,PICHUCALCO,CABECERA MUNICIPAL
PRECIPITACION,SEPTIEMBRE 9. 2016,HIDROMETEOROLOGICOS,84.285,1,1,20.084,80,13,17.53,-91.98,ENCHARCAMIENTO EN CASA HABITACION,MAYA,PALENQUE,CABECERA MUNICIPAL
TORMENTA TROPICAL,OCTUBRE 17. 2021,HIDROMETEOROLOGICOS,221.796,5,1,1.382,77,8,17.47,-93.49,INUNDACIONES POR FRENTE FRIO #4 ONDA TROPICAL #37,NORTE,OSTUACAN,PLAN DE AYALA
PRECIPITACION,SEPTIEMBRE 13. 2016,HIDROMETEOROLOGICOS,84.453,1,1,216,80,13,17.51,-91.99,VIVIENDAS AFECTADAS POR ENCHARCAMIENTOS MENORES,MAYA,PALENQUE,PALENQUE
PRECIPITACION,OCTUBRE 17. 2021,HIDROMETEOROLOGICOS,221.806,1,1,1.082,63,8,17.64,-93.16,INUNDACION Y ENCHARCAMIENTOS,NORTE,JUAREZ,PUEBLO JUAREZ
PRECIPITACION,SEPTIEMBRE 13. 2016,HIDROMETEOROLOGICOS,84.478,1,1,20.108,104,10,14.9,-92.25,AFECTACIONES POR LLUVIAS FUERTES EN TAPACHULA,SOCONUSCO,TAPACHULA,CABECERA MUNICIPAL
VERIFICACIONES,OCTUBRE 17. 2021,ACCIONES DE PREVENCION,221.805,52,8,20.087,83,8,17.53,-93.09,VERIFICACION DE NIVELES DE RIOS POR FF#4,NORTE,PICHUCALCO,CABECERA MUNICIPAL
FRENTE FRIO,OCTUBRE 17. 2021,HIDROMETEOROLOGICOS,221.882,61,1,219,83,8,17.59,-93.33,ENCHARCAMIENTOS DE VIVIENDAS POR EL FF#4,NORTE,PICHUCALCO,PICHUCALCO
DESLIZAMIENTO,OCTUBRE 19. 2021,GEOLOGICOS,222.108,22,3,20.42,20.138,3,17.31,-93.59,"AFECTACIONES CAMINOS RURALES ""LOS DIAMANTES""",MEZCALAPA,MEZCALAPA,RAUDALES MALPASO
ONDA TROPICAL,OCTUBRE 20. 2021,HIDROMETEOROLOGICOS,222.739,3,1,20.078,74,12,16.91,-92.09,VERIFICAR Y REALIZAR EL LEVANTAMIENTO DE DANOS OCASIONADOS POR LAS LLUVIAS ANTERIORES.,SELVA LACANDONA,OCOSINGO,CABECERA MUNICIPAL
VERIFICACIONES,OCTUBRE 20. 2021,ACCIONES DE PREVENCION,222.581,52,8,251,115,1,16.76,-93.08,VALORACION DE RIESGO COL. PASO LIMON,METROPOLITANA,TUXTLA GUTIERREZ,TUXTLA GUTIERREZ
ONDA TROPICAL,OCTUBRE 20. 2021,HIDROMETEOROLOGICOS,222.131,3,1,20.096,92,14,17.56,-92.33,AFECTACION POR LA ONDA TROPICAL 38,TULIJA TSELTAL-CHOL,SALTO DE AGUA,CABECERA MUNICIPAL
ONDA TROPICAL,OCTUBRE 21. 2021,HIDROMETEOROLOGICOS,222.275,3,1,1.334,99,8,17.45,-93.05,AFECTACION POR ONDA TROPICAL 38,NORTE,SOLOSUCHIAPA,URSULO GALVAN
ONDA TROPICAL,OCTUBRE 21. 2021,HIDROMETEOROLOGICOS,222.267,3,1,3.047,60,8,17.49,-92.97,AFECTACIONES POR ONDA TROPICAL NO. 38,NORTE,IXTAPANGAJOYA,NUEVO POBLADO LLANOS MORELOS
ONDA TROPICAL,OCTUBRE 21. 2021,HIDROMETEOROLOGICOS,222.333,3,1,20.062,58,8,17.43,-93.09,AFECTACIONES POR ONDA TROPICAL NO. 38,NORTE,IXTACOMITAN,CABECERA MUNICIPAL
VERIFICACIONES,OCTUBRE 21. 2021,ACCIONES DE PREVENCION,222.262,52,8,20.387,20.138,3,17.19,-93.61,VERIFICACION PANTEON MUNICIPAL,MEZCALAPA,MEZCALAPA,VICENTE GUERRERO
ENCHARCAMIENTO,OCTUBRE 21. 2021,HIDROMETEOROLOGICOS,222.37,69,1,174,34,15,16.26,-92.12,ENCHARCAMIENTOS,MESETA COMITECA TOJOLABAL,COMITAN DE DOMINGUEZ,COMITAN DE DOMINGUEZ
ONDA TROPICAL,OCTUBRE 21. 2021,HIDROMETEOROLOGICOS,222.321,3,1,1.323,83,8,17.58,-93.35,VERIFICACION DE NIVELES DE RIOS POR ONDA TROPICAL NO. 38,NORTE,PICHUCALCO,PLATANAR ABAJO 1RA. SECCION (LA CRIMEA)
DESASOLVES Y CIERRE DE VENTANAS,OCTUBRE 23. 2021,ACCIONES DE PREVENCION,222.545,173,8,219,83,8,17.51,-93.12,DESAZOLVE DE LOS DRENES PLUVIALES,NORTE,PICHUCALCO,PICHUCALCO
PRECIPITACION,OCTUBRE 23. 2021,HIDROMETEOROLOGICOS,222.489,1,1,227,93,5,16.73,-92.64,AFECTACIONES POR LLUVIAS FUERTES,ALTOS TSOTSIL-TSELTAL,SAN CRISTOBAL DE LAS CASAS,SAN CRISTOBAL DE LAS CASAS
ACCIDENTES,OCTUBRE 24. 2021,ACCIDENTES O INCIDENTES,222.709,50,6,1.615,131,6,15.66,-92.63,DESLAVE,FRAILESCA,MONTECRISTO DE GUERRERO,LAGUNA DEL COFRE
ENCHARCAMIENTO,OCTUBRE 24. 2021,HIDROMETEOROLOGICOS,222.554,69,1,157,27,1,16.79,-93.27,VIVIENDA AFECTADA POR LLUVIAS (ENCHARCAMIENTO),METROPOLITANA,BERRIOZABAL,BERRIOZABAL
ENCHARCAMIENTO,OCTUBRE 24. 2021,HIDROMETEOROLOGICOS,222.555,69,1,14.211,27,1,16.79,-93.27,VIVIENDA AFECTADA POR LLUVIAS (ENCHARCAMIENTO),METROPOLITANA,BERRIOZABAL,LINDA VISTA
DESASOLVES Y CIERRE DE VENTANAS,OCTUBRE 24. 2021,ACCIONES DE PREVENCION,222.633,173,8,157,27,1,16.79,-93.27,LEVANTAMIENTO DE MATERIAL PETREO,METROPOLITANA,BERRIOZABAL,BERRIOZABAL
VERIFICACIONES,OCTUBRE 24. 2021,ACCIONES DE PREVENCION,222.541,52,8,20.119,115,1,16.75,-93.1,AFECTACIONES POR LLUVIA,METROPOLITANA,TUXTLA GUTIERREZ,CABECERA MUNICIPAL
VERIFICACIONES,OCTUBRE 27. 2021,ACCIONES DE PREVENCION,223.016,52,8,20.083,79,5,16.79,-92.34,VERIFICACION Y LIMPIEZA DE REJILLAS,ALTOS TSOTSIL-TSELTAL,OXCHUC,CABECERA MUNICIPAL
AFECTACIONES POR LLUVIAS,OCTUBRE 28. 2021,HIDROMETEOROLOGICOS,223.12,80,1,11.994,92,14,17.42,-92.4,AFECTACION DEL F.F NO.6,TULIJA TSELTAL-CHOL,SALTO DE AGUA,PRIMERO DE ENERO
SERVICIOS GENERALES,OCTUBRE 29. 2021,SERVICIOS ADMINISTRATIVOS,223.206,155,9,20.42,20.138,3,17.19,-93.61,INSTALACION CONTENEDOR DE BASURA,MEZCALAPA,MEZCALAPA,RAUDALES MALPASO
VERIFICACIONES,NOVIEMBRE 4. 2021,ACCIONES DE PREVENCION,224.22,52,8,251,115,1,16.76,-93.16,VALORACION DE RIESGO FRACC. PORTAL DE HIERRO,METROPOLITANA,TUXTLA GUTIERREZ,TUXTLA GUTIERREZ
SERVICIOS GENERALES,NOVIEMBRE 11. 2021,SERVICIOS ADMINISTRATIVOS,224.75,155,9,20.032,28,7,17,-92.89,LABOR SOCIAL Y DESAZOLVE DE CUNETAS EN EL DIF MUNICIPAL,DE LOS BOSQUES,BOCHIL,CABECERA MUNICIPAL
AFECTACIONES POR LLUVIAS,NOVIEMBRE 11. 2021,HIDROMETEOROLOGICOS,224.851,80,1,1.709,116,10,14.94,-92.18,VERIFICACION DE VIVIENDAS AFECTADAS POR INUNDACIONES Y ENCHARCAMIENTOS POR ESCURRIMIENTO DE LA PRECIPITACION PLUVIAL,SOCONUSCO,TUXTLA CHICO,CAHUA 1RA. SECCION
VERIFICACIONES,NOVIEMBRE 11. 2021,ACCIONES DE PREVENCION,224.833,52,8,20.043,39,5,16.65,-92.25,VERIFICACION DE UNA OBRA EN LA ZONA CENTRO,ALTOS TSOTSIL-TSELTAL,CHANAL,CABECERA MUNICIPAL
AFECTACIONES POR LLUVIAS,NOVIEMBRE 11. 2021,HIDROMETEOROLOGICOS,224.853,80,1,20.064,60,8,17.5,-93,AFECTACION A VIVIENDAS POR INUNDACION POR EL FF#8,NORTE,IXTAPANGAJOYA,CABECERA MUNICIPAL
ADQUISICIONES,NOVIEMBRE 24. 2021,SERVICIOS ADMINISTRATIVOS,226.629,156,9,5.879,46,14,17.1,-92.27,DESBORDAMIENTO DE RIO,TULIJA TSELTAL-CHOL,CHILON,GUADALUPE PAXILA
VERIFICACIONES,NOVIEMBRE 30. 2021,ACCIONES DE PREVENCION,227.509,52,8,5.787,104,10,14.91,-92.26,DESAZOLVE DE CUNETAS Y CANALES,SOCONUSCO,TAPACHULA,FRACCION LAS PALMAS
VERIFICACIONES,DICIEMBRE 7. 2021,ACCIONES DE PREVENCION,229.181,52,8,251,115,1,16.75,-93.19,VALORACION DE RIESGO FRACCIONAMIENTO EL ARENAL CAMPESTRE,METROPOLITANA,TUXTLA GUTIERREZ,TUXTLA GUTIERREZ
VERIFICACIONES,DICIEMBRE 8. 2021,ACCIONES DE PREVENCION,229.182,52,8,251,115,1,16.75,-93.12,VALORACION DE RIESGO BARRIO SAN FRANCISCO,METROPOLITANA,TUXTLA GUTIERREZ,TUXTLA GUTIERREZ
VERIFICACIONES,DICIEMBRE 11. 2021,ACCIONES DE PREVENCION,229.091,52,8,20.087,83,8,17.54,-93.04,VERIFICACION DE AFECTACIONES EN VIVIENDA POR LLUVIAS,NORTE,PICHUCALCO,CABECERA MUNICIPAL
AFECTACIONES POR LLUVIAS,DICIEMBRE 11. 2021,HIDROMETEOROLOGICOS,229.132,80,1,186,58,8,17.43,-93.09,AFECTACIONES POR LLUVIAS,NORTE,IXTACOMITAN,IXTACOMITAN
PRECIPITACION,SEPTIEMBRE 13. 2016,HIDROMETEOROLOGICOS,84.483,1,1,20.108,104,10,14.9,-92.27,AFECTACIONES EN COLONIAS POR LLUVIAS FUERTES EN TAPACHULA,SOCONUSCO,TAPACHULA,CABECERA MUNICIPAL
PRECIPITACION,SEPTIEMBRE 13. 2016,HIDROMETEOROLOGICOS,84.503,1,1,20.12,116,10,14.94,-92.18,PRELIMINAR AFECTACIONES EN TUXTLA CHICO,SOCONUSCO,TUXTLA CHICO,CABECERA MUNICIPAL
VERIFICACIONES,SEPTIEMBRE 13. 2016,ACCIONES DE PREVENCION,84.509,52,8,210,74,12,16.92,-92.08,TAPONAMIENTO DE REGISTROS DE DRENAJE,SELVA LACANDONA,OCOSINGO,OCOSINGO
PRECIPITACION,SEPTIEMBRE 13. 2016,HIDROMETEOROLOGICOS,84.515,1,1,6.431,52,10,15.05,-92.45,ENCHARCAMIENTO DE VIVIENDAS EN HUEHUETAN,SOCONUSCO,HUEHUETAN,CANTON SAN LUIS
PRECIPITACION,SEPTIEMBRE 15. 2016,HIDROMETEOROLOGICOS,84.644,1,1,20.119,115,1,16.75,-93.11,AFECTACIONES POR LLUVIAS TUXTLA,METROPOLITANA,TUXTLA GUTIERREZ,CABECERA MUNICIPAL
ONDA TROPICAL,SEPTIEMBRE 16. 2016,HIDROMETEOROLOGICOS,84.669,3,1,871,117,10,15.05,-92.49,INUNDACION DE VIVIENDAS,SOCONUSCO,TUZANTAN,ISLAMAPITA (LOS CERRITOS)
ONDA TROPICAL,SEPTIEMBRE 16. 2016,HIDROMETEOROLOGICOS,84.671,3,1,4.39,86,10,15.21,-92.58,ENCHARCAMIENTO EN LAS COMUNIDADES DEL MUNICIPIO DE VILLA COMALTITLAN. CHIAPAS.,SOCONUSCO,VILLA COMALTITLAN,CANTON LOS TOCAYOS
AFECTACIONES POR VIENTOS,SEPTIEMBRE 17. 2016,HIDROMETEOROLOGICOS,84.73,95,1,20.071,67,15,16.29,-91.91,FUERTES VIENTOS,MESETA COMITECA TOJOLABAL,LAS MARGARITAS,CABECERA MUNICIPAL
VERIFICACIONES,SEPTIEMBRE 19. 2016,ACCIONES DE PREVENCION,84.879,52,8,20.05,46,14,17.11,-92.27,VERIFICANDO TUBERIAS,TULIJA TSELTAL-CHOL,CHILON,CABECERA MUNICIPAL
EFECTO DE MAR DE FONDO,SEPTIEMBRE 21. 2016,GEOLOGICOS,85.028,179,3,240,104,10,14.72,-92.43,EFECTO MAR DE FONDO.,SOCONUSCO,TAPACHULA,TAPACHULA DE CORDOVA Y ORDONEZ
AFECTACIONES POR LLUVIAS,SEPTIEMBRE 21. 2016,HIDROMETEOROLOGICOS,85.155,80,1,20.09,86,10,15.22,-92.58,AFECTACION DE LLUVIAS ATIPICAS QUE OCACIONO LA ONDA TROPICAL NA 30 AL PASO POR EL ESTADO DE CHIAPAS,SOCONUSCO,VILLA COMALTITLAN,CABECERA MUNICIPAL
TRASLADOS,SEPTIEMBRE 23. 2016,ACCIONES DE PREVENCION,85.224,30,8,20.084,80,13,17.51,-91.96,LIGEROS ENCHARCAMIENTOS,MAYA,PALENQUE,CABECERA MUNICIPAL
ENCHARCAMIENTO,SEPTIEMBRE 23. 2016,HIDROMETEOROLOGICOS,85.227,69,1,174,34,15,16.25,-92.11,ENCHARCAMIENTOS,MESETA COMITECA TOJOLABAL,COMITAN DE DOMINGUEZ,COMITAN DE DOMINGUEZ
AFECTACIONES POR LLUVIAS,SEPTIEMBRE 24. 2016,HIDROMETEOROLOGICOS,85.265,80,1,20.034,30,10,15,-92.17,AFECTACIONES POR LLUVIAS,SOCONUSCO,CACAHOATAN,CABECERA MUNICIPAL
ENCHARCAMIENTO,SEPTIEMBRE 23. 2016,HIDROMETEOROLOGICOS,85.317,69,1,20.038,34,15,16.23,-92.12,ENCHARCAMIENTOS POR FUERTES LLUVIAS,MESETA COMITECA TOJOLABAL,COMITAN DE DOMINGUEZ,CABECERA MUNICIPAL
PRECIPITACION,SEPTIEMBRE 25. 2016,HIDROMETEOROLOGICOS,85.329,1,1,20.119,115,1,16.74,-93.1,LLUVIAS EN TUXTLA GUTIERREZ,METROPOLITANA,TUXTLA GUTIERREZ,CABECERA MUNICIPAL
PRECIPITACION,SEPTIEMBRE 26. 2016,HIDROMETEOROLOGICOS,85.331,1,1,20.119,115,1,16.77,-93.11,AFECTACIONES POR LLUVIAS TUXTLA,METROPOLITANA,TUXTLA GUTIERREZ,CABECERA MUNICIPAL
VERIFICACIONES,SEPTIEMBRE 26. 2016,ACCIONES DE PREVENCION,85.352,52,8,9.347,113,15,16.08,-91.66,VERIFICACION DE ZONAS DE RIESGO,MESETA COMITECA TOJOLABAL,LA TRINITARIA,TZISCAO
ONDA TROPICAL,SEPTIEMBRE 26. 2016,HIDROMETEOROLOGICOS,85.367,3,1,256,86,10,15.22,-92.58,INUNDACION EN VIVIENDAS,SOCONUSCO,VILLA COMALTITLAN,VILLA COMALTITLAN
VERIFICACIONES,SEPTIEMBRE 26. 2016,ACCIONES DE PREVENCION,85.374,52,8,1.106,69,10,14.87,-92.42,VERIFICACION DE DRENES EN CANTON CUATRO CAMINOS,SOCONUSCO,MAZATAN,CUATRO CAMINOS
VERIFICACIONES,OCTUBRE 3. 2016,ACCIONES DE PREVENCION,85.868,52,8,1.244,18,10,15.2,-92.81,VERIFICACIONES DE VENTANA RANCHERIA LAS GARZAS,SOCONUSCO,ACAPETAHUA,EMBARCADERO LAS GARZAS
PRECIPITACION,OCTUBRE 4. 2016,HIDROMETEOROLOGICOS,86.015,1,1,4.557,34,15,16.31,-92.12,ENCHARCAMIENTOS A VIVIENDAS,MESETA COMITECA TOJOLABAL,COMITAN DE DOMINGUEZ,LOS RIEGOS
PRECIPITACION,OCTUBRE 5. 2016,HIDROMETEOROLOGICOS,86.095,1,1,2.967,77,8,17.41,-93.35,ENCHARCAMIENTO DE VIVIENDA,NORTE,OSTUACAN,NUEVO XOCHIMILCO
VERIFICACIONES,OCTUBRE 6. 2016,ACCIONES DE PREVENCION,86.16,52,8,20.119,115,1,16.74,-93.1,AFECTACIONES POR LLUVIAS,METROPOLITANA,TUXTLA GUTIERREZ,CABECERA MUNICIPAL
TRASLADOS,OCTUBRE 6. 2016,ACCIONES DE PREVENCION,86.183,30,8,20.084,80,13,17.5,-91.99,ENCHARCAMIENTO EN BARRIO PARQUE DE FERIA Y SAN JUAN,MAYA,PALENQUE,CABECERA MUNICIPAL
ENCHARCAMIENTO,OCTUBRE 9. 2016,HIDROMETEOROLOGICOS,86.36,69,1,20.034,30,10,14.99,-92.17,DOMICILIOS AFECTADOS POR LLUVIAS,SOCONUSCO,CACAHOATAN,CABECERA MUNICIPAL
VERIFICACIONES,OCTUBRE 6. 2016,ACCIONES DE PREVENCION,86.371,52,8,2.426,16,10,15.34,-92.69,VERIFICACION,SOCONUSCO,ACACOYAGUA,EL TUMBADOR
SERVICIOS GENERALES,SEPTIEMBRE 29. 2016,SERVICIOS ADMINISTRATIVOS,86.413,155,9,4.103,96,7,17.14,-92.69,VERIFICASION DE QUINDER EN EL EJIDO JARDIN,DE LOS BOSQUES,SIMOJOVEL,EL JARDIN
PRECIPITACION,OCTUBRE 11. 2016,HIDROMETEOROLOGICOS,86.442,1,1,20.118,114,14,17.28,-92.31,ENCHARCAMIENTO EN TUMBALA,TULIJA TSELTAL-CHOL,TUMBALA,CABECERA MUNICIPAL
PRECIPITACION,OCTUBRE 20. 2016,HIDROMETEOROLOGICOS,86.995,1,1,20.108,104,10,14.9,-92.27,LLUVIA FUERTE CON TORMENTAS ELECTRICAS,SOCONUSCO,TAPACHULA,CABECERA MUNICIPAL
VERIFICACIONES,OCTUBRE 27. 2016,ACCIONES DE PREVENCION,87.366,52,8,20.119,115,1,16.73,-93.12,VERIFICACION DE DREN PLUVIAL,METROPOLITANA,TUXTLA GUTIERREZ,CABECERA MUNICIPAL
VERIFICACIONES,OCTUBRE 20. 2016,ACCIONES DE PREVENCION,87.409,52,8,20.11,106,7,17.25,-93.02,VERIFICACION,DE LOS BOSQUES,TAPILULA,CABECERA MUNICIPAL
VERIFICACIONES,OCTUBRE 21. 2016,ACCIONES DE PREVENCION,87.41,52,8,20.11,106,7,17.25,-93.02,VERIFICACION,DE LOS BOSQUES,TAPILULA,CABECERA MUNICIPAL
ONDA TROPICAL,NOVIEMBRE 1. 2016,HIDROMETEOROLOGICOS,87.76,3,1,155,26,11,15.58,-92.25,INUNDACION,SIERRA MARISCAL,BELLA VISTA,BELLA VISTA
PRECIPITACION,NOVIEMBRE 3. 2016,HIDROMETEOROLOGICOS,87.798,1,1,11.477,46,14,17.16,-92.06,ENCHARCAMIENTO EN EL POBLADO EL MANGO,TULIJA TSELTAL-CHOL,CHILON,EL MANGO
PRECIPITACION,NOVIEMBRE 5. 2016,HIDROMETEOROLOGICOS,87.88,1,1,6.431,52,10,15.05,-92.45,ENCHARCAMIENTO DE VIVIENDAS EN HUEHUETAN,SOCONUSCO,HUEHUETAN,CANTON SAN LUIS
VERIFICACIONES,OCTUBRE 18. 2016,ACCIONES DE PREVENCION,87.975,52,8,20.119,115,1,16.75,-93.12,VALORACION DE RIESGO: BARRIO SAN FRANCISCO,METROPOLITANA,TUXTLA GUTIERREZ,CABECERA MUNICIPAL
CONTINGENCIA AMBIENTAL,NOVIEMBRE 11. 2016,SANITARIOS,88.326,26,5,20.11,106,7,17.25,-93.02,AFECTACIONES POR EL FF NO 6,DE LOS BOSQUES,TAPILULA,CABECERA MUNICIPAL
CONTINGENCIA AMBIENTAL,NOVIEMBRE 11. 2016,SANITARIOS,88.327,26,5,897,106,7,17.26,-92.99,AFECTACIONES POR EL FF NO 6,DE LOS BOSQUES,TAPILULA,VIDEME DE OCAMPO 1RA. SECCION
FRENTE FRIO,NOVIEMBRE 12. 2016,HIDROMETEOROLOGICOS,88.333,61,1,20.04,36,3,17.1,-93.17,AFECTACIONES POR EL FF NO 6,MEZCALAPA,COPAINALA,CABECERA MUNICIPAL
PRECIPITACION,NOVIEMBRE 12. 2016,HIDROMETEOROLOGICOS,88.335,1,1,20.087,83,8,17.51,-93.12,PRELIMINAR DE AFECTACIONES POR LLUVIAS Y ESCURRIMIENTOS DEL FF6,NORTE,PICHUCALCO,CABECERA MUNICIPAL
PRECIPITACION,NOVIEMBRE 11. 2016,HIDROMETEOROLOGICOS,88.347,1,1,289,128,12,16.12,-90.54,ENCHARCAMIENTO EN VIVIENDAS DE ARROYO LAS DELICIAS,SELVA LACANDONA,BENEMERITO DE LAS AMERICAS,ARROYO DELICIAS
PRECIPITACION,NOVIEMBRE 18. 2016,HIDROMETEOROLOGICOS,88.813,1,1,1.408,40,8,17.34,-93.13,DANOSA CASAS POR CORRIENTES DE AGUA ASI COMO DESLAVES DE TIERRAS EN LA COMUNIDAD DE CUMBRE VALTIERRA.,NORTE,CHAPULTENANGO,CUMBRE VALTIERRA
VERIFICACIONES,OCTUBRE 9. 2016,ACCIONES DE PREVENCION,90.184,52,8,20.119,115,1,16.75,-93.08,VALORACION DE RIESGO: CENTRO DE CONVENCIONES Y POLYFORUM CHIAPAS,METROPOLITANA,TUXTLA GUTIERREZ,CABECERA MUNICIPAL
PRECIPITACION,DICIEMBRE 18. 2016,HIDROMETEOROLOGICOS,90.867,1,1,20.084,80,13,17.55,-91.99,ENCHARCAMIENTO EN DIFERENTES COLONIAS DE PALENQUE,MAYA,PALENQUE,CABECERA MUNICIPAL
VERIFICACIONES,DICIEMBRE 21. 2016,ACCIONES DE PREVENCION,90.968,52,8,20.119,115,1,16.77,-93.17,VERIFICACION DE VIVIENDA ENCHARCADA,METROPOLITANA,TUXTLA GUTIERREZ,CABECERA MUNICIPAL
HUNDIMIENTO,ENERO 6. 2017,GEOLOGICOS,91.94,47,3,20.078,74,12,16.91,-92.08,FUERTES LLUVIAS POR FF-21,SELVA LACANDONA,OCOSINGO,CABECERA MUNICIPAL
FRENTE FRIO,ENERO 6. 2017,HIDROMETEOROLOGICOS,91.941,61,1,3.211,110,14,17.24,-92.42,PRELIMINAR AFECTACION POR ENCHARCAMIENTOS,TULIJA TSELTAL-CHOL,TILA,PETALCINGO
PRECIPITACION,ENERO 7. 2017,HIDROMETEOROLOGICOS,91.956,1,1,20.087,83,8,17.51,-93.1,ENCHARCAMIENTO DEBIDO A LA FUERTES LLUVIAS EN,NORTE,PICHUCALCO,CABECERA MUNICIPAL
PRECIPITACION,ENERO 7. 2017,HIDROMETEOROLOGICOS,91.962,1,1,20.118,114,14,17.28,-92.32,AFECTACIONES DE VIVIENDA POR EL FF 21,TULIJA TSELTAL-CHOL,TUMBALA,CABECERA MUNICIPAL
FRENTE FRIO,ENERO 7. 2017,HIDROMETEOROLOGICOS,92.009,61,1,2.862,20,8,17.29,-92.82,AFECTACIONES POR EL F.F. 21 AMATAN,NORTE,AMATAN,EL LIMON
PRECIPITACION,ENERO 7. 2017,HIDROMETEOROLOGICOS,92.067,1,1,2.385,87,7,17.16,-92.9,AFECTACIONES POR FF 21,DE LOS BOSQUES,PUEBLO NUEVO SOLISTAHUACAN,MONTE OLIVO
PRECIPITACION,ENERO 7. 2017,HIDROMETEOROLOGICOS,92.069,1,1,492,54,7,17.17,-92.69,AFECTACIONES POR EL FF. NO. 21,DE LOS BOSQUES,HUITIUPAN,EL AZUFRE
VERIFICACIONES,ENERO 8. 2017,ACCIONES DE PREVENCION,92.073,52,8,20.096,92,14,17.56,-92.34,VERIFICACION DE ENCHARCAMIENTO,TULIJA TSELTAL-CHOL,SALTO DE AGUA,CABECERA MUNICIPAL
VERIFICACIONES,FEBRERO 8. 2017,ACCIONES DE PREVENCION,94.36,52,8,227,93,5,16.73,-92.64,VERIFICACION DEL TUNEL DE AVENAMIENTO,ALTOS TSOTSIL-TSELTAL,SAN CRISTOBAL DE LAS CASAS,SAN CRISTOBAL DE LAS CASAS
ENCHARCAMIENTO,FEBRERO 12. 2017,HIDROMETEOROLOGICOS,94.697,69,1,20.076,72,11,15.36,-92.25,VIVIENDA INUNDANA,SIERRA MARISCAL,MOTOZINTLA,CABECERA MUNICIPAL
PRECIPITACION,FEBRERO 15. 2017,HIDROMETEOROLOGICOS,94.916,1,1,20.084,80,13,17.51,-91.98,ENCHARCAMIENTO DE AGUA,MAYA,PALENQUE,CABECERA MUNICIPAL
VERIFICACIONES,ENERO 15. 2017,ACCIONES DE PREVENCION,96.912,52,8,251,115,1,16.78,-93.1,VALORACION DE RIESGO EN COL. LAS CASITAS,METROPOLITANA,TUXTLA GUTIERREZ,TUXTLA GUTIERREZ
VERIFICACIONES,MARZO 8. 2017,ACCIONES DE PREVENCION,97.37,52,8,20.034,30,10,14.99,-92.17,INSPECCION PUENTE DE CONCRETO,SOCONUSCO,CACAHOATAN,CABECERA MUNICIPAL
VERIFICACIONES,MARZO 16. 2017,ACCIONES DE PREVENCION,98.117,52,8,172,102,10,14.62,-92.24,MONITOREO NIVEL CANAL DE RIEGO,SOCONUSCO,SUCHIATE,CIUDAD HIDALGO
AFECTACIONES POR LLUVIAS,MARZO 27. 2017,HIDROMETEOROLOGICOS,99.293,80,1,20.071,67,15,16.31,-91.98,AFECTACIONES DE VIVIENDAS.,MESETA COMITECA TOJOLABAL,LAS MARGARITAS,CABECERA MUNICIPAL
AFECTACIONES POR LLUVIAS,MARZO 27. 2017,HIDROMETEOROLOGICOS,99.294,80,1,20.071,67,15,16.32,-91.99,AFECTACIONES POR LLUVIAS,MESETA COMITECA TOJOLABAL,LAS MARGARITAS,CABECERA MUNICIPAL
AFECTACIONES POR LLUVIAS,MARZO 27. 2017,HIDROMETEOROLOGICOS,99.333,80,1,20.059,55,10,15.14,-92.46,LLUVIAS ATIPICAS,SOCONUSCO,HUIXTLA,CABECERA MUNICIPAL
PRECIPITACION,ABRIL 1. 2017,HIDROMETEOROLOGICOS,99.842,1,1,210,74,12,16.91,-92.1,FUERTES LLUVIAS,SELVA LACANDONA,OCOSINGO,OCOSINGO
PRECIPITACION,ABRIL 5. 2017,HIDROMETEOROLOGICOS,100.338,1,1,20.084,80,13,17.51,-91.98,AFECTACIONES DE VIVIENDAS (FF. 39),MAYA,PALENQUE,CABECERA MUNICIPAL
VERIFICACIONES,ABRIL 6. 2017,ACCIONES DE PREVENCION,100.364,52,8,20.087,83,8,17.51,-93.11,FRENTE FRIO NO. 39,NORTE,PICHUCALCO,CABECERA MUNICIPAL
TROMBA,ABRIL 15. 2017,HIDROMETEOROLOGICOS,101.113,176,1,184,55,10,15.15,-92.45,TROMBA EN HUIXTLA,SOCONUSCO,HUIXTLA,HUIXTLA
FRENTE FRIO,ABRIL 29. 2017,HIDROMETEOROLOGICOS,102.307,61,1,20.119,115,1,16.74,-93.17,FRENTE FRIO 44,METROPOLITANA,TUXTLA GUTIERREZ,CABECERA MUNICIPAL
VERIFICACIONES,MAYO 3. 2017,ACCIONES DE PREVENCION,102.709,52,8,20.108,104,10,14.9,-92.27,RECORRIDO Y VERIFICACION DE VIVIENDAS. RIOS. ENCHARCAMIENTOS. CAIDA DE ARBOLES.,SOCONUSCO,TAPACHULA,CABECERA MUNICIPAL
FRENTE FRIO,MAYO 4. 2017,HIDROMETEOROLOGICOS,102.716,61,1,20.034,30,10,14.99,-92.16,AFECTACIONES POR EL FRENTE FRIO 45 (FF-45),SOCONUSCO,CACAHOATAN,CABECERA MUNICIPAL
FRENTE FRIO,MAYO 4. 2017,HIDROMETEOROLOGICOS,102.723,61,1,20.12,116,10,14.94,-92.16,AFECTACIONES POR EL FF-45,SOCONUSCO,TUXTLA CHICO,CABECERA MUNICIPAL
PRECIPITACION,MAYO 4. 2017,HIDROMETEOROLOGICOS,102.732,1,1,172,102,10,14.62,-92.25,RESGUARDO Y MONITOREO DE INUNDACIONES POR LLUVIA,SOCONUSCO,SUCHIATE,CIUDAD HIDALGO
ENCHARCAMIENTO,MAYO 4. 2017,HIDROMETEOROLOGICOS,102.763,69,1,20.071,67,15,16.32,-91.98,ENCHARCAMIENTOS POR LLUVIAS,MESETA COMITECA TOJOLABAL,LAS MARGARITAS,CABECERA MUNICIPAL
VERIFICACIONES,MAYO 7. 2017,ACCIONES DE PREVENCION,102.959,52,8,172,102,10,14.62,-92.24,MONITOREO EN CALLES Y COMPUERTA . CANAL DE RIEGO,SOCONUSCO,SUCHIATE,CIUDAD HIDALGO
VERIFICACIONES,MAYO 8. 2017,ACCIONES DE PREVENCION,103.105,52,8,3.142,86,10,15.09,-92.64,VERIFICACION DE REFUGIOS TEMPORALES,SOCONUSCO,VILLA COMALTITLAN,XOCHICALCO
BOLETINES,MAYO 8. 2017,ACCIONES DE PREVENCION,103.112,62,8,256,86,10,15.21,-92.58,AVISO DE ALERTAMIENTO,SOCONUSCO,VILLA COMALTITLAN,VILLA COMALTITLAN
PRECIPITACION,MAYO 10. 2017,HIDROMETEOROLOGICOS,103.256,1,1,201,66,9,15.45,-92.88,AFECTACIONES EN MAPASTEPEC POR EL FF NO. 46,ISTMO-COSTA,MAPASTEPEC,MAPASTEPEC
AFECTACIONES POR LLUVIAS,MAYO 10. 2017,HIDROMETEOROLOGICOS,103.31,80,1,20.038,34,15,16.24,-92.12,ENCHARCAMIENTOS POR FUERTES LLUVIAS,MESETA COMITECA TOJOLABAL,COMITAN DE DOMINGUEZ,CABECERA MUNICIPAL
VERIFICACIONES,MAYO 11. 2017,ACCIONES DE PREVENCION,103.405,52,8,20.119,115,1,16.74,-93.1,AFECTACIONES POR LLUVIAS,METROPOLITANA,TUXTLA GUTIERREZ,CABECERA MUNICIPAL
PRECIPITACION,MAYO 13. 2017,HIDROMETEOROLOGICOS,103.499,1,1,20.119,115,1,16.75,-93.12,VERIFICACION DE AFECTACIONES POR LLUVIAS EN TUXTLA,METROPOLITANA,TUXTLA GUTIERREZ,CABECERA MUNICIPAL
INUNDACION PLUVIAL,MAYO 12. 2017,HIDROMETEOROLOGICOS,103.523,68,1,20.127,123,14,17.17,-92.33,AFECTACIONES DE LA LLUVIA,TULIJA TSELTAL-CHOL,YAJALON,CABECERA MUNICIPAL
AFECTACIONES POR LLUVIAS,ABRIL 28. 2017,HIDROMETEOROLOGICOS,103.978,80,1,20.034,30,10,15.01,-92.17,RECORRIDO PREVENTIVO DURANTE LLUVIA,SOCONUSCO,CACAHOATAN,CABECERA MUNICIPAL
VERIFICACIONES,MAYO 18. 2017,ACCIONES DE PREVENCION,104.044,52,8,20.108,104,10,14.88,-92.28,ARBOLES CAIDOS. ENCHARCAMIENTOS POR LLUVIAS FUERTE,SOCONUSCO,TAPACHULA,CABECERA MUNICIPAL
VERIFICACIONES,MAYO 18. 2017,ACCIONES DE PREVENCION,104.046,52,8,20.108,104,10,14.91,-92.25,VERIFICACION DE ENCHARCAMIENTO,SOCONUSCO,TAPACHULA,CABECERA MUNICIPAL
ENCHARCAMIENTO,MAYO 23. 2017,HIDROMETEOROLOGICOS,104.47,69,1,20.097,93,5,16.75,-92.65,ENCHARCAMIENTO POR LLUVIAS FUERTES,ALTOS TSOTSIL-TSELTAL,SAN CRISTOBAL DE LAS CASAS,CABECERA MUNICIPAL
VERIFICACIONES,MAYO 23. 2017,ACCIONES DE PREVENCION,104.472,52,8,166,42,1,16.71,-92.97,VERIFICACION DE ENCHARCAMIENTO DE VIVIENDA,METROPOLITANA,CHIAPA DE CORZO,CHIAPA DE CORZO
PRECIPITACION,MAYO 23. 2017,HIDROMETEOROLOGICOS,104.496,1,1,20.097,93,5,16.73,-92.63,ENCHARCAMIENTO POR FUERTES LLUVIAS,ALTOS TSOTSIL-TSELTAL,SAN CRISTOBAL DE LAS CASAS,CABECERA MUNICIPAL
AFECTACIONES POR LLUVIAS,MAYO 25. 2017,HIDROMETEOROLOGICOS,104.689,80,1,20.119,115,1,16.76,-93.19,AFECTACIONES POR LLUVIAS.,METROPOLITANA,TUXTLA GUTIERREZ,CABECERA MUNICIPAL
VERIFICACIONES,MAYO 28. 2017,ACCIONES DE PREVENCION,104.843,52,8,20.119,115,1,16.78,-93.12,VERIFICACION DE CISTERNA INUNDADA DE AGUAS NEGRAS (POTINASPAK),METROPOLITANA,TUXTLA GUTIERREZ,CABECERA MUNICIPAL
VERIFICACIONES,MAYO 29. 2017,ACCIONES DE PREVENCION,104.936,52,8,20.119,115,1,16.8,-93.11,VERIFICACION DE VIVIENDAS AFECTADAS POR LLUVIAS DEMOCRATICA,METROPOLITANA,TUXTLA GUTIERREZ,CABECERA MUNICIPAL
BOLETINES,MAYO 31. 2017,ACCIONES DE PREVENCION,105.133,62,8,20.067,63,8,17.61,-93.19,ALERTAMIENTO POR LLUVIAS MUY FUERTES POR LA DEPRESION TROPICAL E-2,NORTE,JUAREZ,CABECERA MUNICIPAL
BOLETINES,ABRIL 30. 2017,ACCIONES DE PREVENCION,105.155,62,8,490,63,8,17.61,-93.19,ALERTAMIENTO POR TEMPORADA DE LLUVIAS Y CICLONES TROPICALES.,NORTE,JUAREZ,DOCTOR BELISARIO DOMINGUEZ
ENCHARCAMIENTO,MAYO 31. 2017,HIDROMETEOROLOGICOS,105.171,69,1,184,55,10,15.15,-92.46,ENCHARCAMIENTO DE VIVIENDAS POR ESCURRIMIENTOS DE LA PARTE SIERRA SOBRE EL RIO HUIXTLA,SOCONUSCO,HUIXTLA,HUIXTLA
TORMENTA TROPICAL,JUNIO 1. 2017,HIDROMETEOROLOGICOS,105.179,5,1,20.132,128,12,16.51,-90.65,VIVIENDA ENCHARCADA,SELVA LACANDONA,BENEMERITO DE LAS AMERICAS,CABECERA MUNICIPAL
VERIFICACIONES,JUNIO 1. 2017,ACCIONES DE PREVENCION,105.221,52,8,2.145,117,10,15.11,-92.46,VERIFICACION DE DESAZOLVE EN ARROYO ACAPA.,SOCONUSCO,TUZANTAN,TERCER CANTON
VERIFICACIONES,JUNIO 2. 2017,ACCIONES DE PREVENCION,105.32,52,8,20.084,80,13,17.54,-91.99,ENCHARCAMIENTO DE AGUA,MAYA,PALENQUE,CABECERA MUNICIPAL
PRECIPITACION,JUNIO 4. 2017,HIDROMETEOROLOGICOS,105.392,1,1,20.071,67,15,16.32,-91.99,AFECTACIONES POR LLUVIAS,MESETA COMITECA TOJOLABAL,LAS MARGARITAS,CABECERA MUNICIPAL
AFECTACIONES POR LLUVIAS,JUNIO 6. 2017,HIDROMETEOROLOGICOS,105.744,80,1,20.06,56,15,16.23,-92.01,CASAS AFECTADAS POR LLUVIAS,MESETA COMITECA TOJOLABAL,LA INDEPENDENCIA,CABECERA MUNICIPAL
PRECIPITACION,JUNIO 7. 2017,HIDROMETEOROLOGICOS,105.746,1,1,4.144,56,15,16.2,-91.86,BARRIO(EL CHAPARRO) AFECTADO,MESETA COMITECA TOJOLABAL,LA INDEPENDENCIA,EL TRIUNFO
AFECTACIONES POR LLUVIAS,JUNIO 7. 2017,HIDROMETEOROLOGICOS,105.75,80,1,20.071,67,15,16.31,-91.99,REMOCION DE VIVIENDA AFECTADA,MESETA COMITECA TOJOLABAL,LAS MARGARITAS,CABECERA MUNICIPAL
VERIFICACIONES,MAYO 17. 2017,ACCIONES DE PREVENCION,105.751,52,8,20.034,30,10,14.99,-92.17,INSPECCION CASA HABITACION,SOCONUSCO,CACAHOATAN,CABECERA MUNICIPAL
AFECTACIONES POR LLUVIAS,JUNIO 7. 2017,HIDROMETEOROLOGICOS,105.786,80,1,20.071,67,15,16.31,-91.99,AFECTACIONES POR LLUVIAS,MESETA COMITECA TOJOLABAL,LAS MARGARITAS,CABECERA MUNICIPAL
VERIFICACIONES,JUNIO 8. 2017,ACCIONES DE PREVENCION,105.878,52,8,20.071,67,15,16.3,-91.98,AFECTACIONES POR LLUVIAS,MESETA COMITECA TOJOLABAL,LAS MARGARITAS,CABECERA MUNICIPAL
PRECIPITACION,JUNIO 11. 2017,HIDROMETEOROLOGICOS,106.023,1,1,1.542,56,15,16.25,-92.03,AFECTACIONES POR LLUVIAS,MESETA COMITECA TOJOLABAL,LA INDEPENDENCIA,FRANCISCO SARABIA
VERIFICACIONES,JUNIO 11. 2017,ACCIONES DE PREVENCION,106.044,52,8,2.651,84,9,15.76,-93.34,VERIFICACION DE VENTANA DEL RIO SAN ISIDRO,ISTMO-COSTA,PIJIJIAPAN,SAN ISIDRO
VERIFICACIONES,JUNIO 11. 2017,ACCIONES DE PREVENCION,106.073,52,8,2.711,69,10,14.96,-92.51,VERIFICACION DE COMPUERTA,SOCONUSCO,MAZATAN,ADOLFO LOPEZ MATEOS
AFECTACIONES POR LLUVIAS,JUNIO 11. 2017,HIDROMETEOROLOGICOS,106.091,80,1,253,118,15,16.18,-92.18,AFECTACIONES POR LLUVIAS EN TZIMOL,MESETA COMITECA TOJOLABAL,TZIMOL,TZIMOL
AFECTACIONES POR LLUVIAS,JUNIO 11. 2017,HIDROMETEOROLOGICOS,106.092,80,1,20.084,80,13,17.51,-91.99,AFECTACIONES POR LLUVIAS,MAYA,PALENQUE,CABECERA MUNICIPAL
AFECTACIONES POR LLUVIAS,JUNIO 12. 2017,HIDROMETEOROLOGICOS,106.125,80,1,11.375,74,12,16.91,-92.09,AFECTACIONES POR LLUVIAS EN OCOSINGO (VALLE SANTO DOMINGO),SELVA LACANDONA,OCOSINGO,SANTO DOMINGO
BAJA PRESION,JUNIO 12. 2017,HIDROMETEOROLOGICOS,106.196,2,1,1.848,49,11,15.66,-92.14,ENCHARCAMIENTOS DE VIVIENDAS,SIERRA MARISCAL,FRONTERA COMALAPA,JOAQUIN MIGUEL GUTIERREZ (QUESPALA)
BAJA PRESION,JUNIO 12. 2017,HIDROMETEOROLOGICOS,106.199,2,1,20.117,113,15,16.16,-92.06,ENCHARCAMENTOS DE VIVIENDAS,MESETA COMITECA TOJOLABAL,LA TRINITARIA,CABECERA MUNICIPAL
ENCHARCAMIENTO,JUNIO 12. 2017,HIDROMETEOROLOGICOS,106.204,69,1,163,39,5,16.65,-92.27,ENCHARCAMIENTOS,ALTOS TSOTSIL-TSELTAL,CHANAL,CHANAL
BAJA PRESION,JUNIO 13. 2017,HIDROMETEOROLOGICOS,106.277,2,1,13.489,74,12,16.91,-92.09,ENCHARCAMIENTOS DE VIVIENDAS,SELVA LACANDONA,OCOSINGO,BETHEL
TORMENTA TROPICAL,JUNIO 11. 2017,HIDROMETEOROLOGICOS,106.312,5,1,12.333,46,14,17.07,-91.93,VERIFICACION DE UNA ESCUELA SECUNDARIA AFECTADO POR DESBORDAMIENTO DE RIO JETJA.,TULIJA TSELTAL-CHOL,CHILON,JET-JA
BAJA PRESION,JUNIO 12. 2017,HIDROMETEOROLOGICOS,106.315,2,1,764,113,15,15.9,-91.99,ENCHARCAMIENTO DE VIVIENDAS,MESETA COMITECA TOJOLABAL,LA TRINITARIA,NUEVO RECUERDO
VERIFICACIONES,JUNIO 14. 2017,ACCIONES DE PREVENCION,106.366,52,8,166,42,1,16.74,-93.03,VALORACION DE RIESGO,METROPOLITANA,CHIAPA DE CORZO,CHIAPA DE CORZO
AFECTACIONES POR LLUVIAS,JUNIO 14. 2017,HIDROMETEOROLOGICOS,106.393,80,1,4.866,113,15,16.02,-92.09,AFECTACIONES POR LLUVIAS,MESETA COMITECA TOJOLABAL,LA TRINITARIA,FRANCISCO VILLA
VERIFICACIONES,JUNIO 15. 2017,ACCIONES DE PREVENCION,106.49,52,8,20.09,86,10,15.21,-92.58,ENCHARCAMIENTOS DE VIVIENDAS POR LLUVIAS FUERTES,SOCONUSCO,VILLA COMALTITLAN,CABECERA MUNICIPAL
PRECIPITACION,JUNIO 17. 2017,HIDROMETEOROLOGICOS,106.565,1,1,20.108,104,10,14.89,-92.29,ENCHARCAMIENTO DEBIDO A LA FUERTE LLUVIA EN EL HOSPITAL REGIONAL,SOCONUSCO,TAPACHULA,CABECERA MUNICIPAL
AFECTACIONES POR LLUVIAS,JUNIO 18. 2017,HIDROMETEOROLOGICOS,106.593,80,1,19.887,74,12,16.91,-92.1,AFECTACIONES POR LLUVIAS (OCOSINGO),SELVA LACANDONA,OCOSINGO,SANTO DOMINGO
ONDA TROPICAL,JUNIO 19. 2017,HIDROMETEOROLOGICOS,106.669,3,1,256,86,10,15.21,-92.58,AFECTACIONES POR LLUVIAS,SOCONUSCO,VILLA COMALTITLAN,VILLA COMALTITLAN
AFECTACIONES POR LLUVIAS,JUNIO 20. 2017,HIDROMETEOROLOGICOS,106.764,80,1,20.059,55,10,15.14,-92.46,ENCHARCAMIENTO POR LLUVIAS ATIPICAS EN HUIXTLA,SOCONUSCO,HUIXTLA,CABECERA MUNICIPAL
TORMENTA TROPICAL,JUNIO 21. 2017,HIDROMETEOROLOGICOS,106.85,5,1,7.389,55,10,15.09,-92.66,DESBORDAMIENTO DE DREN EL PAPATURRO EN COMUNIDAD ALTAMIRA LA PROVIDENCIA,SOCONUSCO,HUIXTLA,ALTAMIRA (LA PROVIDENCIA)
AFECTACIONES POR LLUVIAS,JUNIO 21. 2017,HIDROMETEOROLOGICOS,106.858,80,1,2.211,117,10,15.1,-92.45,INUNDACION DE VIVIENDA EN COLONIA ESTACION TUZANTAN.,SOCONUSCO,TUZANTAN,ESTACION TUZANTAN
AFECTACIONES POR LLUVIAS,JUNIO 21. 2017,HIDROMETEOROLOGICOS,106.866,80,1,166,42,1,16.71,-93.02,VERIFICACION DE CASA INUNDADA,METROPOLITANA,CHIAPA DE CORZO,CHIAPA DE CORZO
AFECTACIONES POR LLUVIAS,JUNIO 21. 2017,HIDROMETEOROLOGICOS,106.869,80,1,4.122,42,1,16.64,-93,CASA INUNDADA,METROPOLITANA,CHIAPA DE CORZO,SALVADOR URBINA
AFECTACIONES POR LLUVIAS,JUNIO 21. 2017,HIDROMETEOROLOGICOS,106.87,80,1,166,42,1,16.72,-93.01,APOYO DE VEHICULO INUNDADO,METROPOLITANA,CHIAPA DE CORZO,CHIAPA DE CORZO
AFECTACIONES POR LLUVIAS,JUNIO 21. 2017,HIDROMETEOROLOGICOS,106.871,80,1,166,42,1,16.71,-93.01,CASA INUNDADA,METROPOLITANA,CHIAPA DE CORZO,CHIAPA DE CORZO
BAJA PRESION,JUNIO 21. 2017,HIDROMETEOROLOGICOS,106.872,2,1,440,26,11,15.67,-92.24,DESBORDAMIENTO,SIERRA MARISCAL,BELLA VISTA,EMILIANO ZAPATA
AFECTACIONES POR LLUVIAS,JUNIO 21. 2017,HIDROMETEOROLOGICOS,106.873,80,1,20.046,42,1,16.71,-93.01,VERIFICACION DE CASA INUNDADA,METROPOLITANA,CHIAPA DE CORZO,CABECERA MUNICIPAL
VERIFICACIONES,JUNIO 22. 2017,ACCIONES DE PREVENCION,106.888,52,8,172,102,10,14.62,-92.24,ENCHARCAMIENTO,SOCONUSCO,SUCHIATE,CIUDAD HIDALGO
HUNDIMIENTO,JUNIO 21. 2017,GEOLOGICOS,106.898,47,3,20.145,20.141,6,16.38,-93,INUNDACION,FRAILESCA,EL PARRAL,CABECERA MUNICIPAL
VERIFICACIONES,JUNIO 22. 2017,ACCIONES DE PREVENCION,106.905,52,8,20.094,90,15,16.36,-92.38,VERIFICACION DE REJILLAS,MESETA COMITECA TOJOLABAL,LAS ROSAS,CABECERA MUNICIPAL
PRECIPITACION,JUNIO 22. 2017,HIDROMETEOROLOGICOS,106.91,1,1,20.119,115,1,16.77,-93.07,AFECTACIONES POR LLUVIAS DEL 22 DE JUNIO,METROPOLITANA,TUXTLA GUTIERREZ,CABECERA MUNICIPAL
TORMENTA TROPICAL,JUNIO 21. 2017,HIDROMETEOROLOGICOS,106.932,5,1,440,26,11,15.58,-92.25,INUNDACION EN COLONIA EMILIANO ZAPATA,SIERRA MARISCAL,BELLA VISTA,EMILIANO ZAPATA
VERIFICACIONES,JUNIO 22. 2017,ACCIONES DE PREVENCION,106.936,52,8,166,42,1,16.74,-93.04,VALORACION DE UNA CALLE,METROPOLITANA,CHIAPA DE CORZO,CHIAPA DE CORZO
VERIFICACIONES,JUNIO 22. 2017,ACCIONES DE PREVENCION,106.938,52,8,4.122,42,1,16.64,-93,VERIFICACION DE ESTANCAMIENTO DE AGUAS FLUVIALES,METROPOLITANA,CHIAPA DE CORZO,SALVADOR URBINA
PRECIPITACION,JUNIO 22. 2017,HIDROMETEOROLOGICOS,106.944,1,1,20.119,115,1,16.74,-93.17,LLUVIAS EN TUXTLA GUTIERREZ,METROPOLITANA,TUXTLA GUTIERREZ,CABECERA MUNICIPAL
PRECIPITACION,JUNIO 22. 2017,HIDROMETEOROLOGICOS,106.947,1,1,20.119,115,1,16.75,-93.11,AFECTACIONES POR LLUVIA 23/06/17,METROPOLITANA,TUXTLA GUTIERREZ,CABECERA MUNICIPAL
BAJA PRESION,JUNIO 23. 2017,HIDROMETEOROLOGICOS,106.968,2,1,5.689,98,4,16.23,-92.4,PRELIMINAR AFECTACIONES EN VIVIENDAS POR ENCHARCAMIENTOS,DE LOS LLANOS,SOCOLTENANGO,SAN VICENTE
PRECIPITACION,JUNIO 23. 2017,HIDROMETEOROLOGICOS,106.972,1,1,20.11,106,7,17.25,-93.02,ENCHARCAMIENTOS DE VIVIENDAS,DE LOS BOSQUES,TAPILULA,CABECERA MUNICIPAL
AFECTACIONES POR LLUVIAS,JUNIO 28. 2017,HIDROMETEOROLOGICOS,107.26,80,1,166,42,1,16.67,-93.02,INUNDACION DE CASAS,METROPOLITANA,CHIAPA DE CORZO,CHIAPA DE CORZO
AFECTACIONES POR LLUVIAS,JUNIO 29. 2017,HIDROMETEOROLOGICOS,107.266,80,1,20.11,106,7,17.25,-93.02,DESLAVE TRAMO CARRETERO TAPILULA RAYON A LA ALTURA DEL VERGEL,DE LOS BOSQUES,TAPILULA,CABECERA MUNICIPAL
PRECIPITACION,JUNIO 28. 2017,HIDROMETEOROLOGICOS,107.282,1,1,20.08,76,2,16.76,-93.38,EMERGENCIAS POR LLUVIAS.,VALLES ZOQUE,OCOZOCOAUTLA DE ESPINOSA,CABECERA MUNICIPAL
ONDA TROPICAL,JULIO 1. 2017,HIDROMETEOROLOGICOS,107.379,3,1,20.108,104,10,14.93,-92.25,PRELIMINAR AFECTACIONES POR LLUVIAS Y VIENTOS,SOCONUSCO,TAPACHULA,CABECERA MUNICIPAL
TORMENTA TROPICAL,JULIO 5. 2017,HIDROMETEOROLOGICOS,107.572,5,1,20.119,115,1,16.77,-93.12,AFECTACIONES POR LLUVIA 06/07/17,METROPOLITANA,TUXTLA GUTIERREZ,CABECERA MUNICIPAL
VERIFICACIONES,JULIO 5. 2017,ACCIONES DE PREVENCION,107.601,52,8,3.444,42,1,16.58,-92.99,VERIFICACION DE UN ENCHARCAMIENTO DE AGUA,METROPOLITANA,CHIAPA DE CORZO,NARCISO MENDOZA
PRECIPITACION,JULIO 6. 2017,HIDROMETEOROLOGICOS,107.654,1,1,20.119,115,1,16.73,-93.09,AFECTACIONES POR LLUVIA 07/07/17,METROPOLITANA,TUXTLA GUTIERREZ,CABECERA MUNICIPAL
VERIFICACIONES,JULIO 9. 2017,ACCIONES DE PREVENCION,107.753,52,8,20.119,115,1,16.75,-93.08,VERIFICACION DE TECHO COLAPSADO EN EL HOSPITAL ISSTECH (COL. CASTILLO TIELMANS),METROPOLITANA,TUXTLA GUTIERREZ,CABECERA MUNICIPAL
VERIFICACIONES,JULIO 9. 2017,ACCIONES DE PREVENCION,107.792,52,8,4.122,42,1,16.63,-93,VALORACION DE RIESGO DE UN CAUSE FLUVIAL,METROPOLITANA,CHIAPA DE CORZO,SALVADOR URBINA
VERIFICACIONES,JULIO 10. 2017,ACCIONES DE PREVENCION,107.87,52,8,20.119,115,1,16.75,-93.1,RECORRIDO DE LLUVIAS 11/07/17,METROPOLITANA,TUXTLA GUTIERREZ,CABECERA MUNICIPAL
ONDA TROPICAL,JULIO 11. 2017,HIDROMETEOROLOGICOS,107.916,3,1,20.119,115,1,16.75,-93.11,RECORRIDO POR LLUVIAS EN TGZ.,METROPOLITANA,TUXTLA GUTIERREZ,CABECERA MUNICIPAL
VERIFICACIONES,JULIO 12. 2017,ACCIONES DE PREVENCION,107.966,52,8,20.084,80,13,17.51,-91.98,ENCHARCAMIENTO,MAYA,PALENQUE,CABECERA MUNICIPAL
ENCHARCAMIENTO,JULIO 16. 2017,HIDROMETEOROLOGICOS,108.197,69,1,20.097,93,5,16.72,-92.63,ENCHARCAMIENTO,ALTOS TSOTSIL-TSELTAL,SAN CRISTOBAL DE LAS CASAS,CABECERA MUNICIPAL
PRECIPITACION,JULIO 17. 2017,HIDROMETEOROLOGICOS,108.275,1,1,20.059,55,10,15.14,-92.45,ENCHARCAMIENTOS EN VIVIENDAS Y CALLES,SOCONUSCO,HUIXTLA,CABECERA MUNICIPAL
VERIFICACIONES,JULIO 20. 2017,ACCIONES DE PREVENCION,108.449,52,8,166,42,1,16.71,-92.99,VERIFICACION DE INUNDACION EN CASA HABITACION,METROPOLITANA,CHIAPA DE CORZO,CHIAPA DE CORZO
VERIFICACIONES,JULIO 22. 2017,ACCIONES DE PREVENCION,108.564,52,8,2.145,117,10,15.1,-92.46,VERIFICACION FISICA DE UN PUENTE AZOLVADO,SOCONUSCO,TUZANTAN,TERCER CANTON
PRECIPITACION,JULIO 24. 2017,HIDROMETEOROLOGICOS,108.632,1,1,20.119,115,1,16.75,-93.08,AFECTACIONES POR LLUVIAS 25/07/2017,METROPOLITANA,TUXTLA GUTIERREZ,CABECERA MUNICIPAL
AFECTACIONES POR LLUVIAS,JULIO 30. 2017,HIDROMETEOROLOGICOS,109.036,80,1,20.046,42,1,16.71,-93.01,INUNDACION DE CALLE,METROPOLITANA,CHIAPA DE CORZO,CABECERA MUNICIPAL
VERIFICACIONES,JULIO 31. 2017,ACCIONES DE PREVENCION,109.048,52,8,20.119,115,1,16.78,-93.11,AFECTACIONES POR LLUVIAS 01/08/17,METROPOLITANA,TUXTLA GUTIERREZ,CABECERA MUNICIPAL
VERIFICACIONES,JULIO 24. 2017,ACCIONES DE PREVENCION,109.055,52,8,251,115,1,16.75,-93.15,VALORACION DE RIESGO: COL. PUESTA DEL SOL,METROPOLITANA,TUXTLA GUTIERREZ,TUXTLA GUTIERREZ
PRECIPITACION,AGOSTO 1. 2017,HIDROMETEOROLOGICOS,109.175,1,1,20.119,115,1,16.73,-93.17,AFECTACIONES POR LLUVIAS EN TUXTLA GUTIERREZ,METROPOLITANA,TUXTLA GUTIERREZ,CABECERA MUNICIPAL
PRECIPITACION,AGOSTO 1. 2017,HIDROMETEOROLOGICOS,109.178,1,1,20.047,43,4,16.57,-92.72,AFECTACIONES POR LLUVIAS,DE LOS LLANOS,CHIAPILLA,CABECERA MUNICIPAL
AFECTACIONES POR LLUVIAS,AGOSTO 3. 2017,HIDROMETEOROLOGICOS,109.28,80,1,3.462,109,5,16.61,-92.52,AFECTACION POR FUERTES LLUVIAS.,ALTOS TSOTSIL-TSELTAL,TEOPISCA,BETANIA
VERIFICACIONES,JULIO 30. 2017,ACCIONES DE PREVENCION,109.417,52,8,251,115,1,16.76,-93.06,VALORACION DE RIESGO: COL. EVOLUCION POLITICA,METROPOLITANA,TUXTLA GUTIERREZ,TUXTLA GUTIERREZ
VERIFICACIONES,AGOSTO 6. 2017,ACCIONES DE PREVENCION,109.488,52,8,20.119,115,1,16.74,-93.06,AFECTACIONES POR LLUVIAS 07/08/17,METROPOLITANA,TUXTLA GUTIERREZ,CABECERA MUNICIPAL
TORMENTA TROPICAL,AGOSTO 7. 2017,HIDROMETEOROLOGICOS,109.535,5,1,20.067,63,8,17.61,-93.19,"ALERTAMIENTO PREVENTIVO POR LLUVIAS MUY FUERTES POR LA TORMENTA TROPICAL ""FRANKLIN""",NORTE,JUAREZ,CABECERA MUNICIPAL
VERIFICACIONES,AGOSTO 8. 2017,ACCIONES DE PREVENCION,109.592,52,8,20.056,52,10,15.01,-92.4,ALERTAMIENTO DEL CICLO TEMPORAL A COMUNIDADES BULNERABLES,SOCONUSCO,HUEHUETAN,CABECERA MUNICIPAL
VERIFICACIONES,AGOSTO 17. 2017,ACCIONES DE PREVENCION,110.071,52,8,166,42,1,16.75,-93.05,INUNDACION DE UNA FOSA SEPTICA,METROPOLITANA,CHIAPA DE CORZO,CHIAPA DE CORZO
VERIFICACIONES,AGOSTO 23. 2017,ACCIONES DE PREVENCION,110.384,52,8,147,18,10,15.26,-92.67,VERIFICACION EN ARROYO EL BARRIAL Y RIO SANJON DEL CHINO,SOCONUSCO,ACAPETAHUA,ACAPETAHUA
VERIFICACIONES,AGOSTO 24. 2017,ACCIONES DE PREVENCION,110.442,52,8,20.119,115,1,16.74,-93.1,AFECTACIONES POR LLUVIA 25 /08/17,METROPOLITANA,TUXTLA GUTIERREZ,CABECERA MUNICIPAL
PRECIPITACION,AGOSTO 26. 2017,HIDROMETEOROLOGICOS,110.485,1,1,20.119,115,1,16.74,-93.1,AFECTACIONES POR LLUVIAS 27/08/2017,METROPOLITANA,TUXTLA GUTIERREZ,CABECERA MUNICIPAL
PRECIPITACION,AGOSTO 29. 2017,HIDROMETEOROLOGICOS,110.639,1,1,20.119,115,1,16.75,-93.09,MONITOREO POR LLUVIAS EN TUXTLA GUTIERREZ,METROPOLITANA,TUXTLA GUTIERREZ,CABECERA MUNICIPAL
VERIFICACIONES,JULIO 9. 2017,ACCIONES DE PREVENCION,110.651,52,8,251,115,1,16.76,-93.09,VALORACION DE RIESGO: COL. INFONAVIT GRIJALVA-VIVIENDAS AFECTADAS POR LLUVIA.,METROPOLITANA,TUXTLA GUTIERREZ,TUXTLA GUTIERREZ
ENCHARCAMIENTO,AGOSTO 29. 2017,HIDROMETEOROLOGICOS,110.7,69,1,824,125,5,16.74,-92.78,AFECTACIONES POR LLUVIAS,ALTOS TSOTSIL-TSELTAL,ZINACANTAN,NAVENCHAUC
ONDA TROPICAL,SEPTIEMBRE 2. 2017,HIDROMETEOROLOGICOS,110.875,3,1,255,120,4,16.34,-92.58,ENCHARCAMIENTOS EN VIVIENDAS,DE LOS LLANOS,VENUSTIANO CARRANZA,VENUSTIANO CARRANZA
VERIFICACIONES,SEPTIEMBRE 5. 2017,ACCIONES DE PREVENCION,111.028,52,8,20.119,115,1,16.76,-93.11,VERIFICACION DE CALLE ENCHARCADA,METROPOLITANA,TUXTLA GUTIERREZ,CABECERA MUNICIPAL
PRECIPITACION,SEPTIEMBRE 5. 2017,HIDROMETEOROLOGICOS,111.06,1,1,6.644,120,4,16.41,-92.76,AFECTACIONES POR LLUVIAS,DE LOS LLANOS,VENUSTIANO CARRANZA,BELISARIO DOMINGUEZ
DEPRESION TROPICAL,SEPTIEMBRE 6. 2017,HIDROMETEOROLOGICOS,111.12,4,1,20.067,63,8,17.61,-93.19,ALERTAMIENTO POR AMENAZA DE LLUVIAS INTENSAS. POR AMENAZA DEL HURACAN,NORTE,JUAREZ,CABECERA MUNICIPAL
HURACAN CATEGORIA I,SEPTIEMBRE 7. 2017,HIDROMETEOROLOGICOS,111.16,7,1,20.087,83,8,17.51,-93.11,FUERTES LLUVIAS CON RACHAS DE VIENTOS,NORTE,PICHUCALCO,CABECERA MUNICIPAL
AFECTACIONES POR LLUVIAS,SEPTIEMBRE 11. 2017,HIDROMETEOROLOGICOS,111.346,80,1,1.897,49,11,15.66,-92.14,ENCHARCAMIENTO DE VIVIENDAS,SIERRA MARISCAL,FRONTERA COMALAPA,EL JOCOTE
TORMENTA TROPICAL,SEPTIEMBRE 13. 2017,HIDROMETEOROLOGICOS,111.413,5,1,20.078,74,12,16.9,-92.1,ENCHARCAMIENTOS EN CABECERA MUNICIPAL DE OCOSINGO,SELVA LACANDONA,OCOSINGO,CABECERA MUNICIPAL
PRECIPITACION,SEPTIEMBRE 13. 2017,HIDROMETEOROLOGICOS,111.418,1,1,255,120,4,16.34,-92.57,AFECTACIONES POR LLUVIAS EN VIVIENDAS Y UN CERRO DESLAVADO,DE LOS LLANOS,VENUSTIANO CARRANZA,VENUSTIANO CARRANZA
PRECIPITACION,SEPTIEMBRE 13. 2017,HIDROMETEOROLOGICOS,111.419,1,1,20.046,42,1,16.7,-93.01,DESBORDE DE RIO CHIQUITO,METROPOLITANA,CHIAPA DE CORZO,CABECERA MUNICIPAL
AFECTACIONES POR LLUVIAS,OCTUBRE 2. 2017,HIDROMETEOROLOGICOS,112.214,80,1,255,120,4,16.34,-92.56,AFECTACIONES POR LLUVIAS EN VIVIENDAS,DE LOS LLANOS,VENUSTIANO CARRANZA,VENUSTIANO CARRANZA
PRECIPITACION,SEPTIEMBRE 30. 2017,HIDROMETEOROLOGICOS,112.23,1,1,243,107,3,17.13,-93.31,COMUNIDADES INCOMUNICADAS,MEZCALAPA,TECPATAN,TECPATAN
TORMENTA TROPICAL,OCTUBRE 3. 2017,HIDROMETEOROLOGICOS,112.302,5,1,172,102,10,14.62,-92.24,MONITOREO DEL RIO SUCHIATE Y LIMPIEZA DE ALCANTARILLADO,SOCONUSCO,SUCHIATE,CIUDAD HIDALGO
VERIFICACIONES,OCTUBRE 15. 2017,ACCIONES DE PREVENCION,112.333,52,8,9.343,31,13,17.79,-92.07,MONITOREO NIVELES DE RIOS Y AFECTACIONES POR INCOMUNICACION,MAYA,CATAZAJA,RIVERA CUYO SANTA CRUZ 2DA. SECCION
PRECIPITACION,OCTUBRE 7. 2017,HIDROMETEOROLOGICOS,112.457,1,1,20.078,74,12,16.91,-92.1,AFECTACIONES POR LLUVIA EN CABECERA MUNICIPAL,SELVA LACANDONA,OCOSINGO,CABECERA MUNICIPAL
PRECIPITACION,OCTUBRE 8. 2017,HIDROMETEOROLOGICOS,112.488,1,1,20.06,56,15,16.25,-92.03,AFECTACIONES POR LLUVIAS(PERDIDA DE CULTIVOS),MESETA COMITECA TOJOLABAL,LA INDEPENDENCIA,CABECERA MUNICIPAL
PRECIPITACION,OCTUBRE 9. 2017,HIDROMETEOROLOGICOS,112.531,1,1,20.119,115,1,16.75,-93.12,RECORRIDO POR LLUVIAS 10 DE OCTUBRE 2017,METROPOLITANA,TUXTLA GUTIERREZ,CABECERA MUNICIPAL
AFECTACIONES POR LLUVIAS,OCTUBRE 9. 2017,HIDROMETEOROLOGICOS,112.541,80,1,20.132,128,12,16.55,-90.67,AFECTACIONES POR LLUVIAS Y ENTREGA DE AYUDA HUMANITARIA,SELVA LACANDONA,BENEMERITO DE LAS AMERICAS,CABECERA MUNICIPAL
FRENTE FRIO,OCTUBRE 10. 2017,HIDROMETEOROLOGICOS,112.616,61,1,20.087,83,8,17.47,-91.97,AFECTACIONES POR LLUVIA,NORTE,PICHUCALCO,CABECERA MUNICIPAL
PRECIPITACION,OCTUBRE 15. 2017,HIDROMETEOROLOGICOS,112.787,1,1,20.067,63,8,17.61,-93.19,AFECTACIONES POR LLUVIAS,NORTE,JUAREZ,CABECERA MUNICIPAL
PRECIPITACION,OCTUBRE 15. 2017,HIDROMETEOROLOGICOS,112.831,1,1,213,77,8,17.53,-93.42,AFECTACIONES POR LLUVIAS,NORTE,OSTUACAN,OSTUACAN
AFECTACIONES POR LLUVIAS,OCTUBRE 19. 2017,HIDROMETEOROLOGICOS,113.035,80,1,20.093,89,8,16.82,-93.5,AFECTACIONES POR LLUVIAS Y ESCURRIMIENTOS,NORTE,REFORMA,CABECERA MUNICIPAL
AFECTACIONES POR LLUVIAS,OCTUBRE 22. 2017,HIDROMETEOROLOGICOS,113.158,80,1,20.078,74,12,16.91,-92.06,AFECTACIONES POR DESBORDAMIENTO DE RIO DE LA REGION SIVAL Y SAN QUINTIN.,SELVA LACANDONA,OCOSINGO,CABECERA MUNICIPAL
VERIFICACIONES,OCTUBRE 23. 2017,ACCIONES DE PREVENCION,113.2,52,8,172,102,10,14.62,-92.24,VERIFICACION DE ALCANTARILLADO,SOCONUSCO,SUCHIATE,CIUDAD HIDALGO
ONDA TROPICAL,OCTUBRE 23. 2017,HIDROMETEOROLOGICOS,113.229,3,1,2.298,58,8,17.47,-93.1,VIVIENDAS AFECTADAS POR INUNDACION,NORTE,IXTACOMITAN,SANTA CATARINA 1RA. SECCION
FRENTE FRIO,OCTUBRE 24. 2017,HIDROMETEOROLOGICOS,113.237,61,1,20.087,83,8,17.51,-93.11,AFECTACIONES POR EL FRENTE FRIO NO. 6,NORTE,PICHUCALCO,CABECERA MUNICIPAL
FRENTE FRIO,OCTUBRE 24. 2017,HIDROMETEOROLOGICOS,113.265,61,1,20.091,87,7,17.15,-92.89,AFECTACIONES POR LLUVIAS EN PUEBLO NUEVO,DE LOS BOSQUES,PUEBLO NUEVO SOLISTAHUACAN,CABECERA MUNICIPAL
AFECTACIONES POR LLUVIAS,OCTUBRE 25. 2017,HIDROMETEOROLOGICOS,113.307,80,1,20.134,130,12,16.27,-90.59,DESBORDAMIENTO DE RIO,SELVA LACANDONA,MARQUES DE COMILLAS,CABECERA MUNICIPAL
FRENTE FRIO,ABRIL 9. 2018,HIDROMETEOROLOGICOS,115.052,61,1,1.382,77,8,17.41,-93.34,AFECTACION POR LLUVIAS Y VIENTOS,NORTE,OSTUACAN,PLAN DE AYALA
VERIFICACIONES,ABRIL 11. 2018,ACCIONES DE PREVENCION,115.137,52,8,20.307,115,1,16.74,-93.07,RECORRIDO DE IDENTIFICACION DE RIESGOS,METROPOLITANA,TUXTLA GUTIERREZ,LA MISION
PRECIPITACION,ABRIL 11. 2018,HIDROMETEOROLOGICOS,115.18,1,1,172,102,10,14.62,-92.24,MONITOREO DEL RIO SUCHIATE Y LIMPIEZA DE ALCANTARILLAS,SOCONUSCO,SUCHIATE,CIUDAD HIDALGO
VERIFICACIONES,MAYO 2. 2018,ACCIONES DE PREVENCION,116.022,52,8,20.119,115,1,16.7,-93.17,VERIFICACION DE CANAL DE AGUA EN RIESGO,METROPOLITANA,TUXTLA GUTIERREZ,CABECERA MUNICIPAL
VERIFICACIONES,MAYO 13. 2018,ACCIONES DE PREVENCION,116.602,52,8,153,24,9,16.22,-93.89,CASA INUNDADA,ISTMO-COSTA,ARRIAGA,ARRIAGA
PRECIPITACION,MAYO 14. 2018,HIDROMETEOROLOGICOS,116.667,1,1,20.108,104,10,14.91,-92.26,ENCHARCAMIENTO,SOCONUSCO,TAPACHULA,CABECERA MUNICIPAL
VERIFICACIONES,MAYO 18. 2018,ACCIONES DE PREVENCION,116.864,52,8,20.119,115,1,16.77,-93.11,VERIFICACION DE VIVIENDAS AFECTADAS POR AGUAS NEGRAS,METROPOLITANA,TUXTLA GUTIERREZ,CABECERA MUNICIPAL
ENCHARCAMIENTO,MAYO 19. 2018,HIDROMETEOROLOGICOS,116.902,69,1,2.372,18,10,15.2,-92.84,VERIFICACION DE ENCHARCAMIENTO EMBARCADERO RIO ARRIBA,SOCONUSCO,ACAPETAHUA,EMBARCADERO RIO ARRIBA
PRECIPITACION,MAYO 21. 2018,HIDROMETEOROLOGICOS,117.053,1,1,20.108,104,10,14.88,-92.28,ENCHARCAMIENTO,SOCONUSCO,TAPACHULA,CABECERA MUNICIPAL
PRECIPITACION,MAYO 23. 2018,HIDROMETEOROLOGICOS,117.187,1,1,204,69,10,14.86,-92.45,AFECTACIONES POR LLUVIAS (VIVIENDAS),SOCONUSCO,MAZATAN,MAZATAN
PRECIPITACION,MAYO 23. 2018,HIDROMETEOROLOGICOS,117.192,1,1,240,104,10,14.9,-92.25,AFECTACIONES POR LLUVIAS,SOCONUSCO,TAPACHULA,TAPACHULA DE CORDOVA Y ORDONEZ
PRECIPITACION,MAYO 23. 2018,HIDROMETEOROLOGICOS,117.225,1,1,20.108,104,10,14.89,-92.3,ENCHARCAMIENTO,SOCONUSCO,TAPACHULA,CABECERA MUNICIPAL
PRECIPITACION,MAYO 30. 2018,HIDROMETEOROLOGICOS,117.584,1,1,20.119,115,1,16.73,-93.12,CASA INUMDADA,METROPOLITANA,TUXTLA GUTIERREZ,CABECERA MUNICIPAL
ENCHARCAMIENTO,MAYO 30. 2018,HIDROMETEOROLOGICOS,117.62,69,1,2.372,18,10,15.15,-92.72,VERIFICACION DE ENCHARCAMIENTO DE AGUA EN EMBARCADERO RIO ARRIBA Y BENITO JUAREZ . PUENTE DONA MARIA,SOCONUSCO,ACAPETAHUA,EMBARCADERO RIO ARRIBA
VERIFICACIONES,MAYO 30. 2018,ACCIONES DE PREVENCION,117.633,52,8,20.119,115,1,16.75,-93.11,AFECTACIONES POR LLUVIAS,METROPOLITANA,TUXTLA GUTIERREZ,CABECERA MUNICIPAL
VERIFICACIONES,JUNIO 2. 2018,ACCIONES DE PREVENCION,117.772,52,8,20.119,115,1,16.75,-93.1,AFECTACIONES POR LLUVIAS,METROPOLITANA,TUXTLA GUTIERREZ,CABECERA MUNICIPAL
ONDA TROPICAL,MAYO 30. 2018,HIDROMETEOROLOGICOS,117.82,3,1,258,122,6,16.23,-93.28,VERIFICACION DE CASA INUNDADA,FRAILESCA,VILLAFLORES,VILLAFLORES
ENCHARCAMIENTO,JUNIO 5. 2018,HIDROMETEOROLOGICOS,117.999,69,1,20.071,67,15,16.32,-91.99,ENCHARCAMIENTO DE VIVIENDA CON 15 MILIMETROS DE FILTRACION,MESETA COMITECA TOJOLABAL,LAS MARGARITAS,CABECERA MUNICIPAL
VERIFICACIONES,JUNIO 8. 2018,ACCIONES DE PREVENCION,118.142,52,8,20.119,115,1,16.75,-93.1,RECORRIDO DE VERIFICACION DE LLUVIAS,METROPOLITANA,TUXTLA GUTIERREZ,CABECERA MUNICIPAL
VERIFICACIONES,JUNIO 8. 2018,ACCIONES DE PREVENCION,118.144,52,8,20.119,115,1,16.77,-93.11,AFECTACIONES POR LLUVIAS,METROPOLITANA,TUXTLA GUTIERREZ,CABECERA MUNICIPAL
AFECTACIONES POR LLUVIAS,JUNIO 10. 2018,HIDROMETEOROLOGICOS,118.233,80,1,20.071,67,15,16.31,-91.98,PERSONA AFECTADA POR LLUVIAS,MESETA COMITECA TOJOLABAL,LAS MARGARITAS,CABECERA MUNICIPAL
VERIFICACIONES,JUNIO 11. 2018,ACCIONES DE PREVENCION,118.29,52,8,20.119,115,1,16.75,-93.11,RECORRIDO POR LLUVIAS,METROPOLITANA,TUXTLA GUTIERREZ,CABECERA MUNICIPAL
AFECTACIONES POR LLUVIAS,JUNIO 12. 2018,HIDROMETEOROLOGICOS,118.343,80,1,20.071,67,15,16.31,-91.98,ENCHARCAMIENTO DE VIVIENDA,MESETA COMITECA TOJOLABAL,LAS MARGARITAS,CABECERA MUNICIPAL
VERIFICACIONES,JUNIO 14. 2018,ACCIONES DE PREVENCION,118.422,52,8,20.119,115,1,16.75,-93.1,AFECTACIONES POR LLUVIAS,METROPOLITANA,TUXTLA GUTIERREZ,CABECERA MUNICIPAL
VERIFICACIONES,JUNIO 15. 2018,ACCIONES DE PREVENCION,118.445,52,8,20.119,115,1,16.74,-93.09,VERIFICACION DE MATERIAL DE ARRASTRE,METROPOLITANA,TUXTLA GUTIERREZ,CABECERA MUNICIPAL
VERIFICACIONES,JUNIO 23. 2018,ACCIONES DE PREVENCION,118.559,52,8,20.119,115,1,16.75,-93.1,RECORRIDO DE VERIFICACION DE LLUVIAS,METROPOLITANA,TUXTLA GUTIERREZ,CABECERA MUNICIPAL
VERIFICACIONES,AGOSTO 4. 2018,ACCIONES DE PREVENCION,119.979,52,8,20.119,115,1,16.74,-93.08,RECORRIDO DE VERIFICACION POR LLUVIAS,METROPOLITANA,TUXTLA GUTIERREZ,CABECERA MUNICIPAL
PRECIPITACION,AGOSTO 15. 2018,HIDROMETEOROLOGICOS,120.466,1,1,20.09,86,10,15.21,-92.58,DESBORDAMIENTO DEL RIO CHALACA EN VILLACOMALTITLAN,SOCONUSCO,VILLA COMALTITLAN,CABECERA MUNICIPAL
AFECTACIONES POR LLUVIAS,AGOSTO 16. 2018,HIDROMETEOROLOGICOS,120.516,80,1,20.028,24,9,16.24,-93.88,AFECTACIONES POR LLUVIAS,ISTMO-COSTA,ARRIAGA,CABECERA MUNICIPAL
PRECIPITACION,AGOSTO 17. 2018,HIDROMETEOROLOGICOS,120.532,1,1,20.119,115,1,16.77,-93.12,RECORRIDO POR LLUVIAS VARIOS PUNTOS,METROPOLITANA,TUXTLA GUTIERREZ,CABECERA MUNICIPAL
PRECIPITACION,AGOSTO 17. 2018,HIDROMETEOROLOGICOS,120.538,1,1,227,93,5,16.73,-92.66,ENCHARCAMIENTO POR LLUVIAS,ALTOS TSOTSIL-TSELTAL,SAN CRISTOBAL DE LAS CASAS,SAN CRISTOBAL DE LAS CASAS
VERIFICACIONES,AGOSTO 18. 2018,ACCIONES DE PREVENCION,120.554,52,8,20.119,115,1,16.77,-93.12,RECORRIDO POR LLUVIAS,METROPOLITANA,TUXTLA GUTIERREZ,CABECERA MUNICIPAL
VERIFICACIONES,AGOSTO 21. 2018,ACCIONES DE PREVENCION,120.71,52,8,20.307,115,1,16.74,-93.08,VALORACION DE RIESGO DE VIVIENDA AFECTADA POR ENCHARCAMIENTO PLUVIAL,METROPOLITANA,TUXTLA GUTIERREZ,LA MISION
PRECIPITACION,AGOSTO 27. 2018,HIDROMETEOROLOGICOS,120.92,1,1,20.027,23,6,15.88,-92.72,AFECTACIONES POR LLUVIAS,FRAILESCA,ANGEL ALBINO CORZO,CABECERA MUNICIPAL
PRECIPITACION,SEPTIEMBRE 1. 2018,HIDROMETEOROLOGICOS,121.117,1,1,20.119,115,1,16.75,-93.1,VERIFICACION POR LLUVIAS BARRIO HIDALGO,METROPOLITANA,TUXTLA GUTIERREZ,CABECERA MUNICIPAL
VERIFICACIONES,SEPTIEMBRE 2. 2018,ACCIONES DE PREVENCION,121.143,52,8,20.119,115,1,16.76,-93.08,RECORRIDO DE VERIFICACION POR LLUVIAS,METROPOLITANA,TUXTLA GUTIERREZ,CABECERA MUNICIPAL
PRECIPITACION,SEPTIEMBRE 3. 2018,HIDROMETEOROLOGICOS,121.185,1,1,20.076,72,11,15.36,-92.25,VERIFICACION POR LLUVIAS,SIERRA MARISCAL,MOTOZINTLA,CABECERA MUNICIPAL
PRECIPITACION,SEPTIEMBRE 3. 2018,HIDROMETEOROLOGICOS,121.208,1,1,1.527,62,7,17.07,-92.86,AFECTACIONES POR LLUVIAS,DE LOS BOSQUES,JITOTOL,CARMEN ZACATAL
VERIFICACIONES,SEPTIEMBRE 9. 2018,ACCIONES DE PREVENCION,121.422,52,8,20.119,115,1,16.75,-93.1,RECORRIDO POR LLUVIAS VARIOS PUNTOS 10/09/18,METROPOLITANA,TUXTLA GUTIERREZ,CABECERA MUNICIPAL
PRECIPITACION,SEPTIEMBRE 11. 2018,HIDROMETEOROLOGICOS,121.51,1,1,20.119,115,1,16.76,-93.09,RECORRIDO POR LLUVIAS,METROPOLITANA,TUXTLA GUTIERREZ,CABECERA MUNICIPAL
VERIFICACIONES,SEPTIEMBRE 12. 2018,ACCIONES DE PREVENCION,121.581,52,8,20.119,115,1,16.75,-93.11,RECORRIDO POR LLUVIAS 13-09-18,METROPOLITANA,TUXTLA GUTIERREZ,CABECERA MUNICIPAL
VERIFICACIONES,SEPTIEMBRE 19. 2018,ACCIONES DE PREVENCION,121.876,52,8,20.119,115,1,16.74,-93.16,VIVIENDA ENCHARCADA (FRACC. LA CIMA),METROPOLITANA,TUXTLA GUTIERREZ,CABECERA MUNICIPAL
FRENTE FRIO,SEPTIEMBRE 23. 2018,HIDROMETEOROLOGICOS,122.008,61,1,20.119,115,1,16.75,-93.12,FRENTE FRIO NO.2,METROPOLITANA,TUXTLA GUTIERREZ,CABECERA MUNICIPAL
PRECIPITACION,SEPTIEMBRE 23. 2018,HIDROMETEOROLOGICOS,122.032,1,1,20.119,115,1,16.77,-93.11,RECORRIDO POR LLUVIAS,METROPOLITANA,TUXTLA GUTIERREZ,CABECERA MUNICIPAL
VERIFICACIONES,OCTUBRE 5. 2018,ACCIONES DE PREVENCION,122.47,52,8,20.087,83,8,17.52,-93.11,VERIFICACIONES DE ARROYOS EN LA CABECERA MUNICIPAL,NORTE,PICHUCALCO,CABECERA MUNICIPAL
BAJA PRESION,OCTUBRE 8. 2018,HIDROMETEOROLOGICOS,122.677,2,1,180,50,10,14.78,-92.18,ALERTA AMARILLA FRONTERA HIDALGO,SOCONUSCO,FRONTERA HIDALGO,FRONTERA HIDALGO
PRECIPITACION,OCTUBRE 9. 2018,HIDROMETEOROLOGICOS,122.744,1,1,172,102,10,14.62,-92.25,MONITOREO EN CAUSES DEL RIO Y COMUNIDADES VULNERABLES,SOCONUSCO,SUCHIATE,CIUDAD HIDALGO
VERIFICACIONES,OCTUBRE 16. 2018,ACCIONES DE PREVENCION,123.252,52,8,20.119,115,1,16.77,-93.12,AFECTACIONES POR LLUVIA,METROPOLITANA,TUXTLA GUTIERREZ,CABECERA MUNICIPAL
PRECIPITACION,OCTUBRE 16. 2018,HIDROMETEOROLOGICOS,123.295,1,1,20.119,115,1,16.76,-93.1,RECORRIDO POR LLUVIAS VARIOS PUNTOS,METROPOLITANA,TUXTLA GUTIERREZ,CABECERA MUNICIPAL
FRENTE FRIO,OCTUBRE 16. 2018,HIDROMETEOROLOGICOS,123.306,61,1,2.363,32,2,16.69,-93.72,DESBORDAMIENTO DE ARROYOS EN EJIDO CONSTITUCION- MERCEDITAS.,VALLES ZOQUE,CINTALAPA,CONSTITUCION (EL CHAYOTAL)
VERIFICACIONES,OCTUBRE 17. 2018,ACCIONES DE PREVENCION,123.367,52,8,20.119,115,1,16.75,-93.11,RECORRIDO POR LLUVIAS 18/10/2018,METROPOLITANA,TUXTLA GUTIERREZ,CABECERA MUNICIPAL
PRECIPITACION,OCTUBRE 16. 2018,HIDROMETEOROLOGICOS,123.368,1,1,9.384,47,10,15.32,-92.66,ENCHARCAMIENTO DE VIVIENDAS POR LLUVIAS ATIPICAS DEL 17 DE OCTUBRE 2018,SOCONUSCO,ESCUINTLA,GUADALUPE
VERIFICACIONES,OCTUBRE 17. 2018,ACCIONES DE PREVENCION,123.385,52,8,20.108,104,10,14.87,-92.29,RECORRIDOS POR LLUVIAS Y ENCHARCAMIENTOS,SOCONUSCO,TAPACHULA,CABECERA MUNICIPAL
VERIFICACIONES,OCTUBRE 25. 2018,ACCIONES DE PREVENCION,123.398,52,8,181,52,10,15.01,-92.39,VERIFICACION DE INUNDACION EN LA PARTE BAJA DEL MUNICIPIO DE HUEHUETAN,SOCONUSCO,HUEHUETAN,HUEHUETAN
VERIFICACIONES,OCTUBRE 17. 2018,ACCIONES DE PREVENCION,123.403,52,8,172,102,10,14.62,-92.24,MONITOREO DEL RIO SUCHIATE,SOCONUSCO,SUCHIATE,CIUDAD HIDALGO
VERIFICACIONES,OCTUBRE 18. 2018,ACCIONES DE PREVENCION,123.433,52,8,240,104,10,14.75,-92.4,ENCHARCAMIENTO DE VIVIENDAS,SOCONUSCO,TAPACHULA,TAPACHULA DE CORDOVA Y ORDONEZ
TORMENTA TROPICAL,OCTUBRE 18. 2018,HIDROMETEOROLOGICOS,123.445,5,1,20.028,24,9,16.23,-93.9,RECORRIDO EN CABECERA MUNICIPAL POR LAS FUERTES LLUVIAS.,ISTMO-COSTA,ARRIAGA,CABECERA MUNICIPAL
VERIFICACIONES,OCTUBRE 18. 2018,ACCIONES DE PREVENCION,123.453,52,8,20.119,115,1,16.75,-93.1,RECORRIDO POR LLUVIAS 19/10/18,METROPOLITANA,TUXTLA GUTIERREZ,CABECERA MUNICIPAL
ONDA TROPICAL,OCTUBRE 18. 2018,HIDROMETEOROLOGICOS,123.457,3,1,9.19,67,15,16.32,-91.98,AFECTACIONES POR LLUVIAS DERIVADO DEL PASO DE LA ONDA TROPICAL NO. 38,MESETA COMITECA TOJOLABAL,LAS MARGARITAS,NUEVO MATZAM
PRECIPITACION,OCTUBRE 26. 2018,HIDROMETEOROLOGICOS,123.923,1,1,20.108,104,10,14.93,-92.25,VERIFICACION DE ENCHARCAMIENTO,SOCONUSCO,TAPACHULA,CABECERA MUNICIPAL
VERIFICACIONES,NOVIEMBRE 2. 2018,ACCIONES DE PREVENCION,124.39,52,8,20.119,115,1,16.75,-93.11,VERIFICACIONES POR LLUVIAS 03 DE NOVIEMBRE 2018,METROPOLITANA,TUXTLA GUTIERREZ,CABECERA MUNICIPAL
PRECIPITACION,NOVIEMBRE 2. 2018,HIDROMETEOROLOGICOS,124.409,1,1,1.548,83,8,17.52,-93.12,AFECTACIONES POR F.F. # 8,NORTE,PICHUCALCO,IGNACIO ZARAGOZA BAJO
FRENTE FRIO,NOVIEMBRE 11. 2018,HIDROMETEOROLOGICOS,125.092,61,1,251,115,1,16.75,-93.12,FF. NUM 10,METROPOLITANA,TUXTLA GUTIERREZ,TUXTLA GUTIERREZ
PRECIPITACION,NOVIEMBRE 14. 2018,HIDROMETEOROLOGICOS,125.412,1,1,1.271,103,8,17.49,-93.24,AFECTACIONES POR LLUVIA DEL FRENTE FRIO NUMERO 10,NORTE,SUNUAPA,SANTA CRUZ 1RA. SECCION
PRECIPITACION,NOVIEMBRE 15. 2018,HIDROMETEOROLOGICOS,125.484,1,1,192,63,8,17.61,-93.2,AFECTACIONES Y APERTURA DE REFUGIO TEMPORAL FF10,NORTE,JUAREZ,JUAREZ
VERIFICACIONES,NOVIEMBRE 20. 2018,ACCIONES DE PREVENCION,125.976,52,8,20.271,115,1,16.74,-93.12,VALORACION DE RIESGO DE BARDA PERIMETRAL DE CONDOMINIO HORIZONTAL,METROPOLITANA,TUXTLA GUTIERREZ,TUXTLA CHICO
PRECIPITACION,NOVIEMBRE 23. 2018,HIDROMETEOROLOGICOS,126.043,1,1,20.107,103,8,17.49,-93.24,DERRUMBE,NORTE,SUNUAPA,CABECERA MUNICIPAL
FRENTE FRIO,NOVIEMBRE 26. 2018,HIDROMETEOROLOGICOS,126.238,61,1,20.084,80,13,17.47,-91.97,VERIFICACION DE RIOS Y ARROYOS POR FRENTE FRIO NO.12,MAYA,PALENQUE,CABECERA MUNICIPAL
AFECTACIONES POR LLUVIAS,ABRIL 6. 2019,HIDROMETEOROLOGICOS,137.664,80,1,210,74,12,16.91,-92.07,LLUVIAS FUERTES (DANOS MENORES) CABECERA MUNICIPAL,SELVA LACANDONA,OCOSINGO,OCOSINGO
PRECIPITACION,MAYO 6. 2019,HIDROMETEOROLOGICOS,140.781,1,1,20.097,93,5,16.74,-92.64,AFECTACIONES POR LLUVIAS,ALTOS TSOTSIL-TSELTAL,SAN CRISTOBAL DE LAS CASAS,CABECERA MUNICIPAL
PRECIPITACION,MAYO 11. 2019,HIDROMETEOROLOGICOS,141.286,1,1,20.038,34,15,16.24,-92.12,AFECTACIONES POR FUERTES VIENTOS,MESETA COMITECA TOJOLABAL,COMITAN DE DOMINGUEZ,CABECERA MUNICIPAL
VERIFICACIONES,MAYO 14. 2019,ACCIONES DE PREVENCION,141.545,52,8,20.119,115,1,16.75,-93.12,VERIFICACION DE CASAS ENCHARCADAS (COL. CENTRO),METROPOLITANA,TUXTLA GUTIERREZ,CABECERA MUNICIPAL
VERIFICACIONES,MAYO 14. 2019,ACCIONES DE PREVENCION,141.777,52,8,20.073,69,10,14.86,-92.45,MONITOREO DE RIOS Y ZONAS VULNERABLES DE MAZATAN.,SOCONUSCO,MAZATAN,CABECERA MUNICIPAL
PRECIPITACION,MAYO 15. 2019,HIDROMETEOROLOGICOS,141.874,1,1,20.145,20.141,6,16.37,-93.01,ENCHARCAMIENTO,FRAILESCA,EL PARRAL,CABECERA MUNICIPAL
VERIFICACIONES,MAYO 17. 2019,ACCIONES DE PREVENCION,142.016,52,8,172,102,10,14.62,-92.24,APOYO A CARAVANA DE MIGRANTES,SOCONUSCO,SUCHIATE,CIUDAD HIDALGO
PRECIPITACION,MAYO 19. 2019,HIDROMETEOROLOGICOS,142.114,1,1,20.119,115,1,16.75,-93.1,RECORRIDO POR LLUVIAS Y VIENTOS FUERTES EN TUXTLA GUTIERREZ,METROPOLITANA,TUXTLA GUTIERREZ,CABECERA MUNICIPAL
VERIFICACIONES,MAYO 18. 2019,ACCIONES DE PREVENCION,142.282,52,8,3.28,50,10,14.78,-92.18,CALLE INUNDADA POR LLUVIA,SOCONUSCO,FRONTERA HIDALGO,POBLADO FRANCISCO I. MADERO
VERIFICACIONES,MAYO 21. 2019,ACCIONES DE PREVENCION,142.386,52,8,20.097,93,5,17.19,-92.41,RECORRIDOS A DIFERENTES COLONIAS POR LLUVIAS,ALTOS TSOTSIL-TSELTAL,SAN CRISTOBAL DE LAS CASAS,CABECERA MUNICIPAL
DEPRESION TROPICAL,AGOSTO 17. 2019,HIDROMETEOROLOGICOS,152.55,4,1,2.041,117,10,15.13,-92.45,ENCHARCAMIENTOS DE COMUNIDADES DE TUZANTAN,SOCONUSCO,TUZANTAN,PRIMER CANTON
AFECTACIONES POR LLUVIAS,AGOSTO 18. 2019,HIDROMETEOROLOGICOS,152.646,80,1,2.372,18,10,15.15,-92.72,ENCHARCAMIENTO Y AFECTACION A VIVIENDAS EMBARCADERO RIO ARRIBA BENITO JUAREZ. LA ESMERALDA. BARRIO FILAPA Y LAS MURALLAS,SOCONUSCO,ACAPETAHUA,EMBARCADERO RIO ARRIBA
VERIFICACIONES,AGOSTO 18. 2019,ACCIONES DE PREVENCION,152.689,52,8,20.119,115,1,16.7,-93.18,ENCHARCAMIENTOS FRACC. BONANZA,METROPOLITANA,TUXTLA GUTIERREZ,CABECERA MUNICIPAL
INUNDACION PLUVIAL,AGOSTO 18. 2019,HIDROMETEOROLOGICOS,152.692,68,1,147,18,10,15.28,-92.69,INUNDACION BARRIO FILAPA AFECTACION DE VIVIENDAS,SOCONUSCO,ACAPETAHUA,ACAPETAHUA
INUNDACION PLUVIAL,AGOSTO 19. 2019,HIDROMETEOROLOGICOS,152.739,68,1,10.996,18,10,15.27,-92.68,ENCHARCAMIENTO Y AFECTACION A VIVIENDAS COLONIA LA ESMERALDA,SOCONUSCO,ACAPETAHUA,LA ESMERALDA
TORMENTA TROPICAL,AGOSTO 19. 2019,HIDROMETEOROLOGICOS,152.844,5,1,20.09,86,10,15.21,-92.57,MONITOREO DE VIVIENDAS INUNDADAS,SOCONUSCO,VILLA COMALTITLAN,CABECERA MUNICIPAL
PRECIPITACION,AGOSTO 19. 2019,HIDROMETEOROLOGICOS,152.869,1,1,219,83,8,17.51,-93.12,AFECTACION POR ENCHARCAMIENTOS DERIVADO DE FUERTES LLUVIAS,NORTE,PICHUCALCO,PICHUCALCO
INUNDACION PLUVIAL,AGOSTO 20. 2019,HIDROMETEOROLOGICOS,152.877,68,1,3.439,18,10,15.27,-92.85,INUNDACION DEBIDO ALAS FUERTES LLUVIAS EN EL EJIDO LAS MURALLAS,SOCONUSCO,ACAPETAHUA,LAS MURALLAS
ENCHARCAMIENTO,AGOSTO 20. 2019,HIDROMETEOROLOGICOS,152.948,69,1,4.578,18,10,15.28,-92.82,ENCHARCAMIENTO Y AFECTACION A VIVIENDAS RANCHERIA IGNACIO ALLENDE,SOCONUSCO,ACAPETAHUA,IGNACIO ALLENDE
ENCHARCAMIENTO,AGOSTO 20. 2019,HIDROMETEOROLOGICOS,152.949,69,1,3.472,18,10,15.28,-92.8,ENCHARCAMIENTO Y AFECTACION A VIVIENDAS RANCHERIA EL PROGRESO,SOCONUSCO,ACAPETAHUA,EL PROGRESO
VERIFICACIONES,AGOSTO 15. 2019,ACCIONES DE PREVENCION,152.989,52,8,251,115,1,16.77,-93.08,VALORACION DE RIESGO DE VIVIENDA AFECTADA POR ENCHARCAMIENTO PLUVIAL / COL. SAN PEDRO PROGRESIVO.,METROPOLITANA,TUXTLA GUTIERREZ,TUXTLA GUTIERREZ
PRECIPITACION,AGOSTO 24. 2019,HIDROMETEOROLOGICOS,153.39,1,1,1.333,116,10,14.96,-92.15,AFECTACIONES POR LLUVIA EN FRONTERA TALISMAN,SOCONUSCO,TUXTLA CHICO,TALISMAN
PRECIPITACION,AGOSTO 25. 2019,HIDROMETEOROLOGICOS,153.522,1,1,20.119,115,1,16.77,-93.12,AFECTACIONES POR LLUVIA,METROPOLITANA,TUXTLA GUTIERREZ,CABECERA MUNICIPAL
PRECIPITACION,AGOSTO 30. 2019,HIDROMETEOROLOGICOS,154.079,1,1,20.093,89,8,17.86,-93.16,LLUVIAS E INUNDACIONES CON INTESIDAD DE VIENTO,NORTE,REFORMA,CABECERA MUNICIPAL
ENCHARCAMIENTO,AGOSTO 31. 2019,HIDROMETEOROLOGICOS,154.085,69,1,20.071,67,15,16.3,-91.98,AFECTACIONES POR LLUVIAS,MESETA COMITECA TOJOLABAL,LAS MARGARITAS,CABECERA MUNICIPAL
PRECIPITACION,AGOSTO 30. 2019,HIDROMETEOROLOGICOS,154.143,1,1,20.038,34,15,16.24,-92.12,FUERTES LLUVIAS,MESETA COMITECA TOJOLABAL,COMITAN DE DOMINGUEZ,CABECERA MUNICIPAL
PRECIPITACION,SEPTIEMBRE 1. 2019,HIDROMETEOROLOGICOS,154.246,1,1,20.108,104,10,14.93,-92.25,ENCHARCAMIENTO,SOCONUSCO,TAPACHULA,CABECERA MUNICIPAL
VERIFICACIONES,SEPTIEMBRE 4. 2019,ACCIONES DE PREVENCION,154.646,52,8,20.073,69,10,14.87,-92.45,APOYO A VIVIENDAS QUE FUERON AFECTADAS POR LAS LLUVIAS,SOCONUSCO,MAZATAN,CABECERA MUNICIPAL
PRECIPITACION,SEPTIEMBRE 12. 2019,HIDROMETEOROLOGICOS,155.533,1,1,14.171,104,10,14.98,-92.26,ENCHARCAMIENTO,SOCONUSCO,TAPACHULA,VEINTE DE NOVIEMBRE
PRECIPITACION,SEPTIEMBRE 14. 2019,HIDROMETEOROLOGICOS,155.64,1,1,178,47,10,15.32,-92.66,DESBORDE DEL RIO CHALACA EN CABECERA MUNICIPAL,SOCONUSCO,ESCUINTLA,ESCUINTLA
PRECIPITACION,SEPTIEMBRE 15. 2019,HIDROMETEOROLOGICOS,155.789,1,1,20.108,104,10,14.91,-92.26,AFECTACIONES POR LLUVIAS,SOCONUSCO,TAPACHULA,CABECERA MUNICIPAL
PRECIPITACION,SEPTIEMBRE 15. 2019,HIDROMETEOROLOGICOS,155.802,1,1,968,116,10,14.88,-92.19,AFECTACIONES POR LLUVIA,SOCONUSCO,TUXTLA CHICO,2DA. SECCION DE MEDIO MONTE
PRECIPITACION,SEPTIEMBRE 15. 2019,HIDROMETEOROLOGICOS,155.805,1,1,20.108,104,10,14.93,-92.25,ENCHARCAMIENTOS OCASIONADOS POR FUERTE LLUVIA,SOCONUSCO,TAPACHULA,CABECERA MUNICIPAL
PRECIPITACION,SEPTIEMBRE 16. 2019,HIDROMETEOROLOGICOS,155.85,1,1,9.766,66,9,15.44,-92.9,AFECTACIONES EN COMUNIDADES POR LLUVIAS ATIPICAS EN MAPASTEPEC,ISTMO-COSTA,MAPASTEPEC,NARCISO MENDOZA
INUNDACION FLUVIAL,SEPTIEMBRE 15. 2019,HIDROMETEOROLOGICOS,155.882,67,1,20.115,111,9,16.09,-93.74,DESBORDAMIENTO DE ARRROLLO LAS FLORES Y EL ARENAL,ISTMO-COSTA,TONALA,CABECERA MUNICIPAL
AFECTACIONES POR LLUVIAS,SEPTIEMBRE 17. 2019,HIDROMETEOROLOGICOS,155.994,80,1,3.439,18,10,15.27,-92.84,AFECTACION POR LLUVIAS E INUNDACIONES EN EJIDO MURALLAS 15 DE ABRIL DEL MUNICIPIO DE ACAPETAHUA,SOCONUSCO,ACAPETAHUA,LAS MURALLAS
PRECIPITACION,SEPTIEMBRE 20. 2019,HIDROMETEOROLOGICOS,156.533,1,1,1.615,131,6,15.66,-92.63,AFECTACION POR LLUVIAS EN JARDIN DE NINOS Y NINAS,FRAILESCA,MONTECRISTO DE GUERRERO,LAGUNA DEL COFRE
ENCHARCAMIENTO,SEPTIEMBRE 22. 2019,HIDROMETEOROLOGICOS,156.613,69,1,20.038,34,15,16.24,-92.12,ATENCION A REPORTE DE ENCHARCAMIENTO POR FUERTES LLUVIAS,MESETA COMITECA TOJOLABAL,COMITAN DE DOMINGUEZ,CABECERA MUNICIPAL
VERIFICACIONES,SEPTIEMBRE 23. 2019,ACCIONES DE PREVENCION,156.624,52,8,20.055,51,11,15.48,-92.23,DESAZOLVE DE ENCHARCAMIENTO DE AGUA,SIERRA MARISCAL,LA GRANDEZA,CABECERA MUNICIPAL
PRECIPITACION,SEPTIEMBRE 23. 2019,HIDROMETEOROLOGICOS,156.695,1,1,20.038,34,15,16.24,-92.12,ENCHARCAMIENTO POR FUERTES LLUVIAS,MESETA COMITECA TOJOLABAL,COMITAN DE DOMINGUEZ,CABECERA MUNICIPAL
INUNDACION FLUVIAL,SEPTIEMBRE 25. 2019,HIDROMETEOROLOGICOS,156.791,67,1,5.049,120,4,16.28,-92.46,INUNDACIAN POR CORRIENTE DE AGUA EN LA COLONIA OBRERA SAN FRANCISCO PUJILTIC,DE LOS LLANOS,VENUSTIANO CARRANZA,SAN FRANCISCO PUJILTIC
AFECTACIONES POR LLUVIAS,SEPTIEMBRE 25. 2019,HIDROMETEOROLOGICOS,156.869,80,1,20.09,86,10,15.22,-92.53,DESBORDAMIENTO DEL RIO CHALAQUITA,SOCONUSCO,VILLA COMALTITLAN,CABECERA MUNICIPAL
REUNIONES,SEPTIEMBRE 26. 2019,ACCIONES DE PREVENCION,157.037,64,8,20.059,55,10,15.07,-92.59,VERIFICACION DE LAS MORENAS Y ENTREGA DE AYUDA HUMANITARIA,SOCONUSCO,HUIXTLA,CABECERA MUNICIPAL
VERIFICACIONES,SEPTIEMBRE 28. 2019,ACCIONES DE PREVENCION,157.124,52,8,20.115,111,9,16.08,-93.77,VERIFICASION DE VIVIENDA ENCHARCADA,ISTMO-COSTA,TONALA,CABECERA MUNICIPAL
VERIFICACIONES,SEPTIEMBRE 30. 2019,ACCIONES DE PREVENCION,157.369,52,8,20.119,115,1,16.75,-93.12,: AFECTACIONES POR LLUVIA,METROPOLITANA,TUXTLA GUTIERREZ,CABECERA MUNICIPAL
VERIFICACIONES,OCTUBRE 1. 2019,ACCIONES DE PREVENCION,157.437,52,8,20.145,20.141,6,16.36,-93,DESAZOLVE Y LIMPIEZA,FRAILESCA,EL PARRAL,CABECERA MUNICIPAL
ENCHARCAMIENTO,OCTUBRE 2. 2019,HIDROMETEOROLOGICOS,157.588,69,1,20.071,67,15,16.32,-91.98,AFECTACIONES POR LLUVIA,MESETA COMITECA TOJOLABAL,LAS MARGARITAS,CABECERA MUNICIPAL
ENCHARCAMIENTO,OCTUBRE 2. 2019,HIDROMETEOROLOGICOS,157.681,69,1,20.038,34,15,16.25,-92.13,ENCHARCAMIENTOS POR FUERTES LLUVIAS,MESETA COMITECA TOJOLABAL,COMITAN DE DOMINGUEZ,CABECERA MUNICIPAL
ENCHARCAMIENTO,OCTUBRE 4. 2019,HIDROMETEOROLOGICOS,157.788,69,1,20.071,67,15,16.31,-91.99,AFECTACIONES POR LLUVIAS,MESETA COMITECA TOJOLABAL,LAS MARGARITAS,CABECERA MUNICIPAL
PRECIPITACION,OCTUBRE 3. 2019,HIDROMETEOROLOGICOS,157.909,1,1,20.038,34,15,16.24,-92.12,ENCHARCAMIENTOS POR FUERTES LLUVIAS,MESETA COMITECA TOJOLABAL,COMITAN DE DOMINGUEZ,CABECERA MUNICIPAL
VERIFICACIONES,OCTUBRE 5. 2019,ACCIONES DE PREVENCION,157.955,52,8,20.115,111,9,16.09,-93.76,AFECTACIONES EN TONALA POR LLUVIAS,ISTMO-COSTA,TONALA,CABECERA MUNICIPAL
PRECIPITACION,OCTUBRE 6. 2019,HIDROMETEOROLOGICOS,157.994,1,1,4.144,56,15,16.2,-91.85,ENCHARCAMIENTO,MESETA COMITECA TOJOLABAL,LA INDEPENDENCIA,EL TRIUNFO
PRECIPITACION,OCTUBRE 9. 2019,HIDROMETEOROLOGICOS,158.392,1,1,20.09,86,10,15.21,-92.57,AFECTACIONES POR LAS LLUVIAS DEL 10 DE OCTUBRE EN CARRETERAS PUENTES Y COMUNIDADES DE PARTE ALTA Y BAJA DE VILLA COMALTITLAN,SOCONUSCO,VILLA COMALTITLAN,CABECERA MUNICIPAL
PRECIPITACION,OCTUBRE 9. 2019,HIDROMETEOROLOGICOS,158.393,1,1,20.09,86,10,15.21,-92.57,AFECTACIONES POR LAS LLUVIAS DEL 10 DE OCTUBRE EN CARRETERAS PUENTES Y COMUNIDADES DE PARTE ALTA Y BAJA DE VILLA COMALTITLAN,SOCONUSCO,VILLA COMALTITLAN,CABECERA MUNICIPAL
TORMENTA TROPICAL,OCTUBRE 9. 2019,HIDROMETEOROLOGICOS,158.409,5,1,145,16,10,15.35,-92.67,VERIFICACION DE RIOS Y DESBORDES,SOCONUSCO,ACACOYAGUA,ACACOYAGUA
ONDA TROPICAL,OCTUBRE 9. 2019,HIDROMETEOROLOGICOS,158.415,3,1,145,16,10,15.34,-92.68,AFECTACIONES POR LLUVIAS POR LA OT43,SOCONUSCO,ACACOYAGUA,ACACOYAGUA
BAJA PRESION,OCTUBRE 10. 2019,HIDROMETEOROLOGICOS,158.535,2,1,220,84,9,15.69,-93.2,INUNDACION DE VIVIENDAS POR DESBORDE DE ARROYO,ISTMO-COSTA,PIJIJIAPAN,PIJIJIAPAN
PRECIPITACION,OCTUBRE 15. 2019,HIDROMETEOROLOGICOS,158.934,1,1,157,27,1,16.8,-93.27,AFECTACIONES A VIVIENDAS POR LAS FUERTES LLUVIAS.,METROPOLITANA,BERRIOZABAL,BERRIOZABAL
PRECIPITACION,OCTUBRE 15. 2019,HIDROMETEOROLOGICOS,158.995,1,1,210,74,12,16.86,-92.08,ENCHARCAMIENTO EN VIVIENDA,SELVA LACANDONA,OCOSINGO,OCOSINGO
VERIFICACIONES,OCTUBRE 18. 2019,ACCIONES DE PREVENCION,159.288,52,8,20.097,93,5,16.72,-92.64,RIOS DE SAN CRISTOBAL LLEGAN A SU MAXIMO NIVEL PROVOCA INUNDACIONES EN ALGUNAS COLONIAS,ALTOS TSOTSIL-TSELTAL,SAN CRISTOBAL DE LAS CASAS,CABECERA MUNICIPAL
PRECIPITACION,OCTUBRE 23. 2019,HIDROMETEOROLOGICOS,159.722,1,1,20.078,74,12,16.9,-92.08,VIVIENDAS POR ENCHARCAMIENTOS PLUVIAL EN LA CABECERA MUNICIPAL,SELVA LACANDONA,OCOSINGO,CABECERA MUNICIPAL
ENCHARCAMIENTO,OCTUBRE 24. 2019,HIDROMETEOROLOGICOS,159.884,69,1,141,113,15,16.12,-92.05,ENCHARCAMIENTO BARRIO EL AMATE,MESETA COMITECA TOJOLABAL,LA TRINITARIA,LOS AMATES
PRECIPITACION,OCTUBRE 23. 2019,HIDROMETEOROLOGICOS,159.898,1,1,20.08,76,2,16.76,-93.38,ENCHARCAMIENTO DE VIVIENDA,VALLES ZOQUE,OCOZOCOAUTLA DE ESPINOSA,CABECERA MUNICIPAL
PRECIPITACION,OCTUBRE 24. 2019,HIDROMETEOROLOGICOS,159.987,1,1,20.053,49,11,15.66,-92.13,ENCHARCAMIENTOS E INUNDACIONES POR LLUVIAS,SIERRA MARISCAL,FRONTERA COMALAPA,CABECERA MUNICIPAL
FRENTE FRIO,OCTUBRE 25. 2019,HIDROMETEOROLOGICOS,160.035,61,1,20.121,117,10,15.14,-92.42,AFECTACIONES EN TUZANTAN,SOCONUSCO,TUZANTAN,CABECERA MUNICIPAL
PRECIPITACION,OCTUBRE 25. 2019,HIDROMETEOROLOGICOS,160.25,1,1,253,118,15,16.2,-92.21,MONITORIO Y EVALUACION DE AFECTACION POR LLUVIAS,MESETA COMITECA TOJOLABAL,TZIMOL,TZIMOL
ENCHARCAMIENTO,OCTUBRE 27. 2019,HIDROMETEOROLOGICOS,160.371,69,1,3.761,92,14,17.56,-92.33,ENCHARCAMIENTO POR FUERTES LLUVIAS EJIDO RIO JORDAN POR LA O.T.47,TULIJA TSELTAL-CHOL,SALTO DE AGUA,RIO JORDAN
PRECIPITACION,OCTUBRE 28. 2019,HIDROMETEOROLOGICOS,160.382,1,1,20.032,28,7,17,-92.89,AFECTACIONES POR LLUVIA EN LA CABECERA MUNICIPAL POR O.T 47,DE LOS BOSQUES,BOCHIL,CABECERA MUNICIPAL
BAJA PRESION,NOVIEMBRE 8. 2019,HIDROMETEOROLOGICOS,161.462,2,1,7.251,110,14,17.51,-92.48,AFECTACIONES POR LLUVIAS,TULIJA TSELTAL-CHOL,TILA,CARMEN 2DA. SECCION
FRENTE FRIO,DICIEMBRE 17. 2019,HIDROMETEOROLOGICOS,165.363,61,1,20.079,75,3,17.22,-93.16,SEGUIMIENTO DE FRENTE FRIO NUMERO 23 EN MUNICIPIO DE OCOTEPEC,MEZCALAPA,OCOTEPEC,CABECERA MUNICIPAL
ONDA TROPICAL,DICIEMBRE 19. 2019,HIDROMETEOROLOGICOS,165.547,3,1,20.101,97,14,17.29,-92.52,LLUVIAS FUERTES,TULIJA TSELTAL-CHOL,SITALA,CABECERA MUNICIPAL
AFECTACIONES POR LLUVIAS,OCTUBRE 1. 2019,HIDROMETEOROLOGICOS,157.456,80,1,20.42,20.138,3,16.9,-93.09,4 VIVIENDAS AFECTADAS POR LAS FUERTES LLUVIAS.,MEZCALAPA,MEZCALAPA,RAUDALES MALPASO
VERIFICACIONES,SEPTIEMBRE 11. 2020,ACCIONES DE PREVENCION,189.44,52,8,20.119,115,1,16.77,-93.09,ACORDONAMIENTO DE ENCHARCAMIENTO 24 DE JUNIO,METROPOLITANA,TUXTLA GUTIERREZ,CABECERA MUNICIPAL
AFECTACIONES POR LLUVIAS,NOVIEMBRE 20. 2020,HIDROMETEOROLOGICOS,195.114,80,1,3.103,113,15,16.11,-91.62,AFECTACION DE VIVIENDAS,MESETA COMITECA TOJOLABAL,LA TRINITARIA,CUAUHTEMOC
PRECIPITACION,SEPTIEMBRE 10. 2020,HIDROMETEOROLOGICOS,189.314,1,1,20.027,23,6,15.88,-92.72,AFECTACION POR LLUVIAS,FRAILESCA,ANGEL ALBINO CORZO,CABECERA MUNICIPAL
INUNDACION PLUVIAL,OCTUBRE 19. 2020,HIDROMETEOROLOGICOS,192.48,68,1,3.761,92,14,17.56,-92.33,AFECTACION A FAMILIAS POR CRECIMIENTO DEL RIO JORDAN,TULIJA TSELTAL-CHOL,SALTO DE AGUA,RIO JORDAN
TORMENTA TROPICAL,AGOSTO 23. 2020,HIDROMETEOROLOGICOS,187.902,5,1,956,99,8,17.34,-93,AFECTACION A VIVIVENDA,NORTE,SOLOSUCHIAPA,MONTE HOREB
PRECIPITACION,OCTUBRE 2. 2020,HIDROMETEOROLOGICOS,191.193,1,1,20.035,31,13,17.72,-92.01,AFECTACION EN EL MUNICIPIO DE CATAZAJA Y SESION DE CONSEJO,MAYA,CATAZAJA,CABECERA MUNICIPAL
ONDA TROPICAL,AGOSTO 28. 2020,HIDROMETEOROLOGICOS,188.324,3,1,219,83,8,17.52,-93.12,AFECTACION PARCIAL A VIVIENDAS POR LLUVIAS POLATA DE INTERNET NO SE SUBIO AYER,NORTE,PICHUCALCO,PICHUCALCO
AFECTACIONES POR LLUVIAS,SEPTIEMBRE 28. 2020,HIDROMETEOROLOGICOS,190.832,80,1,20.062,58,8,16.97,-93.1,AFECTACION POR LLUVIAS FF#4 IXTACOMITAN.,NORTE,IXTACOMITAN,CABECERA MUNICIPAL
TORMENTA TROPICAL,SEPTIEMBRE 2. 2020,HIDROMETEOROLOGICOS,188.71,5,1,210,74,12,16.93,-92.08,AFECTACIONES,SELVA LACANDONA,OCOSINGO,OCOSINGO
TORMENTA TROPICAL,NOVIEMBRE 5. 2020,HIDROMETEOROLOGICOS,193.985,5,1,20.058,54,7,17.17,-92.69,AFECTACIONES POR FRENTE FRIO NO.11,DE LOS BOSQUES,HUITIUPAN,CABECERA MUNICIPAL
HURACAN CATEGORIA IV,NOVIEMBRE 19. 2020,HIDROMETEOROLOGICOS,195.043,10,1,20.043,39,5,16.66,-92.26,AFECTACIONES CARRETERO POR EL FRENTE FRIO NUM 13 Y VAGUADA INDUCIDA,ALTOS TSOTSIL-TSELTAL,CHANAL,CABECERA MUNICIPAL
PRECIPITACION,OCTUBRE 23. 2020,HIDROMETEOROLOGICOS,192.807,1,1,956,99,8,17.43,-93.04,AFECTACIONES DE INUNDACION Y DESLIZAMIENTO DE LADERAS POR EL FF#8,NORTE,SOLOSUCHIAPA,MONTE HOREB
TORMENTA TROPICAL,JUNIO 5. 2020,HIDROMETEOROLOGICOS,182.446,5,1,20.052,48,3,17.32,-93.26,AFECTACIONES DE LA FUERTE LLUVIA,MEZCALAPA,FRANCISCO LEON,CABECERA MUNICIPAL
ENCHARCAMIENTO,JUNIO 28. 2020,HIDROMETEOROLOGICOS,183.938,69,1,20.133,129,12,16.14,-91.29,AFECTACIONES DE VIVIENDAS POR ENCHARCAMIENTO,SELVA LACANDONA,MARAVILLA TENEJAPA,CABECERA MUNICIPAL
PRECIPITACION,OCTUBRE 28. 2020,HIDROMETEOROLOGICOS,193.182,1,1,8.006,66,9,15.44,-92.89,AFECTACIONES EN EJIDO EL CARMEN,ISTMO-COSTA,MAPASTEPEC,EL CARMEN
DEPRESION TROPICAL,NOVIEMBRE 4. 2020,HIDROMETEOROLOGICOS,194.028,4,1,2.618,51,11,15.47,-92.23,AFECTACIONES EN EL MUNICIPIO DE LA GRANDEZA POR INUNDACION PLUVIAL Y FLUVIAL DERIVADO DE LAS LLUVIAS DEL 5 AL 6 DE NOVIMEBRE 2020,SIERRA MARISCAL,LA GRANDEZA,DESVIO SAN JOSE
DEPRESION TROPICAL,NOVIEMBRE 4. 2020,HIDROMETEOROLOGICOS,194.029,4,1,2.618,51,11,15.47,-92.23,AFECTACIONES EN EL MUNICIPIO DE LA GRANDEZA POR INUNDACION PLUVIAL Y FLUVIAL DERIVADO DE LAS LLUVIAS DEL 5 AL 6 DE NOVIMEBRE 2020,SIERRA MARISCAL,LA GRANDEZA,DESVIO SAN JOSE
DEPRESION TROPICAL,NOVIEMBRE 4. 2020,HIDROMETEOROLOGICOS,194.03,4,1,2.618,51,11,15.47,-92.23,AFECTACIONES EN EL MUNICIPIO DE LA GRANDEZA POR INUNDACION PLUVIAL Y FLUVIAL DERIVADO DE LAS LLUVIAS DEL 5 AL 6 DE NOVIMEBRE 2020,SIERRA MARISCAL,LA GRANDEZA,DESVIO SAN JOSE
DEPRESION TROPICAL,NOVIEMBRE 4. 2020,HIDROMETEOROLOGICOS,194.031,4,1,2.618,51,11,15.47,-92.23,AFECTACIONES EN EL MUNICIPIO DE LA GRANDEZA POR INUNDACION PLUVIAL Y FLUVIAL DERIVADO DE LAS LLUVIAS DEL 5 AL 6 DE NOVIMEBRE 2020,SIERRA MARISCAL,LA GRANDEZA,DESVIO SAN JOSE
DEPRESION TROPICAL,NOVIEMBRE 6. 2020,HIDROMETEOROLOGICOS,194.037,4,1,324,32,2,16.88,-93.71,AFECTACIONES EN LA COL. ADOLFO LOPEZ MATEOS POR LA DEPRESION TROPICAL ETA Y FRENTE FRIO 11,VALLES ZOQUE,CINTALAPA,ADOLFO LOPEZ MATEOS
AFECTACIONES POR LLUVIAS,OCTUBRE 23. 2020,HIDROMETEOROLOGICOS,192.816,80,1,20.095,91,14,17.28,-92.43,AFECTACIONES EN VIVIENDAS POR LLUVIAS,TULIJA TSELTAL-CHOL,SABANILLA,CABECERA MUNICIPAL
DEPRESION TROPICAL,NOVIEMBRE 6. 2020,HIDROMETEOROLOGICOS,194.001,4,1,4.191,38,5,16.79,-92.69,AFECTACIONES FRENTE FRIO NO. 11 Y TORMENTA TROPICAL ETA,ALTOS TSOTSIL-TSELTAL,CHAMULA,NICHEN
TORMENTA TROPICAL,NOVIEMBRE 6. 2020,HIDROMETEOROLOGICOS,193.969,5,1,1.623,91,14,17.28,-92.55,AFECTACIONES FRENTE FRIO NUM 11 Y TORMENTA TROPICAL ETA,TULIJA TSELTAL-CHOL,SABANILLA,MOYOS
DEPRESION TROPICAL,NOVIEMBRE 18. 2020,HIDROMETEOROLOGICOS,194.927,4,1,225,92,14,17.56,-92.33,AFECTACIONES FRENTE FRIO NUM.13 DEPRESION TROPICAL IOTA.,TULIJA TSELTAL-CHOL,SALTO DE AGUA,SALTO DE AGUA
VERIFICACIONES,NOVIEMBRE 4. 2020,ACCIONES DE PREVENCION,193.891,52,8,3.882,128,12,16.53,-90.68,AFECTACIONES POR EL DESBORDAMIENTO DEL RIO USUMACINTA,SELVA LACANDONA,BENEMERITO DE LAS AMERICAS,GALILEA
FRENTE FRIO,NOVIEMBRE 15. 2020,HIDROMETEOROLOGICOS,194.65,61,1,20.103,99,8,17.43,-93.03,AFECTACIONES POR FF #13,NORTE,SOLOSUCHIAPA,CABECERA MUNICIPAL
FRENTE FRIO,NOVIEMBRE 5. 2020,HIDROMETEOROLOGICOS,193.907,61,1,186,58,8,16.83,-92.93,AFECTACIONES POR EL FF#11,NORTE,IXTACOMITAN,IXTACOMITAN
PRECIPITACION,NOVIEMBRE 9. 2020,HIDROMETEOROLOGICOS,194.223,1,1,20.067,63,8,17.61,-93.19,AFECTACIONES POR EL FF.NUM. 11,NORTE,JUAREZ,CABECERA MUNICIPAL
PRECIPITACION,NOVIEMBRE 4. 2020,HIDROMETEOROLOGICOS,193.834,1,1,210,74,12,16.94,-92.08,AFECTACIONES POR EL FRENTE FRIO #11 EN OCOSINGO,SELVA LACANDONA,OCOSINGO,OCOSINGO
PRECIPITACION,OCTUBRE 1. 2020,HIDROMETEOROLOGICOS,191.093,1,1,211,75,3,17.4,-93.16,AFECTACIONES POR EL FRENTE FRIO #4,MEZCALAPA,OCOTEPEC,OCOTEPEC
FRENTE FRIO,FEBRERO 20. 2020,HIDROMETEOROLOGICOS,172.116,61,1,4.342,83,8,17.51,-93.11,AFECTACIONES POR EL FRENTE FRIO #40,NORTE,PICHUCALCO,NAPANA
DEPRESION TROPICAL,NOVIEMBRE 16. 2020,HIDROMETEOROLOGICOS,195.012,4,1,210,74,12,16.92,-92.07,AFECTACIONES POR EL FRENTE FRIO N. 13 Y DEPRESION,SELVA LACANDONA,OCOSINGO,OCOSINGO
DEPRESION TROPICAL,NOVIEMBRE 5. 2020,HIDROMETEOROLOGICOS,193.918,4,1,1.259,27,1,16.87,-93.4,AFECTACIONES POR EL FRENTE FRIO NO 11,METROPOLITANA,BERRIOZABAL,LAS CAMELIAS
FRENTE FRIO,NOVIEMBRE 18. 2020,HIDROMETEOROLOGICOS,194.919,61,1,20.086,82,7,17.19,-93.05,AFECTACIONES POR EL FRENTE FRIO NIM. 13,DE LOS BOSQUES,PANTEPEC,CABECERA MUNICIPAL
HURACAN,NOVIEMBRE 4. 2020,HIDROMETEOROLOGICOS,193.902,6,1,222,88,7,17.2,-93.01,AFECTACIONES POR EL FRENTE FRIO NO. 11,DE LOS BOSQUES,RAYON,RAYON
FRENTE FRIO,NOVIEMBRE 3. 2020,HIDROMETEOROLOGICOS,193.69,61,1,20.086,82,7,17.19,-93.05,AFECTACIONES POR EL FRENTE FRIO NOM.11,DE LOS BOSQUES,PANTEPEC,CABECERA MUNICIPAL
PRECIPITACION,NOVIEMBRE 4. 2020,HIDROMETEOROLOGICOS,193.83,1,1,239,103,8,17.49,-93.24,AFECTACIONES POR ETA Y FRENTE FRIO NUMERO 11,NORTE,SUNUAPA,SUNUAPA
ONDA TROPICAL,SEPTIEMBRE 30. 2020,HIDROMETEOROLOGICOS,191.035,3,1,1.826,33,3,17.15,-93.2,AFECTACIONES POR FRENTE FRIO #4,MEZCALAPA,COAPILLA,UNION PORTES GIL (SAN PEDRO)
FRENTE FRIO,SEPTIEMBRE 28. 2020,HIDROMETEOROLOGICOS,190.968,61,1,2.689,48,3,17.36,-93.33,AFECTACIONES POR FRENTE FRIO #4 EN FRANCISCO LEON,MEZCALAPA,FRANCISCO LEON,NUEVO CRISTO REY
FRENTE FRIO,OCTUBRE 30. 2020,HIDROMETEOROLOGICOS,193.368,61,1,20.086,82,7,17.19,-93.05,AFECTACIONES POR FRENTE FRIO NO.9,DE LOS BOSQUES,PANTEPEC,CABECERA MUNICIPAL
PRECIPITACION,OCTUBRE 1. 2020,HIDROMETEOROLOGICOS,191.088,1,1,222,88,7,17.2,-93.01,AFECTACIONES POR FRENTE FRIO NUM. 4,DE LOS BOSQUES,RAYON,RAYON
PRECIPITACION,OCTUBRE 3. 2020,HIDROMETEOROLOGICOS,191.231,1,1,20.05,46,14,17.11,-92.27,AFECTACIONES POR FRENTES FRIOS NO 4 Y 5 REGION TULIJA TZETAL CHOL,TULIJA TSELTAL-CHOL,CHILON,CABECERA MUNICIPAL
HUNDIMIENTO,MAYO 14. 2020,GEOLOGICOS,180.683,47,3,158,28,7,16.99,-92.9,AFECTACIONES POR FUERTES LLUVIAS,DE LOS BOSQUES,BOCHIL,BOCHIL
ONDA TROPICAL,JULIO 24. 2020,HIDROMETEOROLOGICOS,185.696,3,1,20.124,120,4,16.34,-92.57,AFECTACIONES POR FUERTES LLUVIAS Y VIENTOS,DE LOS LLANOS,VENUSTIANO CARRANZA,CABECERA MUNICIPAL
AFECTACIONES POR LLUVIAS,SEPTIEMBRE 11. 2020,HIDROMETEOROLOGICOS,189.445,80,1,1.469,34,15,16.26,-92.1,AFECTACIONES POR FUERTES LLUVIAS.,MESETA COMITECA TOJOLABAL,COMITAN DE DOMINGUEZ,CASH
AFECTACIONES POR VIENTOS,AGOSTO 19. 2020,HIDROMETEOROLOGICOS,187.574,95,1,174,34,15,16.24,-92.12,AFECTACIONES POR FUERTES VIENTOS.,MESETA COMITECA TOJOLABAL,COMITAN DE DOMINGUEZ,COMITAN DE DOMINGUEZ
FRENTE FRIO,NOVIEMBRE 4. 2020,HIDROMETEOROLOGICOS,193.813,61,1,225,92,14,17.56,-92.33,AFECTACIONES POR LA DEPRESION TROPICAL,TULIJA TSELTAL-CHOL,SALTO DE AGUA,SALTO DE AGUA
DEPRESION TROPICAL,MAYO 31. 2020,HIDROMETEOROLOGICOS,181.929,4,1,20.111,107,3,17.13,-93.31,AFECTACIONES POR LA ENTRADA DEL CICLON TROPICAL CRISTOBAL,MEZCALAPA,TECPATAN,CABECERA MUNICIPAL
ONDA TROPICAL,MAYO 31. 2020,HIDROMETEOROLOGICOS,182.114,3,1,219,83,8,17.51,-93.11,AFECTACIONES POR LA ONDA TROPICAL #3,NORTE,PICHUCALCO,PICHUCALCO
ONDA TROPICAL,AGOSTO 27. 2020,HIDROMETEOROLOGICOS,188.279,3,1,20.04,36,3,17.09,-93.2,AFECTACIONES POR LA ONDA TROPICAL 31 COPAINALA,MEZCALAPA,COPAINALA,CABECERA MUNICIPAL
ONDA TROPICAL,JUNIO 3. 2020,HIDROMETEOROLOGICOS,182.498,3,1,20.124,120,4,16.34,-92.56,AFECTACIONES POR LA ONDA TROPICAL AMANDA Y CRISTOBAL VARIAS COMUNIDADES,DE LOS LLANOS,VENUSTIANO CARRANZA,CABECERA MUNICIPAL
ONDA TROPICAL,JUNIO 2. 2020,HIDROMETEOROLOGICOS,182.147,3,1,173,33,3,17.13,-93.16,AFECTACIONES POR LA TORMENTA CRISTOBAL,MEZCALAPA,COAPILLA,COAPILLA
TORMENTA TROPICAL,SEPTIEMBRE 3. 2020,HIDROMETEOROLOGICOS,188.823,5,1,20.032,28,7,16.99,-92.89,AFECTACIONES POR LA TORMENTA TROPICAL,DE LOS BOSQUES,BOCHIL,CABECERA MUNICIPAL
TORMENTA TROPICAL,AGOSTO 21. 2020,HIDROMETEOROLOGICOS,187.767,5,1,20.124,120,4,16.33,-92.56,AFECTACIONES POR LA TORMENTA TROPICAL NUMERO 14,DE LOS LLANOS,VENUSTIANO CARRANZA,CABECERA MUNICIPAL
AFECTACIONES POR LLUVIAS,AGOSTO 9. 2010,HIDROMETEOROLOGICOS,5.863,80,1,171,32,2,16.69,-93.73,AFECTACIONES POR LLUVIAS (38 VIVIENDAS AFECTADAS POR ENCARCAMIENTO ) EN CINTALAPA,VALLES ZOQUE,CINTALAPA,CINTALAPA DE FIGUEROA
AFECTACIONES POR LLUVIAS,SEPTIEMBRE 28. 2010,HIDROMETEOROLOGICOS,6.718,80,1,219,83,8,17.51,-93.11,AFECTACIONES POR LLUVIAS (5 VIVIENDAS AFECTADAS POR INUNDACION DE APROXIMADAMENTE UN METRO EN EL INTERIOR A CONSECUENCIA DEL ESCURRIMIENTO DEL RIO PICHUCALCO EN COLONIAS SUBURBANAS DE LA PERIFERIA ) EN PICHUCALCO,NORTE,PICHUCALCO,PICHUCALCO
AFECTACIONES POR LLUVIAS,JULIO 1. 2010,HIDROMETEOROLOGICOS,5.225,80,1,7.092,102,10,14.89,-92.27,AFECTACIONES POR LLUVIAS (ACCIONES DE VUELTA A LA NORMALIDAD) EN SUCHIATE,SOCONUSCO,SUCHIATE,SUCHIATE
AFECTACIONES POR LLUVIAS,JULIO 1. 2010,HIDROMETEOROLOGICOS,5.225,80,1,7.092,102,10,14.89,-92.27,AFECTACIONES POR LLUVIAS (ACCIONES DE VUELTA A LA NORMALIDAD) EN SUCHIATE,SOCONUSCO,SUCHIATE,SUCHIATE
AFECTACIONES POR LLUVIAS,SEPTIEMBRE 3. 2010,HIDROMETEOROLOGICOS,6.334,80,1,208,72,11,15.36,-92.25,AFECTACIONES POR LLUVIAS (ACTIVACION DE 04 REFUGIOS TEMPORALES EN CABECERA MUNICIPAL DE MOTOZINTLA) EN MOTOZINTLA,SIERRA MARISCAL,MOTOZINTLA,MOTOZINTLA DE MENDOZA
AFECTACIONES POR LLUVIAS,AGOSTO 26. 2010,HIDROMETEOROLOGICOS,6.221,80,1,240,104,10,14.9,-92.25,AFECTACIONES POR LLUVIAS (AFECTACION A MURO DE CONTENCION EN EL RIO TEXCUYUAPAN) EN TAPACHULA,SOCONUSCO,TAPACHULA,TAPACHULA DE CORDOVA Y ORDONEZ
AFECTACIONES POR LLUVIAS,JULIO 19. 2010,HIDROMETEOROLOGICOS,5.559,80,1,10.873,74,12,16.91,-92.11,AFECTACIONES POR LLUVIAS (AFECTACION POR LLUVIAS CON VIENTOS.) EN OCOSINGO,SELVA LACANDONA,OCOSINGO,NUEVA PALESTINA
AFECTACIONES POR LLUVIAS,JULIO 19. 2010,HIDROMETEOROLOGICOS,5.559,80,1,10.873,74,12,16.91,-92.11,AFECTACIONES POR LLUVIAS (AFECTACION POR LLUVIAS CON VIENTOS.) EN OCOSINGO,SELVA LACANDONA,OCOSINGO,NUEVA PALESTINA
AFECTACIONES POR LLUVIAS,MAYO 13. 2010,HIDROMETEOROLOGICOS,4.579,80,1,208,72,11,15.37,-92.24,AFECTACIONES POR LLUVIAS (AFECTACIONES POR ARRASTRE DE MATERIAL.) EN MOTOZINTLA,SIERRA MARISCAL,MOTOZINTLA,MOTOZINTLA DE MENDOZA
AFECTACIONES POR LLUVIAS,JULIO 20. 2010,HIDROMETEOROLOGICOS,5.571,80,1,212,76,2,16.73,-93.17,AFECTACIONES POR LLUVIAS (ARROLLO OJO DE AGUA.) EN OCOZOCUAUTLA DE ESPINOZA,VALLES ZOQUE,OCOZOCOAUTLA DE ESPINOSA,OCOZOCOAUTLA DE ESPINOSA
AFECTACIONES POR LLUVIAS,AGOSTO 1. 2010,HIDROMETEOROLOGICOS,5.763,80,1,3.17,45,11,15.68,-92.31,AFECTACIONES POR LLUVIAS (BORDO DE PROTECCION Y CAMINO) EN CHICOMUSELO,SIERRA MARISCAL,CHICOMUSELO,PIEDRA LABRADA
AFECTACIONES POR LLUVIAS,AGOSTO 1. 2010,HIDROMETEOROLOGICOS,5.763,80,1,3.17,45,11,15.68,-92.31,AFECTACIONES POR LLUVIAS (BORDO DE PROTECCION Y CAMINO) EN CHICOMUSELO,SIERRA MARISCAL,CHICOMUSELO,PIEDRA LABRADA
AFECTACIONES POR LLUVIAS,JULIO 16. 2010,HIDROMETEOROLOGICOS,5.504,80,1,216,80,13,17.51,-91.99,AFECTACIONES POR LLUVIAS (CABECERA MUNICIPAL 4 VIVIENDAS AFECTADAS POR ENCHARCAMIENTOS. ) EN PALENQUE,MAYA,PALENQUE,PALENQUE
AFECTACIONES POR LLUVIAS,JULIO 16. 2010,HIDROMETEOROLOGICOS,5.517,80,1,7.092,102,10,16.73,-93.17,AFECTACIONES POR LLUVIAS (CAMINOS CARRETEROS DE SUCHIATE) EN SUCHIATE,SOCONUSCO,SUCHIATE,SUCHIATE
AFECTACIONES POR LLUVIAS,SEPTIEMBRE 21. 2010,HIDROMETEOROLOGICOS,6.588,80,1,227,93,5,16.74,-92.64,AFECTACIONES POR LLUVIAS (CASAS ENCHARCADAS COL. SAN RAMON Y ART. 115) EN SAN CRISTOBAL,ALTOS TSOTSIL-TSELTAL,SAN CRISTOBAL DE LAS CASAS,SAN CRISTOBAL DE LAS CASAS
AFECTACIONES POR LLUVIAS,SEPTIEMBRE 3. 2010,HIDROMETEOROLOGICOS,6.333,80,1,240,104,10,14.88,-92.44,AFECTACIONES POR LLUVIAS (COMUNIDAD EL LEONCILLO) EN TAPACHULA,SOCONUSCO,TAPACHULA,TAPACHULA DE CORDOVA Y ORDONEZ
AFECTACIONES POR LLUVIAS,SEPTIEMBRE 28. 2010,HIDROMETEOROLOGICOS,6.714,80,1,1.079,23,6,15.87,-92.73,AFECTACIONES POR LLUVIAS (COMUNIDAD NUEVA COLOMBIA INCOMUNICADA CON LA CABECERA MUNICIPAL POR DERRUMBES NO SE REPORTAN DANOS A VIVIENDAS NI A PERSONAS. ) EN ANGEL ALBINO CORZO,FRAILESCA,ANGEL ALBINO CORZO,NUEVA COLOMBIA
AFECTACIONES POR LLUVIAS,SEPTIEMBRE 25. 2010,HIDROMETEOROLOGICOS,6.66,80,1,7.564,74,12,16.82,-91.85,AFECTACIONES POR LLUVIAS (DESBORDAMIENTO DE RIO JATATE) EN OCOSINGO,SELVA LACANDONA,OCOSINGO,SAN QUINTIN
AFECTACIONES POR LLUVIAS,JULIO 7. 2010,HIDROMETEOROLOGICOS,5.395,80,1,11.281,104,10,15.19,-92.29,AFECTACIONES POR LLUVIAS (DESBORDAMIENTO) EN TAPACHULA,SOCONUSCO,TAPACHULA,TOQUIAN CHIQUITO
AFECTACIONES POR LLUVIAS,JUNIO 27. 2010,HIDROMETEOROLOGICOS,5.263,80,1,227,93,5,16.72,-92.63,AFECTACIONES POR LLUVIAS (DESVORDAMIENTO DEL RIO EL FOGOTICO Y EL AMARILLO) EN SAN CRISTOBAL,ALTOS TSOTSIL-TSELTAL,SAN CRISTOBAL DE LAS CASAS,SAN CRISTOBAL DE LAS CASAS
AFECTACIONES POR LLUVIAS,JUNIO 27. 2010,HIDROMETEOROLOGICOS,5.263,80,1,227,93,5,16.72,-92.63,AFECTACIONES POR LLUVIAS (DESVORDAMIENTO DEL RIO EL FOGOTICO Y EL AMARILLO) EN SAN CRISTOBAL,ALTOS TSOTSIL-TSELTAL,SAN CRISTOBAL DE LAS CASAS,SAN CRISTOBAL DE LAS CASAS
AFECTACIONES POR LLUVIAS,JULIO 27. 2010,HIDROMETEOROLOGICOS,5.661,80,1,251,115,1,16.75,-93.12,AFECTACIONES POR LLUVIAS (EN DIFERENTES COLONIAS ) EN TUXTLA GUTIERREZ,METROPOLITANA,TUXTLA GUTIERREZ,TUXTLA GUTIERREZ
DEPRESION TROPICAL,MAYO 29. 2010,HIDROMETEOROLOGICOS,4.822,4,1,240,104,10,16.73,-93.17,DEPRESION TROPICAL (DERRUMBES Y ENCHARCAMIENTOS) EN TAPACHULA,SOCONUSCO,TAPACHULA,TAPACHULA DE CORDOVA Y ORDONEZ
DESLIZAMIENTO,JULIO 11. 2010,GEOLOGICOS,5.437,22,3,227,93,5,16.71,-92.65,DESLIZAMIENTO (DE TIERRA EN LA COLONIA LA PRADERA Y EXPLANADA DEL CARMEN) EN SAN CRISTOBAL,ALTOS TSOTSIL-TSELTAL,SAN CRISTOBAL DE LAS CASAS,SAN CRISTOBAL DE LAS CASAS
DESLIZAMIENTO,AGOSTO 29. 2010,GEOLOGICOS,6.26,22,3,1.136,23,6,15.71,-92.58,DESLIZAMIENTO (EVACUACION PREVENTIVA POR DESLIZAMIENTO DE CERRO) EN ANGEL ALBINO CORZO,FRAILESCA,ANGEL ALBINO CORZO,NUEVA INDEPENDENCIA
DISTURBIO,JUNIO 14. 2010,SOCIOORGANIZATIVOS,5.054,48,4,7.092,102,10,14.68,-92.15,DISTURBIO (MANIFESTACION) EN SUCHIATE,SOCONUSCO,SUCHIATE,SUCHIATE
ENCHARCAMIENTO,JUNIO 28. 2010,HIDROMETEOROLOGICOS,5.27,69,1,227,93,5,16.71,-92.64,ENCHARCAMIENTO ( EN DIFERENTES COLONIAS.) EN SAN CRISTOBAL,ALTOS TSOTSIL-TSELTAL,SAN CRISTOBAL DE LAS CASAS,SAN CRISTOBAL DE LAS CASAS
ENCHARCAMIENTO,SEPTIEMBRE 21. 2010,HIDROMETEOROLOGICOS,6.591,69,1,227,93,5,16.73,-92.63,ENCHARCAMIENTO ( EN VARIAS COLONIAS Y BARRIOS DE SAN CRISTOBAL ) EN SAN CRISTOBAL,ALTOS TSOTSIL-TSELTAL,SAN CRISTOBAL DE LAS CASAS,SAN CRISTOBAL DE LAS CASAS
ENCHARCAMIENTO,AGOSTO 22. 2010,HIDROMETEOROLOGICOS,6.116,69,1,153,24,9,16.22,-93.9,ENCHARCAMIENTO (2 VIVIENDAS SIN DANOS MAYORES EN CAB. MAPL. ) EN ARRIAGA,ISTMO-COSTA,ARRIAGA,ARRIAGA
ENCHARCAMIENTO,AGOSTO 30. 2010,HIDROMETEOROLOGICOS,6.271,69,1,11.418,56,15,16.25,-92.01,ENCHARCAMIENTO (46 VIVIENDAS COM. SANTA RITA) EN LA INDEPENDENCIA,MESETA COMITECA TOJOLABAL,LA INDEPENDENCIA,SANTA RITA EL VERGEL
ENCHARCAMIENTO,AGOSTO 17. 2010,HIDROMETEOROLOGICOS,6.024,69,1,157,27,1,16.8,-93.27,ENCHARCAMIENTO (BARRIO SAN MIGUEL 8 VIVIENDAS ) EN BERRIOZABAL,METROPOLITANA,BERRIOZABAL,BERRIOZABAL
ENCHARCAMIENTO,JULIO 3. 2010,HIDROMETEOROLOGICOS,5.343,69,1,215,79,5,16.74,-92.47,ENCHARCAMIENTO (COMUNIDAD SAN CRISTOBALITO) EN OXCHUC,ALTOS TSOTSIL-TSELTAL,OXCHUC,OXCHUC
ENCHARCAMIENTO,JUNIO 22. 2010,HIDROMETEOROLOGICOS,5.174,69,1,240,104,10,16.73,-93.17,ENCHARCAMIENTO (DERIVADO DE LA DEPRESION TROPICAL 5-E) EN TAPACHULA,SOCONUSCO,TAPACHULA,TAPACHULA DE CORDOVA Y ORDONEZ
ENCHARCAMIENTO,JULIO 19. 2010,HIDROMETEOROLOGICOS,5.547,69,1,227,93,5,16.76,-92.65,ENCHARCAMIENTO (DIFERENTES COLONIAS ) EN SAN CRISTOBAL,ALTOS TSOTSIL-TSELTAL,SAN CRISTOBAL DE LAS CASAS,SAN CRISTOBAL DE LAS CASAS
ENCHARCAMIENTO,JULIO 19. 2010,HIDROMETEOROLOGICOS,5.547,69,1,227,93,5,16.76,-92.65,ENCHARCAMIENTO (DIFERENTES COLONIAS ) EN SAN CRISTOBAL,ALTOS TSOTSIL-TSELTAL,SAN CRISTOBAL DE LAS CASAS,SAN CRISTOBAL DE LAS CASAS
ENCHARCAMIENTO,JULIO 20. 2010,HIDROMETEOROLOGICOS,5.574,69,1,215,79,5,16.79,-92.34,ENCHARCAMIENTO (EN 17 DOMICILIOS EN EL BARRIO SAN CRISTOBALITO DE OXCHUC) EN OXCHUC,ALTOS TSOTSIL-TSELTAL,OXCHUC,OXCHUC
ENCHARCAMIENTO,JULIO 20. 2010,HIDROMETEOROLOGICOS,5.574,69,1,215,79,5,16.79,-92.34,ENCHARCAMIENTO (EN 17 DOMICILIOS EN EL BARRIO SAN CRISTOBALITO DE OXCHUC) EN OXCHUC,ALTOS TSOTSIL-TSELTAL,OXCHUC,OXCHUC
ENCHARCAMIENTO,AGOSTO 23. 2010,HIDROMETEOROLOGICOS,6.141,69,1,216,80,13,17.51,-91.98,ENCHARCAMIENTO (EN COLONIA CENTRO CALLE NUEVO MEXICO Y VELASCO ZUARES AFECTACIONES A 4 VIVIENDAS) EN PALENQUE,MAYA,PALENQUE,PALENQUE
ENCHARCAMIENTO,MARZO 30. 2010,HIDROMETEOROLOGICOS,3.883,69,1,210,74,12,16.89,-92.08,ENCHARCAMIENTO (EN LA COL. PINOS TRES Y EN LA SALIDA HACIA A PALENQUE) EN OCOSINGO,SELVA LACANDONA,OCOSINGO,OCOSINGO
ENCHARCAMIENTO,AGOSTO 11. 2010,HIDROMETEOROLOGICOS,5.935,69,1,824,125,5,16.74,-92.78,ENCHARCAMIENTO (EN LAS INMEDIACIONES DE LA LAGUNA DE NAVENCHAUT) EN ZINACANTAN,ALTOS TSOTSIL-TSELTAL,ZINACANTAN,NAVENCHAUC
ENCHARCAMIENTO,AGOSTO 11. 2010,HIDROMETEOROLOGICOS,5.935,69,1,824,125,5,16.74,-92.78,ENCHARCAMIENTO (EN LAS INMEDIACIONES DE LA LAGUNA DE NAVENCHAUT) EN ZINACANTAN,ALTOS TSOTSIL-TSELTAL,ZINACANTAN,NAVENCHAUC
ENCHARCAMIENTO,JULIO 22. 2010,HIDROMETEOROLOGICOS,5.592,69,1,174,34,15,16.23,-92.14,ENCHARCAMIENTO (EN PATIOS EN 3 VIVIENDAS POR TAPONAMIENTO DE LAS COLADERAS.) EN COMITAN DE DOMINGUEZ,MESETA COMITECA TOJOLABAL,COMITAN DE DOMINGUEZ,COMITAN DE DOMINGUEZ
ENCHARCAMIENTO,JUNIO 16. 2010,HIDROMETEOROLOGICOS,5.096,69,1,3.439,18,10,15.15,-92.72,ENCHARCAMIENTO (ENCHARCAMIENTOS EN PATIOS. CALLES Y VIVIENDAS) EN ACAPETAHUA,SOCONUSCO,ACAPETAHUA,LAS MURALLAS
ENCHARCAMIENTO,JULIO 12. 2010,HIDROMETEOROLOGICOS,5.447,69,1,208,72,11,15.37,-92.25,ENCHARCAMIENTO (ESCURRIMIENTOS DE ARROYO MORELOS AFECTA 3 NEGOCIOS Y 2 VIVIENDAS ) EN MOTOZINTLA,SIERRA MARISCAL,MOTOZINTLA,MOTOZINTLA DE MENDOZA
ENCHARCAMIENTO,SEPTIEMBRE 7. 2010,HIDROMETEOROLOGICOS,6.419,69,1,240,104,10,14.9,-92.25,ENCHARCAMIENTO (REUNION CON AFECTADOS POR DESBORDAMIENTO DEL RIO TUXCUYUAPAN) EN TAPACHULA,SOCONUSCO,TAPACHULA,TAPACHULA DE CORDOVA Y ORDONEZ
INUNDACION FLUVIAL,OCTUBRE 16. 2011,HIDROMETEOROLOGICOS,13.867,67,1,223,89,8,17.87,-93.15,EVENTO DE TIPO HIDROMETEOROLOGICOS (INUNDACION DE UNA VIVIENDA POR NIVEL DEL AGUA DE UNA LAGUNA) EN REFORMA,NORTE,REFORMA,REFORMA
INUNDACION FLUVIAL,OCTUBRE 15. 2011,HIDROMETEOROLOGICOS,13.862,67,1,219,83,8,17.51,-93.12,EVENTO DE TIPO HIDROMETEOROLOGICOS (MONITOREO DE LOS RIOS EN PICHUCALCO.) EN PICHUCALCO,NORTE,PICHUCALCO,PICHUCALCO
SIN CLASIFICACION,OCTUBRE 8. 2011,HIDROMETEOROLOGICOS,13.746,126,1,166,42,1,16.72,-93.01,EVENTO DE TIPO HIDROMETEOROLOGICOS (SUVE NIVEL DEL RIO GRIJALVA EN CAHUARE Y EMBARCADERO MALECON ) EN CHIAPA DE CORZO,METROPOLITANA,CHIAPA DE CORZO,CHIAPA DE CORZO
SIN CLASIFICACION,OCTUBRE 17. 2011,HIDROMETEOROLOGICOS,13.979,126,1,192,63,8,17.79,-93.1,EVENTO DE TIPO HIDROMETEOROLOGICOS (TEMPORADA DE FRENTES FRIOS ) EN JUAREZ,NORTE,JUAREZ,JUAREZ
INUNDACION FLUVIAL,OCTUBRE 8. 2011,HIDROMETEOROLOGICOS,13.751,67,1,489,31,13,17.73,-92.01,EVENTO DE TIPO HIDROMETEOROLOGICOS (VERIFICACIONES DE AFECTACIONES EN CATAZAJA ) EN CATAZAJA,MAYA,CATAZAJA,CUYO (ALVARO OBREGON)
ONDA TROPICAL,OCTUBRE 2. 2011,HIDROMETEOROLOGICOS,13.683,3,1,251,115,1,16.76,-93.12,EVENTO DE TIPO HIDROMETEOROLOGICOS EN TUXTLA GUTIARREZ,METROPOLITANA,TUXTLA GUTIERREZ,TUXTLA GUTIERREZ
FRENTE FRIO,FEBRERO 28. 2011,HIDROMETEOROLOGICOS,8.967,61,1,434,99,8,16.73,-93.17,FRENTE FRIO (AFECTACCIONES EN EL EJIDO MONTE ORET Y BENEFICIO) EN SOLOSUCHIAPA,NORTE,SOLOSUCHIAPA,EL BENEFICIO
INUNDACION PLUVIAL,SEPTIEMBRE 4. 2011,HIDROMETEOROLOGICOS,12.989,68,1,5.049,120,4,16.27,-92.38,INUNDACION PLUVIAL (ENCHARCAMIENTO DE CALLES Y AVENIDAS EN LA COLONIA OBRERA DE PUJILTIC) EN VENUSTIANO CARRANZA,DE LOS LLANOS,VENUSTIANO CARRANZA,SAN FRANCISCO PUJILTIC
ONDA TROPICAL,JULIO 6. 2011,HIDROMETEOROLOGICOS,11.699,3,1,251,115,1,16.81,-93.22,ONDA TROPICAL (LLUVIAS EN TGZ. POR LA ONDA TROPICALN.6 ) EN TUXTLA GUTIERREZ,METROPOLITANA,TUXTLA GUTIERREZ,TUXTLA GUTIERREZ
PRECIPITACION,ABRIL 7. 2011,HIDROMETEOROLOGICOS,9.607,1,1,240,104,10,14.91,-92.27,PRECIPITACION (RECORRIDO DE VERIFICACION EN RIOS POR PRESENCIA DE LLUVIA FUERTE) EN TAPACHULA,SOCONUSCO,TAPACHULA,TAPACHULA DE CORDOVA Y ORDONEZ
VERIFICACIONES,AGOSTO 30. 2011,ACCIONES DE PREVENCION,12.866,52,8,11.143,18,10,15.22,-92.8,VERIFICACIONES ( POR ENCHARCAMIENTOS QUE OCASIONARON LAS LLUVIAS EN RANCHOS Y VIVIENDAS EN EL EJIDO LAS GARZAS Y ENBARCADERO LAS GARZAS DEL MUNICIPIO DE ACAPETAHUA.) EN ACAPETAHUA,SOCONUSCO,ACAPETAHUA,LAS GARZAS
VERIFICACIONES,JUNIO 10. 2011,ACCIONES DE PREVENCION,11.144,52,8,6.171,104,10,14.78,-92.31,VERIFICACIONES (EN TRES COMUNIDADES DE LA ZONA BAJA POR PROBLEMAS DE AZOLVAMIENTO DE CUNETAS Y PUENTES) EN TAPACHULA,SOCONUSCO,TAPACHULA,CONGREGACION REFORMA
PRECIPITACION,SEPTIEMBRE 16. 2012,HIDROMETEOROLOGICOS,20.069,1,1,20.023,19,12,16.74,-92.04,AFECTACCIONES POR LLUVIAS,SELVA LACANDONA,ALTAMIRANO,CABECERA MUNICIPAL
VERIFICACIONES,AGOSTO 25. 2012,ACCIONES DE PREVENCION,19.539,52,8,1.974,83,8,17.51,-93.11,AFECTACION POR LLUVIAS,NORTE,PICHUCALCO,MARIANO MATAMOROS 1RA. SECCION A
PRECIPITACION,MAYO 20. 2012,HIDROMETEOROLOGICOS,17.581,1,1,20.074,70,10,14.84,-92.2,VIVIENDAS ENCHARCADAS,SOCONUSCO,METAPA,CABECERA MUNICIPAL
TORMENTA TROPICAL,AGOSTO 8. 2012,HIDROMETEOROLOGICOS,19.193,5,1,20.093,89,8,17.86,-93.15,VIVIENDAS ENCHARCADAS DESBORDAMIENTO DE LAGUNA.,NORTE,REFORMA,CABECERA MUNICIPAL
PRECIPITACION,JUNIO 2. 2012,HIDROMETEOROLOGICOS,17.899,1,1,20.124,120,4,16.34,-92.57,VIVIENDAS ENCHARCADAS EN LA COLONIA OBRERA DEL MUNICIPIO DE VENUSTIANO CARRANZA,DE LOS LLANOS,VENUSTIANO CARRANZA,CABECERA MUNICIPAL
PRECIPITACION,ENERO 15. 2013,HIDROMETEOROLOGICOS,23.413,1,1,20.087,83,8,17.51,-93.1,ENCHARCAMIENTO DE 7 VIVIENDA,NORTE,PICHUCALCO,CABECERA MUNICIPAL
VERIFICACIONES,FEBRERO 20. 2013,ACCIONES DE PREVENCION,24.451,52,8,6.374,42,1,16.6,-92.99,VERIFICACION DE UN DREN FUVIAL EN LA RIVERA LAS FLECHAS,METROPOLITANA,CHIAPA DE CORZO,CABEZA DE AGUA (SAN ANTONIO)
VERIFICACIONES,FEBRERO 20. 2013,ACCIONES DE PREVENCION,24.473,52,8,2.46,63,8,17.61,-93.18,IDENTIFICACION DE RIESGOS CON COMITES DE PREVENCION Y PARTICIPACION CIUDADANA,NORTE,JUAREZ,SANTA CRUZ TEPATE ABAJO
VERIFICACIONES,MARZO 20. 2013,ACCIONES DE PREVENCION,25.841,52,8,216,80,13,17.5,-91.97,VERIFICACION,MAYA,PALENQUE,PALENQUE
ENCHARCAMIENTO,ABRIL 18. 2013,HIDROMETEOROLOGICOS,27.404,69,1,20.038,34,15,16.24,-92.12,ENCHARCAMIENTO,MESETA COMITECA TOJOLABAL,COMITAN DE DOMINGUEZ,CABECERA MUNICIPAL
VERIFICACIONES,ABRIL 19. 2013,ACCIONES DE PREVENCION,27.429,52,8,450,83,8,17.54,-93.11,IDENTIFICACION DE RIESGO POR CONSTRUCCION DE DRENES SOBRE EL RIO PICHUCALCO,NORTE,PICHUCALCO,MARIANO MATAMOROS SEGUNDA SECCION
PRECIPITACION,ABRIL 19. 2013,HIDROMETEOROLOGICOS,27.448,1,1,20.038,34,15,16.24,-92.15,VIVIENDA ENCHARCADA.,MESETA COMITECA TOJOLABAL,COMITAN DE DOMINGUEZ,CABECERA MUNICIPAL
PRECIPITACION,ABRIL 25. 2013,HIDROMETEOROLOGICOS,27.815,1,1,9.272,104,10,14.78,-92.41,VERIFICACION ENCHARCAMIENTO COMUNIDAD LA CIGUENA,SOCONUSCO,TAPACHULA,LA CIGUENA
PRECIPITACION,MAYO 12. 2013,HIDROMETEOROLOGICOS,28.637,1,1,20.093,89,8,17.86,-93.14,INUNDACION DE LA UMPC,NORTE,REFORMA,CABECERA MUNICIPAL
PRECIPITACION,MAYO 20. 2013,HIDROMETEOROLOGICOS,28.988,1,1,20.078,74,12,16.9,-92.09,AFECTACIONES POR ENCHARCAMIENTOS,SELVA LACANDONA,OCOSINGO,CABECERA MUNICIPAL
PRECIPITACION,MAYO 21. 2013,HIDROMETEOROLOGICOS,29.061,1,1,208,72,11,15.37,-92.24,VIVIENDAS ENCHARCADAS,SIERRA MARISCAL,MOTOZINTLA,MOTOZINTLA DE MENDOZA
PRECIPITACION,MAYO 21. 2013,HIDROMETEOROLOGICOS,29.066,1,1,20.084,80,13,17.51,-91.99,AFECTACIONES DE CAIDA DE ARBOLES Y CABLES DE ALTA TENCION,MAYA,PALENQUE,CABECERA MUNICIPAL
PRECIPITACION,MAYO 23. 2013,HIDROMETEOROLOGICOS,29.136,1,1,20.119,115,1,16.75,-93.12,LLUVIAS EN LA CABECERA MUNICIPAL,METROPOLITANA,TUXTLA GUTIERREZ,CABECERA MUNICIPAL
PRECIPITACION,MAYO 23. 2013,HIDROMETEOROLOGICOS,29.166,1,1,251,115,1,16.76,-93.07,AFECTACION DE VIVIENDAS POR LLUVIAS,METROPOLITANA,TUXTLA GUTIERREZ,TUXTLA GUTIERREZ
PRECIPITACION,MAYO 23. 2013,HIDROMETEOROLOGICOS,29.168,1,1,251,115,1,16.76,-93.08,AFECTACION DE VIVIENDAS POR LLUVIAS,METROPOLITANA,TUXTLA GUTIERREZ,TUXTLA GUTIERREZ
PRECIPITACION,MAYO 24. 2013,HIDROMETEOROLOGICOS,29.174,1,1,20.067,63,8,17.61,-93.19,AFECTACIONES POR LLUVIA,NORTE,JUAREZ,CABECERA MUNICIPAL
ACTAS DE CONSEJO MUNICIPAL ELABORACION,MAYO 26. 2013,ACCIONES DE PREVENCION,29.233,145,8,20.025,21,11,15.43,-92.11,SECION DEL CONSEJO MUNICIPAL DE PROTECCION CIVIL POR TEMPORADA DE LLUVIAS Y CICLONES TROPICALES 2013,SIERRA MARISCAL,AMATENANGO DE LA FRONTERA,CABECERA MUNICIPAL
PRECIPITACION,MAYO 26. 2013,HIDROMETEOROLOGICOS,29.234,1,1,228,94,3,16.87,-93.2,ENCHARCAMIENTO EN VIVIENDA,MEZCALAPA,SAN FERNANDO,SAN FERNANDO
REUNIONES,MAYO 26. 2013,ACCIONES DE PREVENCION,29.236,64,8,20.087,83,8,17.51,-93.11,SESION DEL CONSEJO REGIONAL DE PC. TEMPORADA DE LLUVIAS Y CICLONES TROPICALES 2013,NORTE,PICHUCALCO,CABECERA MUNICIPAL
REUNIONES,MAYO 26. 2013,ACCIONES DE PREVENCION,29.254,64,8,20.115,111,9,16.09,-93.77,CONSEJO REGIONAL EXTRAORDINARIO DE PROTECCION CIVIL ISTMO-COSTA,ISTMO-COSTA,TONALA,CABECERA MUNICIPAL
INUNDACION PLUVIAL,MAYO 26. 2013,HIDROMETEOROLOGICOS,29.262,68,1,20.093,89,8,17.86,-93.14,SE INUNDA UMPC,NORTE,REFORMA,CABECERA MUNICIPAL
ACTAS DE CONSEJO MUNICIPAL ELABORACION,MAYO 27. 2013,ACCIONES DE PREVENCION,29.276,145,8,20.07,66,9,15.44,-92.89,CESION DEL CONSEJO DE PROTECCION CIVIL POR LA TEMPORADA DE LLUVIAS Y CICLONES TROPICALES 2013,ISTMO-COSTA,MAPASTEPEC,CABECERA MUNICIPAL
TORMENTA TROPICAL,MAYO 20. 2013,HIDROMETEOROLOGICOS,29.278,5,1,20.089,85,11,15.46,-92.28,ENCHARCAMIENTO DE VIVIENDA,SIERRA MARISCAL,EL PORVENIR,CABECERA MUNICIPAL
PRECIPITACION,MAYO 27. 2013,HIDROMETEOROLOGICOS,29.286,1,1,4.253,56,15,16.25,-92.02,MONITOREO A COMUNIDADES VULNERABLES DE ENCHARCAMIENTOS POR LLUVIAS,MESETA COMITECA TOJOLABAL,LA INDEPENDENCIA,VENUSTIANO CARRANZA
BAJA PRESION,MAYO 27. 2013,HIDROMETEOROLOGICOS,29.298,2,1,20.097,93,5,16.75,-92.64,REPORTE DE LLUVIAS Y FUERTES VIENTOS,ALTOS TSOTSIL-TSELTAL,SAN CRISTOBAL DE LAS CASAS,CABECERA MUNICIPAL
REUNIONES,MAYO 27. 2013,ACCIONES DE PREVENCION,29.303,64,8,2.832,24,9,16.1,-93.92,ACCIONES REALIZADAS POR DEPRESION 2 E,ISTMO-COSTA,ARRIAGA,LA GLORIA
DEPRESION TROPICAL,MAYO 28. 2013,HIDROMETEOROLOGICOS,29.334,4,1,153,24,9,16.23,-93.9,VERIFICACION DE UN DOMICILIO QUE SE ESTA INUNDANDO,ISTMO-COSTA,ARRIAGA,ARRIAGA
REUNIONES,MAYO 28. 2013,ACCIONES DE PREVENCION,29.343,64,8,20.087,83,8,17.51,-93.12,SESION EXTRAORDINARIA CONSEJO REGIONAL HURACAN BARBARA,NORTE,PICHUCALCO,CABECERA MUNICIPAL
TORMENTA TROPICAL,MAYO 28. 2013,HIDROMETEOROLOGICOS,29.346,5,1,147,18,10,15.25,-92.74,AFECTACIONES POR DESBORDAMIENTO DE RIO,SOCONUSCO,ACAPETAHUA,ACAPETAHUA
HURACAN CATEGORIA I,MAYO 28. 2013,HIDROMETEOROLOGICOS,29.348,7,1,20.036,32,2,16.67,-93.74,MONITOREO DEL URACAN BARBARA FACE 1,VALLES ZOQUE,CINTALAPA,CABECERA MUNICIPAL
TORMENTA TROPICAL,MAYO 28. 2013,HIDROMETEOROLOGICOS,29.349,5,1,20.097,93,5,16.75,-92.61,VERIFICACION DE RIOS. EN CORDINACION CON PERSONAL DE LA 31 ZONA MILITAR,ALTOS TSOTSIL-TSELTAL,SAN CRISTOBAL DE LAS CASAS,CABECERA MUNICIPAL
HURACAN CATEGORIA I,MAYO 29. 2013,HIDROMETEOROLOGICOS,29.352,7,1,20.028,24,9,16.24,-93.9,INFORME AFECTACIONES,ISTMO-COSTA,ARRIAGA,CABECERA MUNICIPAL
ACTAS DE CONSEJO MUNICIPAL ELABORACION,MAYO 28. 2013,ACCIONES DE PREVENCION,29.354,145,8,20.076,72,11,15.36,-92.25,SESION PERMANENTE DEL CONSEJO MUNICIPAL DE PROTECCION CIVIL POR HURACAN BARBARA CATEGORIA I.,SIERRA MARISCAL,MOTOZINTLA,CABECERA MUNICIPAL
HURACAN CATEGORIA I,MAYO 28. 2013,HIDROMETEOROLOGICOS,29.358,7,1,20.07,66,9,15.44,-92.9,DANOS POR PASO DEL HURACAN BARBARA,ISTMO-COSTA,MAPASTEPEC,CABECERA MUNICIPAL
HURACAN CATEGORIA I,MAYO 29. 2013,HIDROMETEOROLOGICOS,29.366,7,1,20.126,122,6,16.24,-93.25,VIVIENDAS ENCHARCADAS POR EL RIO LOS AMATES,FRAILESCA,VILLAFLORES,CABECERA MUNICIPAL
HURACAN,MAYO 29. 2013,HIDROMETEOROLOGICOS,29.397,6,1,4.56,24,9,16.1,-93.94,AFECTACIONES EJIDO PUNTA FLOR,ISTMO-COSTA,ARRIAGA,PUNTA FLOR
TORMENTA TROPICAL,MAYO 29. 2013,HIDROMETEOROLOGICOS,29.4,5,1,20.097,93,5,16.7,-92.63,ENCHARCAMIENTO EN FRACCIONAMIENTO,ALTOS TSOTSIL-TSELTAL,SAN CRISTOBAL DE LAS CASAS,CABECERA MUNICIPAL
ACTAS DE CONSEJO MUNICIPAL ELABORACION,MAYO 29. 2013,ACCIONES DE PREVENCION,29.409,145,8,20.089,85,11,15.46,-92.28,SESION ORDINARIA DEL CONSEJO MUNICIPAL DE PROTECCION CIVIL POR TEMPORADA DE LLUVIAS Y CT 2013 (DEPRESION TROPICAL BARBARA),SIERRA MARISCAL,EL PORVENIR,CABECERA MUNICIPAL
PRECIPITACION,MAYO 30. 2013,HIDROMETEOROLOGICOS,29.431,1,1,20.071,67,15,16.32,-91.99,ENCHARCAMIENTOS POR LLUVIAS FUERTES,MESETA COMITECA TOJOLABAL,LAS MARGARITAS,CABECERA MUNICIPAL
ACTAS DE CONSEJO MUNICIPAL ELABORACION,MAYO 30. 2013,ACCIONES DE PREVENCION,29.438,145,8,20.049,45,11,15.74,-92.28,SESION ORDINARIA DEL CONSEJO MUNICIPAL DE PROTECCION CIVIL POR TEMPORADA DE LLUVIAS Y CT 2013 (REMANENTES DE BARBARA),SIERRA MARISCAL,CHICOMUSELO,CABECERA MUNICIPAL
PRECIPITACION,MAYO 31. 2013,HIDROMETEOROLOGICOS,29.458,1,1,20.038,34,15,16.24,-92.14,VIVIENDA ENCHARCADA,MESETA COMITECA TOJOLABAL,COMITAN DE DOMINGUEZ,CABECERA MUNICIPAL
PRECIPITACION,JUNIO 1. 2013,HIDROMETEOROLOGICOS,29.47,1,1,20.038,34,15,16.26,-92.13,ENCHARCAMIENTOS DE VIVIENDAS,MESETA COMITECA TOJOLABAL,COMITAN DE DOMINGUEZ,CABECERA MUNICIPAL
AFECTACIONES POR LLUVIAS,JUNIO 2. 2013,HIDROMETEOROLOGICOS,29.502,80,1,20.11,106,7,17.26,-93.02,DESASTRES POR LLUVIAS,DE LOS BOSQUES,TAPILULA,CABECERA MUNICIPAL
ENCHARCAMIENTO,JUNIO 3. 2013,HIDROMETEOROLOGICOS,29.51,69,1,20.038,34,15,16.22,-92.14,ENCHARCAMIENTO,MESETA COMITECA TOJOLABAL,COMITAN DE DOMINGUEZ,CABECERA MUNICIPAL
ENCHARCAMIENTO,JUNIO 3. 2013,HIDROMETEOROLOGICOS,29.511,69,1,20.038,34,15,16.24,-92.14,ENCHARCAMIENTO,MESETA COMITECA TOJOLABAL,COMITAN DE DOMINGUEZ,CABECERA MUNICIPAL
PRECIPITACION,JUNIO 3. 2013,HIDROMETEOROLOGICOS,29.542,1,1,20.078,74,12,16.91,-92.09,ENCHARCAMIENTOS EN VIVIENDAS,SELVA LACANDONA,OCOSINGO,CABECERA MUNICIPAL
VERIFICACIONES,JUNIO 3. 2013,ACCIONES DE PREVENCION,29.543,52,8,2.46,63,8,17.51,-93.12,IDENTIFICACION DE ZONAS INUNDABLES Y NIVEL DEL RIO PICHUCALCO,NORTE,JUAREZ,SANTA CRUZ TEPATE ABAJO
PRECIPITACION,JUNIO 3. 2013,HIDROMETEOROLOGICOS,29.544,1,1,20.087,83,8,17.52,-93.12,ENCHARCAMIENTO POR LLUVIAS,NORTE,PICHUCALCO,CABECERA MUNICIPAL
PRECIPITACION,JUNIO 3. 2013,HIDROMETEOROLOGICOS,29.548,1,1,174,34,15,16.24,-92.13,ENCHARCAMIENTO,MESETA COMITECA TOJOLABAL,COMITAN DE DOMINGUEZ,COMITAN DE DOMINGUEZ
PRECIPITACION,JUNIO 4. 2013,HIDROMETEOROLOGICOS,29.557,1,1,20.094,90,15,16.36,-92.37,VIVIENDAS ENCHARCADAS,MESETA COMITECA TOJOLABAL,LAS ROSAS,CABECERA MUNICIPAL
VERIFICACIONES,JUNIO 4. 2013,ACCIONES DE PREVENCION,29.559,52,8,20.046,42,1,16.71,-93,APOYO A DESAHOGAR UN ENCHARCAMIENTO EN LA COL. EL HIGO,METROPOLITANA,CHIAPA DE CORZO,CABECERA MUNICIPAL
PRECIPITACION,JUNIO 4. 2013,HIDROMETEOROLOGICOS,29.583,1,1,14.586,67,15,16.41,-91.97,INUNDACIONES EN CULTIVOS,MESETA COMITECA TOJOLABAL,LAS MARGARITAS,MORELIA (ANEXO SAN ANTONIO BAWITZ)
DEPRESION TROPICAL,JUNIO 4. 2013,HIDROMETEOROLOGICOS,29.594,4,1,20.097,93,5,16.69,-92.61,SE COORDINA LA RECEPCION DE KITS DE LIMPIEZA,ALTOS TSOTSIL-TSELTAL,SAN CRISTOBAL DE LAS CASAS,CABECERA MUNICIPAL
PRECIPITACION,JUNIO 4. 2013,HIDROMETEOROLOGICOS,29.595,1,1,20.084,80,13,17.51,-91.99,LLUVIAS INTENSAS,MAYA,PALENQUE,CABECERA MUNICIPAL
PRECIPITACION,JUNIO 4. 2013,HIDROMETEOROLOGICOS,29.597,1,1,1.848,49,11,15.81,-91.95,VIVIENDAS ENCHARCADAS (COMUNIDAD QUESPALA),SIERRA MARISCAL,FRONTERA COMALAPA,JOAQUIN MIGUEL GUTIERREZ (QUESPALA)
ENCHARCAMIENTO,JUNIO 4. 2013,HIDROMETEOROLOGICOS,29.598,69,1,20.038,34,15,16.24,-92.14,ENCHARCAMIENTO,MESETA COMITECA TOJOLABAL,COMITAN DE DOMINGUEZ,CABECERA MUNICIPAL
ENCHARCAMIENTO,JUNIO 5. 2013,HIDROMETEOROLOGICOS,29.602,69,1,16.995,74,12,16.9,-92.09,VIVIENDAS ENCHARCADAS,SELVA LACANDONA,OCOSINGO,TOMAS MUNZER (NUEVA PATRIA)
DESLIZAMIENTO,JUNIO 5. 2013,GEOLOGICOS,29.619,22,3,227,93,5,16.74,-92.64,DESLIZAMIENTO Y VIVIENDAS ENCHARCADAS. ENTREGA DE AYUDA H.,ALTOS TSOTSIL-TSELTAL,SAN CRISTOBAL DE LAS CASAS,SAN CRISTOBAL DE LAS CASAS
PRECIPITACION,JUNIO 5. 2013,HIDROMETEOROLOGICOS,29.62,1,1,20.119,115,1,16.75,-93.11,LLUVIAS EN TUXTLA GTZ.,METROPOLITANA,TUXTLA GUTIERREZ,CABECERA MUNICIPAL
PRECIPITACION,JUNIO 5. 2013,HIDROMETEOROLOGICOS,29.622,1,1,20.046,42,1,16.71,-93.01,AFECTACIONES EN VIVIENDAS,METROPOLITANA,CHIAPA DE CORZO,CABECERA MUNICIPAL
PRECIPITACION,JUNIO 5. 2013,HIDROMETEOROLOGICOS,29.623,1,1,174,34,15,16.24,-92.11,AFECTACIONES POR LLUVIAS.,MESETA COMITECA TOJOLABAL,COMITAN DE DOMINGUEZ,COMITAN DE DOMINGUEZ
VERIFICACIONES,JUNIO 5. 2013,ACCIONES DE PREVENCION,29.624,52,8,20.032,28,7,16.99,-92.89,DESAZOLVE DEL RIO STO. DOMINGO,DE LOS BOSQUES,BOCHIL,CABECERA MUNICIPAL
ACTAS DE CONSEJO MUNICIPAL ELABORACION,JUNIO 5. 2013,ACCIONES DE PREVENCION,29.627,145,8,20.03,26,11,15.58,-92.24,SESION ORDINARIA DEL CONSEJO MUNICIPAL DE PROTECCION CIVIL POR TEMPORADA DE LLUVIAS Y CT 2013.,SIERRA MARISCAL,BELLA VISTA,CABECERA MUNICIPAL
PRECIPITACION,JUNIO 6. 2013,HIDROMETEOROLOGICOS,29.647,1,1,3.519,76,2,16.77,-93.42,REPORTE DE AFECTACCIONES POR LLUVIAS FUERTES.,VALLES ZOQUE,OCOZOCOAUTLA DE ESPINOSA,EL GAVILAN
PRECIPITACION,JUNIO 6. 2013,HIDROMETEOROLOGICOS,29.648,1,1,20.08,76,2,16.76,-93.39,ACCIONES EN MATERIA PREVENTIVA CONSTRUCCION DE UN MURO,VALLES ZOQUE,OCOZOCOAUTLA DE ESPINOSA,CABECERA MUNICIPAL
PRECIPITACION,JUNIO 6. 2013,HIDROMETEOROLOGICOS,29.654,1,1,20.071,67,15,16.31,-91.98,MONITOREO DEL MUNICIPIO LAS MARGARITAS,MESETA COMITECA TOJOLABAL,LAS MARGARITAS,CABECERA MUNICIPAL
ONDA TROPICAL,JUNIO 6. 2013,HIDROMETEOROLOGICOS,29.655,3,1,20.06,56,15,16.25,-92.02,MONITOREO A COMUNIDADES POR LAS LLUVIAS,MESETA COMITECA TOJOLABAL,LA INDEPENDENCIA,CABECERA MUNICIPAL
ACTAS DE CONSEJO MUNICIPAL ELABORACION,JUNIO 6. 2013,ACCIONES DE PREVENCION,29.667,145,8,20.055,51,11,15.51,-92.23,SESION ORDINARIA DEL CONSEJO MUNICIPAL DE PROTECCION CIVIL POR TEMPORADA DE LLUVIAS Y CT 2013.,SIERRA MARISCAL,LA GRANDEZA,CABECERA MUNICIPAL
PRECIPITACION,JUNIO 7. 2013,HIDROMETEOROLOGICOS,29.683,1,1,20.097,93,5,16.74,-92.64,ENCHARCAMIENTO EN VIVIENDAS,ALTOS TSOTSIL-TSELTAL,SAN CRISTOBAL DE LAS CASAS,CABECERA MUNICIPAL
ENTREGA DE AYUDA HUMANITARIA,JUNIO 10. 2013,ACCIONES DE PREVENCION,29.77,97,8,20.038,34,15,16.25,-92.13,ENTREGA DE AYUDA HUMANITARIA EN COORDINACION CON EL DIF REGIONAL MESETA COMITECA TOJOLABAL,MESETA COMITECA TOJOLABAL,COMITAN DE DOMINGUEZ,CABECERA MUNICIPAL
PRECIPITACION,JUNIO 10. 2013,HIDROMETEOROLOGICOS,29.776,1,1,20.097,93,5,16.73,-92.66,VERIFICACION DE ESCUELA PRIMARIA POR ENCHARCAMIENTO,ALTOS TSOTSIL-TSELTAL,SAN CRISTOBAL DE LAS CASAS,CABECERA MUNICIPAL
VERIFICACIONES,JUNIO 10. 2013,ACCIONES DE PREVENCION,29.843,52,8,20.076,72,11,15.35,-92.26,RECORRIDO EN B. TEJERIA CON COMITE DE PREVENCION Y PARTICIPACION CIUDADANA. PARA IDENTIFICAR ZONAS DE RIESGO.,SIERRA MARISCAL,MOTOZINTLA,CABECERA MUNICIPAL
VERIFICACIONES,JUNIO 10. 2013,ACCIONES DE PREVENCION,29.845,52,8,20.076,72,11,15.37,-92.27,RECORRIDO EN B. LOS LAURELES CON COMITE PREVENTIVO Y PARTICIPACION CIUDADANA PARA IDENTIFICAR ZONAS DE RIESGO.,SIERRA MARISCAL,MOTOZINTLA,CABECERA MUNICIPAL
VERIFICACIONES,JUNIO 15. 2013,ACCIONES DE PREVENCION,29.908,52,8,20.087,83,8,17.51,-93.12,SOBREVUELO PARA IDENTIFICAR ZONAS VULNERABLES RIO PICHUCALCO,NORTE,PICHUCALCO,CABECERA MUNICIPAL
DEPRESION TROPICAL,JUNIO 16. 2013,HIDROMETEOROLOGICOS,29.945,4,1,20.119,115,1,16.73,-93.17,TORMENTA TROPICAL BARRY.,METROPOLITANA,TUXTLA GUTIERREZ,CABECERA MUNICIPAL
PRECIPITACION,JUNIO 17. 2013,HIDROMETEOROLOGICOS,29.994,1,1,20.071,67,15,16.32,-91.98,ENCHARCAMIENTOS POR LLUVIAS FUERTES,MESETA COMITECA TOJOLABAL,LAS MARGARITAS,CABECERA MUNICIPAL
PRECIPITACION,JUNIO 17. 2013,HIDROMETEOROLOGICOS,29.996,1,1,417,31,13,17.72,-92.01,MONITOREO RIO CHICO,MAYA,CATAZAJA,BOCA DEL RIO CHICO
PRECIPITACION,JUNIO 19. 2013,HIDROMETEOROLOGICOS,30.063,1,1,20.097,93,5,16.74,-92.64,LLUVIAS Y ENCHARCAMIENTOS,ALTOS TSOTSIL-TSELTAL,SAN CRISTOBAL DE LAS CASAS,CABECERA MUNICIPAL
ASESORIA DE PROGRAMAS INSTITUCIONALES,JUNIO 24. 2013,ACCIONES DE PREVENCION,30.205,166,8,212,76,2,16.76,-93.34,ASESORAMIENTO PLAN ESPECIFICO DE PROTECCION CIVIL PARA LA TEMPORADA DE LLUVIAS Y CICLONES TROPICALES 2013 EN LA ESCUELA DE PROTECCION CIVIL,VALLES ZOQUE,OCOZOCOAUTLA DE ESPINOSA,OCOZOCOAUTLA DE ESPINOSA
VERIFICACIONES,JUNIO 25. 2013,ACCIONES DE PREVENCION,30.245,52,8,20.046,42,1,16.75,-93.05,SERVICIO DE AGUA EN PIPA PARA LA PERSONA QUE LE AFECTO LA INUNDACION POR LA LLUVIA,METROPOLITANA,CHIAPA DE CORZO,CABECERA MUNICIPAL
PRECIPITACION,JUNIO 25. 2013,HIDROMETEOROLOGICOS,30.25,1,1,251,115,1,16.75,-93.11,LLUVIAS EN TUXTLA,METROPOLITANA,TUXTLA GUTIERREZ,TUXTLA GUTIERREZ
VERIFICACIONES,JUNIO 30. 2013,ACCIONES DE PREVENCION,30.382,52,8,20.046,42,1,16.72,-93.02,APOYO EN LA LIMPIA DE LOS SALONES Y CANCHA DE LA ESCUELA DE EDUCACION ESPECIAL.,METROPOLITANA,CHIAPA DE CORZO,CABECERA MUNICIPAL
PRECIPITACION,JUNIO 30. 2013,HIDROMETEOROLOGICOS,30.401,1,1,166,42,1,16.72,-92.99,VIVIENDAS INUNDADAS EN COLONIA SALVADOR URBINA.,METROPOLITANA,CHIAPA DE CORZO,CHIAPA DE CORZO
REUNIONES,JULIO 1. 2013,ACCIONES DE PREVENCION,30.438,64,8,20.024,20,8,17.37,-92.82,REUNION DE TRABAJO UMPC AMATAN,NORTE,AMATAN,CABECERA MUNICIPAL
PRECIPITACION,JULIO 2. 2013,HIDROMETEOROLOGICOS,30.447,1,1,189,23,6,15.87,-92.72,INUNDACION,FRAILESCA,ANGEL ALBINO CORZO,JALTENANGO DE LA PAZ (ANGEL ALBINO CORZO)
PRECIPITACION,JULIO 2. 2013,HIDROMETEOROLOGICOS,30.458,1,1,20.047,43,4,16.57,-92.72,AFECTACIONES EN VIVIENDAS INUNDADAS EN EL MUNICIPIO DE CHIAPILLA,DE LOS LLANOS,CHIAPILLA,CABECERA MUNICIPAL
PRECIPITACION,JULIO 3. 2013,HIDROMETEOROLOGICOS,30.472,1,1,20.093,89,8,17.86,-93.14,SE ENCHARCAN COLONIAS DE REFORMA,NORTE,REFORMA,CABECERA MUNICIPAL
PRECIPITACION,JULIO 3. 2013,HIDROMETEOROLOGICOS,30.495,1,1,1.678,90,15,16.37,-92.38,ENCHARCAMIENTOS DE VIVIENDAS,MESETA COMITECA TOJOLABAL,LAS ROSAS,IXTAPILLA
TORMENTA TROPICAL,JULIO 3. 2013,HIDROMETEOROLOGICOS,30.521,5,1,9.821,74,12,16.91,-92.07,INNUNDACION DE DOMICILIO,SELVA LACANDONA,OCOSINGO,LA REFORMA
PRECIPITACION,JULIO 2. 2013,HIDROMETEOROLOGICOS,30.54,1,1,20.084,80,13,17.51,-91.97,VIVIENDAS INUNDADAS,MAYA,PALENQUE,CABECERA MUNICIPAL
VERIFICACIONES,JULIO 4. 2013,ACCIONES DE PREVENCION,30.546,52,8,334,42,1,16.72,-93.01,DESAZOLVE EN LA COL. AMERICA LIBRE Y EJIDO NARCISO MENDOZA,METROPOLITANA,CHIAPA DE CORZO,AMERICA LIBRE
AFECTACIONES POR LLUVIAS,JULIO 4. 2013,HIDROMETEOROLOGICOS,30.549,80,1,20.11,106,7,17.24,-93.02,CUNETAS TAPADAS,DE LOS BOSQUES,TAPILULA,CABECERA MUNICIPAL
PRECIPITACION,JULIO 6. 2013,HIDROMETEOROLOGICOS,30.592,1,1,18.356,76,2,16.77,-93.39,AFECTACIONES POR FUERTES LLUVIAS.,VALLES ZOQUE,OCOZOCOAUTLA DE ESPINOSA,GUADALUPE VICTORIA
PRECIPITACION,JULIO 12. 2013,HIDROMETEOROLOGICOS,30.74,1,1,251,115,1,16.75,-93.11,LLUVIAS EN TGZ,METROPOLITANA,TUXTLA GUTIERREZ,TUXTLA GUTIERREZ
VERIFICACIONES,JULIO 12. 2013,ACCIONES DE PREVENCION,30.745,52,8,20.097,93,5,16.74,-92.66,REPORTE DE LLUVIAS,ALTOS TSOTSIL-TSELTAL,SAN CRISTOBAL DE LAS CASAS,CABECERA MUNICIPAL
PRECIPITACION,JULIO 13. 2013,HIDROMETEOROLOGICOS,30.756,1,1,251,115,1,16.75,-93.11,LLUVIAS EN TUXTLA GTZ.,METROPOLITANA,TUXTLA GUTIERREZ,TUXTLA GUTIERREZ
ENCHARCAMIENTO,JULIO 14. 2013,HIDROMETEOROLOGICOS,30.81,69,1,20.038,34,15,16.24,-92.12,ENCHARCAMIENTOS EN DIFERENTES PUNTOS DE LA CIUDAD,MESETA COMITECA TOJOLABAL,COMITAN DE DOMINGUEZ,CABECERA MUNICIPAL
PRECIPITACION,JULIO 19. 2013,HIDROMETEOROLOGICOS,30.949,1,1,20.105,101,1,16.62,-93.1,LLUVIAS FUERTES EN CABECERA MUNISIPAL,METROPOLITANA,SUCHIAPA,CABECERA MUNICIPAL
PRECIPITACION,JULIO 19. 2013,HIDROMETEOROLOGICOS,30.953,1,1,11.131,72,11,15.37,-92.25,ENCHARCAMIENTO DE VIVIENDA.,SIERRA MARISCAL,MOTOZINTLA,LOS PINOS
HUNDIMIENTO,JULIO 21. 2013,GEOLOGICOS,30.989,47,3,7.33,90,15,16.36,-92.38,TRABAJOS EN UN RIO TEMPORAL,MESETA COMITECA TOJOLABAL,LAS ROSAS,LAS ROSAS
VERIFICACIONES,JULIO 23. 2013,ACCIONES DE PREVENCION,31.143,52,8,166,42,1,16.72,-93,INUNDACION DE UNA CASA POR TUBERIA DE AGUA ROTA EN RIBERA LAS FLECHAS,METROPOLITANA,CHIAPA DE CORZO,CHIAPA DE CORZO
VERIFICACIONES,JULIO 23. 2013,ACCIONES DE PREVENCION,31.179,52,8,257,121,6,16.18,-93.27,DESASOLVE DE UNA CUNETA EN LA CABEZARA MINUCIPAL DE VILLACORZO.,FRAILESCA,VILLA CORZO,VILLA CORZO
PRECIPITACION,JULIO 27. 2013,HIDROMETEOROLOGICOS,31.289,1,1,20.097,93,5,16.73,-92.64,ENCHARCAMIENTO,ALTOS TSOTSIL-TSELTAL,SAN CRISTOBAL DE LAS CASAS,CABECERA MUNICIPAL
VERIFICACIONES,JULIO 29. 2013,ACCIONES DE PREVENCION,31.372,52,8,1.136,23,6,15.67,-92.58,VERIFICACION DEL TRAMO DONDE REALIZARAN. UN MURO DE CONTENSION,FRAILESCA,ANGEL ALBINO CORZO,NUEVA INDEPENDENCIA
VERIFICACIONES,AGOSTO 5. 2013,ACCIONES DE PREVENCION,31.588,52,8,7.33,90,15,16.36,-92.38,VERIFICACION,MESETA COMITECA TOJOLABAL,LAS ROSAS,LAS ROSAS
BOLETINES,AGOSTO 8. 2013,ACCIONES DE PREVENCION,31.722,62,8,20.038,34,15,16.24,-92.14,LIMPIA DE COLADERAS,MESETA COMITECA TOJOLABAL,COMITAN DE DOMINGUEZ,CABECERA MUNICIPAL
CAPACITACIONES,AGOSTO 7. 2013,ACCIONES DE PREVENCION,31.726,56,8,5.114,30,10,15,-92.17,PLATICAS A MIEMBROS DEL COMITE DE BARRIO,SOCONUSCO,CACAHOATAN,CACAHOATAN
PRECIPITACION,AGOSTO 9. 2013,HIDROMETEOROLOGICOS,31.76,1,1,20.119,115,1,16.76,-93.12,LLUVIAS EN TUXTLA GTZ.,METROPOLITANA,TUXTLA GUTIERREZ,CABECERA MUNICIPAL
PRECIPITACION,AGOSTO 14. 2013,HIDROMETEOROLOGICOS,31.948,1,1,20.09,86,10,15.21,-92.58,AFECTACIONES POR FUERTES LLUVIAS.,SOCONUSCO,VILLA COMALTITLAN,CABECERA MUNICIPAL
PRECIPITACION,AGOSTO 13. 2013,HIDROMETEOROLOGICOS,31.949,1,1,20.087,83,8,17.51,-93.12,AFECTACIONES POR LLUVIA,NORTE,PICHUCALCO,CABECERA MUNICIPAL
AFECTACIONES POR LLUVIAS,AGOSTO 14. 2013,HIDROMETEOROLOGICOS,31.964,80,1,5.114,30,10,14.99,-92.16,APOYO POR INUNDACION ACASA,SOCONUSCO,CACAHOATAN,CACAHOATAN
TORMENTA TROPICAL,AGOSTO 15. 2013,HIDROMETEOROLOGICOS,31.971,5,1,2.041,117,10,15.11,-92.45,VERIFICACION Y COMITE DE EVALUACION,SOCONUSCO,TUZANTAN,PRIMER CANTON
VERIFICACIONES,AGOSTO 15. 2013,ACCIONES DE PREVENCION,31.981,52,8,5.114,30,10,14.99,-92.17,VERIFICACION A RIO,SOCONUSCO,CACAHOATAN,CACAHOATAN
PRECIPITACION,AGOSTO 16. 2013,HIDROMETEOROLOGICOS,31.998,1,1,20.087,83,8,17.52,-93.12,ENCHARCAMIENTO DE CALLES,NORTE,PICHUCALCO,CABECERA MUNICIPAL
AFECTACIONES POR LLUVIAS,AGOSTO 15. 2013,HIDROMETEOROLOGICOS,32.013,80,1,8.301,67,15,16.34,-91.95,LIMPIEZA DE CUNETAS,MESETA COMITECA TOJOLABAL,LAS MARGARITAS,RANCHERIA EL ENCANTO
PRECIPITACION,AGOSTO 15. 2013,HIDROMETEOROLOGICOS,32.015,1,1,20.071,67,15,16.3,-91.98,DESBORDAMIENTO DE CANAL,MESETA COMITECA TOJOLABAL,LAS MARGARITAS,CABECERA MUNICIPAL
PRECIPITACION,AGOSTO 15. 2013,HIDROMETEOROLOGICOS,32.017,1,1,5.137,67,15,16.27,-91.69,INUNDACION DE CULTIVOS DE CAFE,MESETA COMITECA TOJOLABAL,LAS MARGARITAS,SAN ANTONIO LOS MONTES
ENCHARCAMIENTO,AGOSTO 17. 2013,HIDROMETEOROLOGICOS,32.029,69,1,174,34,15,16.26,-92.14,ENCHARCAMIENTO,MESETA COMITECA TOJOLABAL,COMITAN DE DOMINGUEZ,COMITAN DE DOMINGUEZ
PRECIPITACION,AGOSTO 18. 2013,HIDROMETEOROLOGICOS,32.066,1,1,20.071,67,15,16.32,-91.98,ENCHARCAMIENTO POR LLUVIAS,MESETA COMITECA TOJOLABAL,LAS MARGARITAS,CABECERA MUNICIPAL
PRECIPITACION,AGOSTO 21. 2013,HIDROMETEOROLOGICOS,32.188,1,1,20.103,99,8,17.43,-93.03,ENCHARCAMIENTO DE VIVIENDAS,NORTE,SOLOSUCHIAPA,CABECERA MUNICIPAL
PRECIPITACION,AGOSTO 22. 2013,HIDROMETEOROLOGICOS,32.241,1,1,20.071,67,15,16.32,-91.99,ENCHARCAMIENTO EN SANTA CECILIA,MESETA COMITECA TOJOLABAL,LAS MARGARITAS,CABECERA MUNICIPAL
PRECIPITACION,AGOSTO 22. 2013,HIDROMETEOROLOGICOS,32.247,1,1,20.071,67,15,16.32,-91.98,ENCHARCAMIENTO EN LOS POSITOS,MESETA COMITECA TOJOLABAL,LAS MARGARITAS,CABECERA MUNICIPAL
PRECIPITACION,AGOSTO 23. 2013,HIDROMETEOROLOGICOS,32.258,1,1,240,104,10,14.91,-92.28,AFECTACIONES ENCHARCAMIENTOS EN VIVIENDAS,SOCONUSCO,TAPACHULA,TAPACHULA DE CORDOVA Y ORDONEZ
ONDA TROPICAL,AGOSTO 25. 2013,HIDROMETEOROLOGICOS,32.297,3,1,11.418,56,15,16.25,-92.03,POSIBLE ENCHARCAMIENTO,MESETA COMITECA TOJOLABAL,LA INDEPENDENCIA,SANTA RITA EL VERGEL
TORMENTA TROPICAL,AGOSTO 25. 2013,HIDROMETEOROLOGICOS,32.309,5,1,20.087,83,8,17.51,-93.12,IDENTIFICACION DE RIESGOS - RIO PICHUCALCO,NORTE,PICHUCALCO,CABECERA MUNICIPAL
ASESORIA DE UNIDADES INTERNAS,AGOSTO 25. 2013,ACCIONES DE PREVENCION,32.322,165,8,14.881,76,2,16.77,-93.34,ASESORIA DE UNIDADES INTERNAS DE PROTECCION CIVIL,VALLES ZOQUE,OCOZOCOAUTLA DE ESPINOSA,LLANO SAN JUAN
ONDA TROPICAL,AGOSTO 31. 2013,HIDROMETEOROLOGICOS,32.461,3,1,1.542,56,15,16.25,-92.02,ENCHARCAMIENTO EN VIVIENDAS POR LLUVIAS INTENSAS,MESETA COMITECA TOJOLABAL,LA INDEPENDENCIA,FRANCISCO SARABIA
ENCHARCAMIENTO,AGOSTO 31. 2013,HIDROMETEOROLOGICOS,32.492,69,1,7.33,90,15,16.36,-92.37,ENCHARCAMIENTO EN CASAS,MESETA COMITECA TOJOLABAL,LAS ROSAS,LAS ROSAS
ONDA TROPICAL,SEPTIEMBRE 2. 2013,HIDROMETEOROLOGICOS,32.536,3,1,11.418,56,15,16.25,-92.02,MONITOREO ALA COMUNIDAD DE SANTA RRITA EL VERJEL POR POSIBLE ENCHARCAMIENTO,MESETA COMITECA TOJOLABAL,LA INDEPENDENCIA,SANTA RITA EL VERGEL
REUNIONES,SEPTIEMBRE 2. 2013,ACCIONES DE PREVENCION,32.555,64,8,20.093,89,8,17.86,-93.16,INTEGRACION DEL COMITE DE PREVENCION DE LA COLONIA LA UNION REFORMA. CHIAPAS,NORTE,REFORMA,CABECERA MUNICIPAL
AFECTACIONES POR LLUVIAS,SEPTIEMBRE 2. 2013,HIDROMETEOROLOGICOS,32.559,80,1,16.371,113,15,16.12,-92.04,AFECTACIONES POR LLUVIAS.,MESETA COMITECA TOJOLABAL,LA TRINITARIA,LA TRINIDAD
VERIFICACIONES,SEPTIEMBRE 2. 2013,ACCIONES DE PREVENCION,32.562,52,8,20.1,96,7,17.14,-92.72,VERIFICACION DE OBRA DE MITIGACION DE RIESGO,DE LOS BOSQUES,SIMOJOVEL,CABECERA MUNICIPAL
BAJA PRESION,SEPTIEMBRE 2. 2013,HIDROMETEOROLOGICOS,32.563,2,1,20.119,115,1,16.75,-93.11,LLUVIAS EN TGZ.,METROPOLITANA,TUXTLA GUTIERREZ,CABECERA MUNICIPAL
AFECTACIONES POR LLUVIAS,SEPTIEMBRE 2. 2013,HIDROMETEOROLOGICOS,32.566,80,1,1.63,101,1,16.63,-93.11,AFECTACIONES POR LLUVIAS.,METROPOLITANA,SUCHIAPA,PACU
AFECTACIONES POR LLUVIAS,SEPTIEMBRE 4. 2013,HIDROMETEOROLOGICOS,32.634,80,1,210,74,12,16.92,-92.1,AFECTACIONES POR LLUVIAS.,SELVA LACANDONA,OCOSINGO,OCOSINGO
ENCHARCAMIENTO,SEPTIEMBRE 4. 2013,HIDROMETEOROLOGICOS,32.64,69,1,174,34,15,16.24,-92.14,ENCHARCAMIENTO,MESETA COMITECA TOJOLABAL,COMITAN DE DOMINGUEZ,COMITAN DE DOMINGUEZ
PRECIPITACION,SEPTIEMBRE 4. 2013,HIDROMETEOROLOGICOS,32.644,1,1,20.067,63,8,17.61,-93.19,ENCHARCAMIENTOS A VIVIENDAS,NORTE,JUAREZ,CABECERA MUNICIPAL
AFECTACIONES POR LLUVIAS,SEPTIEMBRE 5. 2013,HIDROMETEOROLOGICOS,32.66,80,1,160,31,13,17.72,-92.01,MONITOREO DE RIOS EN CATAZAJA,MAYA,CATAZAJA,CATAZAJA
BAJA PRESION,SEPTIEMBRE 4. 2013,HIDROMETEOROLOGICOS,32.664,2,1,20.046,42,1,16.71,-93.01,AFECTACIONES POR LLUVIAS,METROPOLITANA,CHIAPA DE CORZO,CABECERA MUNICIPAL
REUNIONES,SEPTIEMBRE 6. 2013,ACCIONES DE PREVENCION,32.728,64,8,1.26,63,8,17.61,-93.2,TRABAJOS EMERGENTES DE REDUCCION DE RIESGOS SOBRE EL RIO PICHUCALCO,NORTE,JUAREZ,LAS MIRANDAS
ONDA TROPICAL,SEPTIEMBRE 4. 2013,HIDROMETEOROLOGICOS,32.729,3,1,20.064,60,8,17.51,-93,DESBORDAMIENTO DE ARROLLO Y ENCHARCAMIENTOS EN CALLES,NORTE,IXTAPANGAJOYA,CABECERA MUNICIPAL
PRECIPITACION,SEPTIEMBRE 7. 2013,HIDROMETEOROLOGICOS,32.77,1,1,20.097,93,5,16.69,-92.59,APOYO A PERSONAS POR ENCHARCAMIENTOS,ALTOS TSOTSIL-TSELTAL,SAN CRISTOBAL DE LAS CASAS,CABECERA MUNICIPAL
PRECIPITACION,SEPTIEMBRE 7. 2013,HIDROMETEOROLOGICOS,32.771,1,1,20.095,91,14,17.33,-92.63,ENCHARCAMIENTO EN CALLES.,TULIJA TSELTAL-CHOL,SABANILLA,CABECERA MUNICIPAL
PRECIPITACION,SEPTIEMBRE 8. 2013,HIDROMETEOROLOGICOS,32.772,1,1,12.131,27,1,16.81,-93.28,ENCHARCAMIENTO EN VIVIENDAS. EN VERIFICACION,METROPOLITANA,BERRIOZABAL,SAN JOSE LA FLOR
ONDA TROPICAL,SEPTIEMBRE 8. 2013,HIDROMETEOROLOGICOS,32.777,3,1,20.145,20.141,6,16.37,-93.01,ENCHARCAMIENTO EN VIVIENDAS POR DESVORDAMIENTO DEL ARROYO,FRAILESCA,EL PARRAL,CABECERA MUNICIPAL
TORMENTA TROPICAL,SEPTIEMBRE 8. 2013,HIDROMETEOROLOGICOS,32.814,5,1,20.097,93,5,16.73,-92.64,ENCHARCAMIENTO A NIVEL BANQUETA POR BASURA EN DRENES,ALTOS TSOTSIL-TSELTAL,SAN CRISTOBAL DE LAS CASAS,CABECERA MUNICIPAL
PRECIPITACION,SEPTIEMBRE 9. 2013,HIDROMETEOROLOGICOS,32.825,1,1,20.1,96,7,17.14,-92.71,AFECTACIONES POR LLUVIAS,DE LOS BOSQUES,SIMOJOVEL,CABECERA MUNICIPAL
AFECTACIONES POR LLUVIAS,SEPTIEMBRE 9. 2013,HIDROMETEOROLOGICOS,32.842,80,1,178,47,10,15.32,-92.62,LUVIAS FUERTES EN ESCUINTLA.,SOCONUSCO,ESCUINTLA,ESCUINTLA
ONDA TROPICAL,SEPTIEMBRE 10. 2013,HIDROMETEOROLOGICOS,32.881,3,1,20.119,115,1,16.73,-93.17,DEPRESION TROPICAL DEL GOLFO DE MEXICO,METROPOLITANA,TUXTLA GUTIERREZ,CABECERA MUNICIPAL
HUNDIMIENTO,SEPTIEMBRE 10. 2013,GEOLOGICOS,32.891,47,3,20.032,28,7,17.02,-92.91,DESBORDAMIENTO DEL RIO SANTO DOMINGO,DE LOS BOSQUES,BOCHIL,CABECERA MUNICIPAL
PRECIPITACION,SEPTIEMBRE 10. 2013,HIDROMETEOROLOGICOS,32.894,1,1,20.071,67,15,16.31,-91.98,ENCHARCAMIENTOS POR LLUVIAS,MESETA COMITECA TOJOLABAL,LAS MARGARITAS,CABECERA MUNICIPAL
PRECIPITACION,SEPTIEMBRE 10. 2013,HIDROMETEOROLOGICOS,32.895,1,1,251,115,1,16.75,-93.11,MONITOREO POR LLUVIAS EN TUXTLA GUTIERREZ,METROPOLITANA,TUXTLA GUTIERREZ,TUXTLA GUTIERREZ
PRECIPITACION,SEPTIEMBRE 10. 2013,HIDROMETEOROLOGICOS,32.896,1,1,20.071,67,15,16.3,-91.97,VIVIENDAS ENCHARCADAS POR LLUVIAS FUERTES,MESETA COMITECA TOJOLABAL,LAS MARGARITAS,CABECERA MUNICIPAL
PRECIPITACION,SEPTIEMBRE 10. 2013,HIDROMETEOROLOGICOS,32.899,1,1,20.035,31,13,17.72,-92.01,AFECTACIONES POR LLUVIAS,MAYA,CATAZAJA,CABECERA MUNICIPAL
PRECIPITACION,SEPTIEMBRE 10. 2013,HIDROMETEOROLOGICOS,32.902,1,1,166,42,1,16.74,-93.05,CASA INUNDADA EN LA COL. PLAN CHIAPAS,METROPOLITANA,CHIAPA DE CORZO,CHIAPA DE CORZO
PRECIPITACION,SEPTIEMBRE 10. 2013,HIDROMETEOROLOGICOS,32.903,1,1,20.032,28,7,17,-92.89,LLUVIAS INTENSAS EN BOCHIL,DE LOS BOSQUES,BOCHIL,CABECERA MUNICIPAL
PRECIPITACION,SEPTIEMBRE 10. 2013,HIDROMETEOROLOGICOS,32.907,1,1,20.103,99,8,17.43,-93.03,TROMBA EN MPIO SOLOSUCHIAPA,NORTE,SOLOSUCHIAPA,CABECERA MUNICIPAL
AFECTACIONES POR LLUVIAS,SEPTIEMBRE 11. 2013,HIDROMETEOROLOGICOS,32.925,80,1,777,33,3,17.13,-93.16,POR CONFIRMAR DERRUMBE EN LA COL. VICENTE GUERRERO,MEZCALAPA,COAPILLA,VICENTE GUERRERO
DEPRESION TROPICAL,SEPTIEMBRE 11. 2013,HIDROMETEOROLOGICOS,32.956,4,1,153,24,9,16.24,-93.9,ACTIVACION REFUGIOS TEMPORALES DEPRESION TROPICAL #10,ISTMO-COSTA,ARRIAGA,ARRIAGA
TORMENTA TROPICAL,SEPTIEMBRE 11. 2013,HIDROMETEOROLOGICOS,32.957,5,1,166,42,1,16.71,-93.01,ENCHARCAMIENTO DE UNA VIVIENDA EN COL. RUIZ FERRO,METROPOLITANA,CHIAPA DE CORZO,CHIAPA DE CORZO
VERIFICACIONES,SEPTIEMBRE 11. 2013,ACCIONES DE PREVENCION,32.959,52,8,20.071,67,15,16.3,-91.98,LIMPIEZA DE CANALES,MESETA COMITECA TOJOLABAL,LAS MARGARITAS,CABECERA MUNICIPAL
DEPRESION TROPICAL,SEPTIEMBRE 13. 2013,HIDROMETEOROLOGICOS,33.061,4,1,20.073,69,10,14.87,-92.45,ENCHARCAMIENTO DE CANTONES EN VILLA MAZATAN,SOCONUSCO,MAZATAN,CABECERA MUNICIPAL
PRECIPITACION,SEPTIEMBRE 14. 2013,HIDROMETEOROLOGICOS,33.093,1,1,20.035,31,13,17.74,-92.02,AFECTACION POR LLUVIAS,MAYA,CATAZAJA,CABECERA MUNICIPAL
PRECIPITACION,SEPTIEMBRE 17. 2013,HIDROMETEOROLOGICOS,33.245,1,1,20.103,99,8,17.42,-93.03,RECORRIDO DE ZONAS DE RIEGOS,NORTE,SOLOSUCHIAPA,CABECERA MUNICIPAL
PRECIPITACION,SEPTIEMBRE 18. 2013,HIDROMETEOROLOGICOS,33.254,1,1,18.617,76,2,16.75,-93.36,ENCHARCAMIENTOS DE VIVIENDAS,VALLES ZOQUE,OCOZOCOAUTLA DE ESPINOSA,SAN ANDRES
REUNIONES,SEPTIEMBRE 18. 2013,ACCIONES DE PREVENCION,33.297,64,8,489,31,13,17.85,-92,SESION DEL CONSEJO ESTATAL DE PROTECCION CIVIL,MAYA,CATAZAJA,CUYO (ALVARO OBREGON)
PRECIPITACION,SEPTIEMBRE 19. 2013,HIDROMETEOROLOGICOS,33.328,1,1,13.202,113,15,16.12,-92.02,VERIFICACION DE VIVIENDAS,MESETA COMITECA TOJOLABAL,LA TRINITARIA,AS DE ORO (NUEVO LLANO GRANDE)
PRECIPITACION,SEPTIEMBRE 18. 2013,HIDROMETEOROLOGICOS,33.343,1,1,20.088,84,9,15.68,-93.21,EJIDO CENICERO Y EJIDO TOPON EN PIJIJIAPAN,ISTMO-COSTA,PIJIJIAPAN,CABECERA MUNICIPAL
PRECIPITACION,SEPTIEMBRE 19. 2013,HIDROMETEOROLOGICOS,33.361,1,1,5.391,82,7,17.22,-93.05,ENCHARCAMIENTO DE VIVIENDAS,DE LOS BOSQUES,PANTEPEC,NUEVO BUENAVISTA CARACOL
PRECIPITACION,SEPTIEMBRE 22. 2013,HIDROMETEOROLOGICOS,33.426,1,1,3.991,67,15,16.5,-92.04,INUNDACION DE VIVIENDAS,MESETA COMITECA TOJOLABAL,LAS MARGARITAS,NUEVO MEXICO
HURACAN,SEPTIEMBRE 22. 2013,HIDROMETEOROLOGICOS,33.432,6,1,20.078,74,12,16.91,-92.1,ENCHARCAMIENTO E INUNDACIONES EN BARRIOS DEL MUNICIPIO,SELVA LACANDONA,OCOSINGO,CABECERA MUNICIPAL
PRECIPITACION,SEPTIEMBRE 23. 2013,HIDROMETEOROLOGICOS,33.48,1,1,3.991,67,15,16.32,-91.99,VERIFICACION DE VIVIENDAS AFECTADAS POR INUNDACION,MESETA COMITECA TOJOLABAL,LAS MARGARITAS,NUEVO MEXICO
PRECIPITACION,SEPTIEMBRE 23. 2013,HIDROMETEOROLOGICOS,33.484,1,1,7.335,67,15,16.38,-91.95,INUNDACION A CULTIVOS DE MAIZ,MESETA COMITECA TOJOLABAL,LAS MARGARITAS,SAN ANTONIO BAWITZ
AFECTACIONES POR LLUVIAS,SEPTIEMBRE 24. 2013,HIDROMETEOROLOGICOS,33.507,80,1,1.606,111,9,16.01,-93.82,VERIFICACION DE RIITO DE AGUAS NEGRAS.,ISTMO-COSTA,TONALA,HUACHIPILIN CALENTURA (LA RAMADITA)
AFECTACIONES POR LLUVIAS,SEPTIEMBRE 24. 2013,HIDROMETEOROLOGICOS,33.508,80,1,3.597,92,14,17.55,-92.33,AFECTACIONES POR INUNDACION FLUVIAL,TULIJA TSELTAL-CHOL,SALTO DE AGUA,EL PROGRESO
TORMENTA TROPICAL,SEPTIEMBRE 23. 2013,HIDROMETEOROLOGICOS,33.513,5,1,3.991,67,15,16.54,-92.08,INUNDACION DE LA COMUNIDAD NUEVO MEXICO.MUNICIPIO DE LAS MARGARITAS CHIAPAS. DEBIDO A QUE SE ASOLVO UN SUMIDERO NATURAL,MESETA COMITECA TOJOLABAL,LAS MARGARITAS,NUEVO MEXICO
PRECIPITACION,SEPTIEMBRE 25. 2013,HIDROMETEOROLOGICOS,33.562,1,1,3.991,67,15,16.54,-92.08,TRABAJOS DE DESAZOLVE POR INUNDACION EN EJIDO NUEVO MEXICO,MESETA COMITECA TOJOLABAL,LAS MARGARITAS,NUEVO MEXICO
BAJA PRESION,SEPTIEMBRE 27. 2013,HIDROMETEOROLOGICOS,33.652,2,1,15.884,104,10,14.89,-92.28,AFECTACIONES POR LLUVIA EN TAPACHULA,SOCONUSCO,TAPACHULA,GUADALUPE PALMERAS
AFECTACIONES POR LLUVIAS,SEPTIEMBRE 29. 2013,HIDROMETEOROLOGICOS,33.72,80,1,5.114,30,10,14.9,-92.26,APOYO A PERSONAS DAMNIFICADAS,SOCONUSCO,CACAHOATAN,CACAHOATAN
BAJA PRESION,OCTUBRE 2. 2013,HIDROMETEOROLOGICOS,33.776,2,1,20.119,115,1,16.75,-93.11,SEGUIMIENTO A TORMENTA TROPICAL KAREN,METROPOLITANA,TUXTLA GUTIERREZ,CABECERA MUNICIPAL
PRECIPITACION,OCTUBRE 4. 2013,HIDROMETEOROLOGICOS,33.852,1,1,20.119,115,1,16.74,-93.1,TGZ LLUVIAS FUERTES,METROPOLITANA,TUXTLA GUTIERREZ,CABECERA MUNICIPAL
PRECIPITACION,OCTUBRE 5. 2013,HIDROMETEOROLOGICOS,33.869,1,1,4.32,29,7,17.06,-92.73,PRELIMINAR: AFECTACIONES A VIVIENDAS POR ENCHARCAMIENTOS,DE LOS BOSQUES,EL BOSQUE,TIERRA CALIENTE
FRENTE FRIO,OCTUBRE 5. 2013,HIDROMETEOROLOGICOS,33.879,61,1,20.087,83,8,17.51,-93.12,PRELIMINAR: AFECTACIONES A COMERCIOS Y VIVIENDAS FF-04,NORTE,PICHUCALCO,CABECERA MUNICIPAL
FRENTE FRIO,OCTUBRE 5. 2013,HIDROMETEOROLOGICOS,33.88,61,1,20.119,115,1,17.51,-93.12,FRENTE FRIO NUM. 4,METROPOLITANA,TUXTLA GUTIERREZ,CABECERA MUNICIPAL
PRECIPITACION,OCTUBRE 6. 2013,HIDROMETEOROLOGICOS,33.883,1,1,20.096,92,14,17.55,-92.34,ENCHARCAMIENTO EN CALLES Y VIVIENDAS,TULIJA TSELTAL-CHOL,SALTO DE AGUA,CABECERA MUNICIPAL
PRECIPITACION,OCTUBRE 6. 2013,HIDROMETEOROLOGICOS,33.918,1,1,6.644,120,4,16.41,-92.76,ENCHARCAMIENTOS EN VIVIENDAS,DE LOS LLANOS,VENUSTIANO CARRANZA,BELISARIO DOMINGUEZ
PRECIPITACION,OCTUBRE 6. 2013,HIDROMETEOROLOGICOS,33.922,1,1,1.081,116,10,14.82,-92.24,ENCHARCAMIENTO DE LA COMUNIDAD SECCION OMOA,SOCONUSCO,TUXTLA CHICO,OMOHA
VERIFICACIONES,OCTUBRE 7. 2013,ACCIONES DE PREVENCION,33.939,52,8,4.365,83,8,17.52,-93.11,OBRAS DE MITIGACION. DESASOLVE DE ARROYOS,NORTE,PICHUCALCO,GENERAL EMILIANO ZAPATA (ZOQUE)
FRENTE FRIO,OCTUBRE 7. 2013,HIDROMETEOROLOGICOS,33.946,61,1,20.084,80,13,17.55,-91.98,ENCHARCAMIENTOS EN VIVIENDAS,MAYA,PALENQUE,CABECERA MUNICIPAL
PRECIPITACION,OCTUBRE 7. 2013,HIDROMETEOROLOGICOS,33.95,1,1,1.26,63,8,17.78,-93.03,RECORRIDO DE ALERTAMIENTO,NORTE,JUAREZ,LAS MIRANDAS
PRECIPITACION,OCTUBRE 7. 2013,HIDROMETEOROLOGICOS,33.952,1,1,1.074,89,8,17.98,-93.28,ENCHARCAMIENTO EN MACAYO 3ERA.,NORTE,REFORMA,MACAYO 3RA. SECCION
BAJA PRESION,OCTUBRE 8. 2013,HIDROMETEOROLOGICOS,33.957,2,1,20.053,49,11,15.66,-92.14,DESBORDAMIENTO DEL RIO XAMAIPAK,SIERRA MARISCAL,FRONTERA COMALAPA,CABECERA MUNICIPAL
FRENTE FRIO,OCTUBRE 8. 2013,HIDROMETEOROLOGICOS,33.959,61,1,20.097,93,5,16.73,-92.63,EVACUACION PREVENTIVA POR CRECIDA DE ARROYO,ALTOS TSOTSIL-TSELTAL,SAN CRISTOBAL DE LAS CASAS,CABECERA MUNICIPAL
BAJA PRESION,OCTUBRE 8. 2013,HIDROMETEOROLOGICOS,33.989,2,1,5.909,49,11,15.68,-92,DESBORDAMIENTO DEL RIO SANTO DOMINGO,SIERRA MARISCAL,FRONTERA COMALAPA,NUEVA LINDA
PRECIPITACION,OCTUBRE 8. 2013,HIDROMETEOROLOGICOS,34.002,1,1,392,120,4,16.47,-92.42,INCREMENTO DE NIVEL LAGUNA AGUACATENANGO,DE LOS LLANOS,VENUSTIANO CARRANZA,AGUACATENANGO
PRECIPITACION,OCTUBRE 9. 2013,HIDROMETEOROLOGICOS,34.025,1,1,20.06,56,15,16.25,-92.02,SESION EXTRAORDINARIO DE PROTECCION CIVIL SOBRE EL FRENTE FRIO NUMERO 4,MESETA COMITECA TOJOLABAL,LA INDEPENDENCIA,CABECERA MUNICIPAL
VERIFICACIONES,OCTUBRE 11. 2013,ACCIONES DE PREVENCION,34.107,52,8,20.087,83,8,17.52,-93.13,RECORRIDO DE VERIFICACION POR CONAGUA EN EL ARROYO EL CRISTO,NORTE,PICHUCALCO,CABECERA MUNICIPAL
VERIFICACIONES,OCTUBRE 11. 2013,ACCIONES DE PREVENCION,34.108,52,8,20.087,83,8,17.52,-93.12,SENALETICA POR INUNDACION EN PICHUCALCO,NORTE,PICHUCALCO,CABECERA MUNICIPAL
ENTREGA DE AYUDA HUMANITARIA,OCTUBRE 13. 2013,ACCIONES DE PREVENCION,34.179,97,8,1.284,80,13,17.79,-91.79,ENTREGA AYUDA HUMANITARIA,MAYA,PALENQUE,CALATRABA
AFECTACIONES POR LLUVIAS,OCTUBRE 7. 2013,HIDROMETEOROLOGICOS,34.256,80,1,1.057,21,11,15.43,-92.11,AFECTACIONES POR FUERTES LLUVIAS,SIERRA MARISCAL,AMATENANGO DE LA FRONTERA,GUADALUPE VICTORIA
BAJA PRESION,OCTUBRE 16. 2013,HIDROMETEOROLOGICOS,34.288,2,1,20.119,115,1,16.73,-93.17,TORMENTA TROPICAL RAYMOND,METROPOLITANA,TUXTLA GUTIERREZ,CABECERA MUNICIPAL
PRECIPITACION,OCTUBRE 16. 2013,HIDROMETEOROLOGICOS,34.327,1,1,2.811,87,7,17.21,-92.84,AFECTACION A VIVIENDAS,DE LOS BOSQUES,PUEBLO NUEVO SOLISTAHUACAN,ANO DE JUAREZ
ENTREGA DE AYUDA HUMANITARIA,OCTUBRE 25. 2013,ACCIONES DE PREVENCION,34.601,97,8,7.335,67,15,16.51,-92.12,ENTREGA DE AYUDA HUMANITARIA,MESETA COMITECA TOJOLABAL,LAS MARGARITAS,SAN ANTONIO BAWITZ
PRECIPITACION,OCTUBRE 26. 2013,HIDROMETEOROLOGICOS,34.625,1,1,210,74,12,16.9,-92.09,VIVIENDAS AFECTADAS POR ENCHARCAMIENTOS EJIDO VIEJO LAS TACITAS Y NUEVA LAS TACITAS,SELVA LACANDONA,OCOSINGO,OCOSINGO
PRECIPITACION,OCTUBRE 26. 2013,HIDROMETEOROLOGICOS,34.631,1,1,1.388,89,8,17.91,-93.18,ENCHARCAMIENTO EN COMUNIDADES,NORTE,REFORMA,SAN MIGUEL 1RA. SECCION
PRECIPITACION,OCTUBRE 26. 2013,HIDROMETEOROLOGICOS,34.633,1,1,952,89,8,17.98,-93.28,POSIBLE ENCHARCAMIENTO EN MACAYO 1 Y ZAPOTAL 3,NORTE,REFORMA,MACAYO 1RA. SECCION (LAS MERCEDES)
PRECIPITACION,OCTUBRE 26. 2013,HIDROMETEOROLOGICOS,34.636,1,1,20.096,92,14,17.56,-92.33,SESION DE CONSEJO MUNICIPAL DE PC POR SEGUIMIENTO DE EMERGENCIA,TULIJA TSELTAL-CHOL,SALTO DE AGUA,CABECERA MUNICIPAL
PRECIPITACION,OCTUBRE 26. 2013,HIDROMETEOROLOGICOS,34.646,1,1,250,116,10,14.62,-92.25,AFECTACIONES POR LLUVIAS.,SOCONUSCO,TUXTLA CHICO,TUXTLA CHICO
TORMENTA TROPICAL,OCTUBRE 27. 2013,HIDROMETEOROLOGICOS,34.653,5,1,11.418,56,15,16.25,-92.02,RECORRIDOS A SANTA RITA EL VERGEL,MESETA COMITECA TOJOLABAL,LA INDEPENDENCIA,SANTA RITA EL VERGEL
ONDA TROPICAL,OCTUBRE 26. 2013,HIDROMETEOROLOGICOS,34.697,3,1,1.106,69,10,14.81,-92.48,INDUNDACIONES DE VIVIENDAS,SOCONUSCO,MAZATAN,CUATRO CAMINOS
AFECTACIONES POR LLUVIAS,OCTUBRE 28. 2013,HIDROMETEOROLOGICOS,34.721,80,1,1.095,83,8,17.5,-93.11,AFECTACION POR DESBORDAMIENTO DE RIO,NORTE,PICHUCALCO,BLANQUILLO 2DA. SECCION
PRECIPITACION,OCTUBRE 29. 2013,HIDROMETEOROLOGICOS,34.792,1,1,8.158,52,10,15.02,-92.5,VERIFICACION SOBRE AFECTACIONES.,SOCONUSCO,HUEHUETAN,SANTA MARIA
FRENTE FRIO,OCTUBRE 31. 2013,HIDROMETEOROLOGICOS,34.91,61,1,20.035,31,13,17.73,-92.01,AUMENTO DEL NIVEL DEL RIO CALATRABA,MAYA,CATAZAJA,CABECERA MUNICIPAL
PRECIPITACION,NOVIEMBRE 1. 2013,HIDROMETEOROLOGICOS,34.987,1,1,20.127,123,14,17.17,-92.33,MONITOREO POR FF-10 EN REGION TULIJA TZELTAL CHOL,TULIJA TSELTAL-CHOL,YAJALON,CABECERA MUNICIPAL
PRECIPITACION,NOVIEMBRE 2. 2013,HIDROMETEOROLOGICOS,35.005,1,1,1.074,89,8,17.98,-93.28,SE ACUDE A MACAYO 3ERA A PETICION DEL AGENTE MUNICIPAL POR LAS FUERTES LLUVIAS,NORTE,REFORMA,MACAYO 3RA. SECCION
PRECIPITACION,NOVIEMBRE 3. 2013,HIDROMETEOROLOGICOS,35.023,1,1,20.084,80,13,17.51,-91.98,AFECTACIONES EN PALENQUE,MAYA,PALENQUE,CABECERA MUNICIPAL
PRECIPITACION,NOVIEMBRE 4. 2013,HIDROMETEOROLOGICOS,35.076,1,1,2.095,117,10,15.12,-92.44,VERIFICACION DE VIVIENDAS ENCHARCADAS POR LAS LLUVIAS,SOCONUSCO,TUZANTAN,SEGUNDO CANTON
ENCHARCAMIENTO,NOVIEMBRE 4. 2013,HIDROMETEOROLOGICOS,35.1,69,1,1.109,30,10,15.04,-92.18,APOYO POR ENCHARCAMIENTO A VIVIENDA,SOCONUSCO,CACAHOATAN,EL CARMEN
TORMENTA TROPICAL,NOVIEMBRE 6. 2013,HIDROMETEOROLOGICOS,35.136,5,1,489,31,13,17.72,-92.01,DISTRIBUCION DE AYUDA HUMANITARIA.,MAYA,CATAZAJA,CUYO (ALVARO OBREGON)
PRECIPITACION,NOVIEMBRE 5. 2013,HIDROMETEOROLOGICOS,35.137,1,1,20.034,30,10,15.04,-92.18,VERIFICACIONES A CASA POR INUNDACION,SOCONUSCO,CACAHOATAN,CABECERA MUNICIPAL
ONDA TROPICAL,NOVIEMBRE 6. 2013,HIDROMETEOROLOGICOS,35.15,3,1,1.284,80,13,17.78,-91.79,AFECTACION DE CAMINO,MAYA,PALENQUE,CALATRABA
AFECTACIONES POR LLUVIAS,NOVIEMBRE 7. 2013,HIDROMETEOROLOGICOS,35.185,80,1,1.071,60,8,17.49,-93,AFECTACION DE VIVIENDAS FF11 EJIDO LLANOS DE MORELOS NUEVO POBLADO,NORTE,IXTAPANGAJOYA,LLANOS MORELOS 1RA. SECCION
FRENTE FRIO,NOVIEMBRE 7. 2013,HIDROMETEOROLOGICOS,35.19,61,1,645,48,3,17.31,-93.25,AFECTACIONES DE VIVIENDASPOR FF-11,MEZCALAPA,FRANCISCO LEON,SAN JOSE MASPAC
FRENTE FRIO,NOVIEMBRE 7. 2013,HIDROMETEOROLOGICOS,35.193,61,1,20.019,89,8,17.81,-93.13,ENCHARCAMIENTO,NORTE,REFORMA,EJIDO PASCACIO GAMBOA
PRECIPITACION,NOVIEMBRE 7. 2013,HIDROMETEOROLOGICOS,35.204,1,1,20.081,77,8,17.41,-93.34,DANOS A CAMINOS. VIVIENDAS. SISTEMA DE AGUA ENTUBADA Y CULTIVOS POR EL FF11,NORTE,OSTUACAN,CABECERA MUNICIPAL
INUNDACION FLUVIAL,NOVIEMBRE 8. 2013,HIDROMETEOROLOGICOS,35.225,67,1,4.969,83,8,17.59,-93.33,INUNDACIONES EN COMUNIDADES DE PICHUCALCO,NORTE,PICHUCALCO,PLATANAR ABAJO 1RA. SECCION (LOS MANGOS)
REUNIONES,NOVIEMBRE 9. 2013,ACCIONES DE PREVENCION,35.24,64,8,2.54,63,8,17.61,-93.21,TRABAJOS DE REDUCCION DE RIESGOS COMITE DE PREVENCION PUENTE SECO JUAREZ,NORTE,JUAREZ,MORELOS 2DA. SECCION
AFECTACIONES POR LLUVIAS,NOVIEMBRE 10. 2013,HIDROMETEOROLOGICOS,35.253,80,1,3.356,77,8,17.42,-93.35,PRELIMINAR,NORTE,OSTUACAN,LA PENA 1RA. SECCION
PRECIPITACION,NOVIEMBRE 10. 2013,HIDROMETEOROLOGICOS,35.261,1,1,2.54,63,8,17.8,-93.04,TRABAJOS DE PREBENCION POR LLUVIAS,NORTE,JUAREZ,MORELOS 2DA. SECCION
PRECIPITACION,NOVIEMBRE 10. 2013,HIDROMETEOROLOGICOS,35.295,1,1,490,63,8,17.6,-93.2,INUNDACION DE VIVIENDAS EN JUAREZ,NORTE,JUAREZ,DOCTOR BELISARIO DOMINGUEZ
FRENTE FRIO,NOVIEMBRE 11. 2013,HIDROMETEOROLOGICOS,35.32,61,1,20.119,115,1,16.73,-93.17,FRENTE FRIO NUMERO 12.,METROPOLITANA,TUXTLA GUTIERREZ,CABECERA MUNICIPAL
REUNIONES,NOVIEMBRE 11. 2013,ACCIONES DE PREVENCION,35.325,64,8,20.087,83,8,17.6,-93.2,SESION EXTRAORDINARIA CONSEJO REGIONAL DE PC ALERTAMIENTO DEL FF12,NORTE,PICHUCALCO,CABECERA MUNICIPAL
PRECIPITACION,NOVIEMBRE 12. 2013,HIDROMETEOROLOGICOS,35.338,1,1,20.084,80,13,17.51,-91.99,AFECTACIONES EN VIVIENDAS,MAYA,PALENQUE,CABECERA MUNICIPAL
PRECIPITACION,NOVIEMBRE 12. 2013,HIDROMETEOROLOGICOS,35.355,1,1,20.067,63,8,17.61,-93.2,AFECTACIONES EN CULTIVOS,NORTE,JUAREZ,CABECERA MUNICIPAL
PRECIPITACION,NOVIEMBRE 12. 2013,HIDROMETEOROLOGICOS,35.357,1,1,20.093,89,8,17.86,-93.16,ZONAS CRITICAS,NORTE,REFORMA,CABECERA MUNICIPAL
FRENTE FRIO,NOVIEMBRE 13. 2013,HIDROMETEOROLOGICOS,35.382,61,1,20.096,92,14,17.56,-92.33,ENCHARCAMIENTO DE VIVIENDAS POR DESBORDAMIENTO DE RIO SALTO DE AGUA,TULIJA TSELTAL-CHOL,SALTO DE AGUA,CABECERA MUNICIPAL
PRECIPITACION,NOVIEMBRE 13. 2013,HIDROMETEOROLOGICOS,35.389,1,1,1.388,89,8,17.91,-93.18,SE ACUDE A SAN MIGUEL 1ERA POR PERSONA ENCHARCADAS,NORTE,REFORMA,SAN MIGUEL 1RA. SECCION
PRECIPITACION,NOVIEMBRE 13. 2013,HIDROMETEOROLOGICOS,35.39,1,1,20.017,89,8,17.91,-93.12,SE APOYA EN EVACUACION A FAMILIA DE MIGUEL HIDALGO,NORTE,REFORMA,RANCHERIA MIGUEL HIDALGO
PRECIPITACION,NOVIEMBRE 13. 2013,HIDROMETEOROLOGICOS,35.393,1,1,1.13,89,8,17.98,-93.28,SE VA A INSPECCIONAR A MACAYO 4TA POSIBEL ENCHARCAMIENTO,NORTE,REFORMA,MACAYO 4TA. SECCION
PRECIPITACION,NOVIEMBRE 18. 2013,HIDROMETEOROLOGICOS,35.539,1,1,1.316,63,8,17.61,-93.2,OBRA DE REDUCCION DE RIESGO.,NORTE,JUAREZ,MORELOS 1RA. SECCION
REUNIONES,NOVIEMBRE 18. 2013,ACCIONES DE PREVENCION,35.587,64,8,20.12,116,10,14.93,-92.17,SESION ORDINARIA DEL CONSEJO REGIONAL DE PROTECCION CIVIL,SOCONUSCO,TUXTLA CHICO,CABECERA MUNICIPAL
BAJA PRESION,NOVIEMBRE 21. 2013,HIDROMETEOROLOGICOS,35.691,2,1,213,77,8,17.41,-93.34,BOLETIN DE PRENSA 451/13 EMITIDO POR LA SECRETARIA DE GOBERNACION,NORTE,OSTUACAN,OSTUACAN
FRENTE FRIO,NOVIEMBRE 25. 2013,HIDROMETEOROLOGICOS,35.836,61,1,2.221,67,15,16.35,-91.98,ENCHARCAMIENTOS EN VIVIENDAS,MESETA COMITECA TOJOLABAL,LAS MARGARITAS,LA ESPERANZA
REUNIONES,DICIEMBRE 10. 2013,ACCIONES DE PREVENCION,36.456,64,8,20.087,83,8,17.51,-93.12,FINANCIAMIENTO A LOCATARIOS DEL MERCADO EMBOVEDADO,NORTE,PICHUCALCO,CABECERA MUNICIPAL
PRECIPITACION,DICIEMBRE 11. 2013,HIDROMETEOROLOGICOS,36.544,1,1,450,83,8,17.55,-93.11,AFECTACIONES POR ALTAS PRECIPITACION,NORTE,PICHUCALCO,MARIANO MATAMOROS SEGUNDA SECCION
PRECIPITACION,DICIEMBRE 13. 2013,HIDROMETEOROLOGICOS,36.584,1,1,750,63,8,17.59,-93.11,ENCHARCAMIENTOS POR ESCURRIMIENTOS DE AGUA DE LLUVIA,NORTE,JUAREZ,GALEANA 1RA. SECCION
PRECIPITACION,DICIEMBRE 14. 2013,HIDROMETEOROLOGICOS,36.605,1,1,20.103,99,8,17.43,-93.03,AFECTACIONES POR LLUVIAS DEL F.FRIO 19,NORTE,SOLOSUCHIAPA,CABECERA MUNICIPAL
FRENTE FRIO,DICIEMBRE 14. 2013,HIDROMETEOROLOGICOS,36.609,61,1,20.087,83,8,17.51,-93.12,DESBORDAMIENTO DE RIO PICHUCALCO,NORTE,PICHUCALCO,CABECERA MUNICIPAL
FRENTE FRIO,DICIEMBRE 14. 2013,HIDROMETEOROLOGICOS,36.61,61,1,3.047,60,8,17.5,-92.99,AFECTACIONES POR LLUVIAS,NORTE,IXTAPANGAJOYA,NUEVO POBLADO LLANOS MORELOS
PRECIPITACION,DICIEMBRE 15. 2013,HIDROMETEOROLOGICOS,36.647,1,1,20.093,89,8,17.86,-93.16,ENCHARCAMIENTO EN ALGUNAS COMUNIDADES Y COLONIAS,NORTE,REFORMA,CABECERA MUNICIPAL
